geography_id,cbsa_code,cbsa_name,variable,row_count_x,count,missing_count,missing_pct,mean,median,std,p05,p25,p75,p95,min,max,iqr,mad,zero_pct,row_count_y,sector_count,year_count,panel_count,eligible_for_comparison,acs_population_growth,educational_attainment_pct,labor_force_participation_pct,median_household_income,unemployment_rate
3,10180,"Abilene, TX",startup_rate,164,164,0,0,5.7690825,5.8902381,3.1442432,0,3.8385079,7.6052934,11.063137,0,14.20765,3.7667855,1.9718,9.7560976,164,17,14,17,True,0.0059704142,21.55,60.45,47314.5,4.8
3,10180,"Abilene, TX",employment_growth,164,145,19,11.585366,0.017252409,0.023666416,0.086583941,-0.094575309,-0.013605442,0.046554085,0.14304351,-0.32962276,0.48837209,0.060159527,0.029923068,0,164,17,14,17,True,0.0059704142,21.55,60.45,47314.5,4.8
3,10180,"Abilene, TX",establishment_growth,164,145,19,11.585366,0.0064977509,0.0046296296,0.035440951,-0.048144499,-0.01055409,0.027777778,0.054824655,-0.11111111,0.13559322,0.038331867,0.019563919,9.6551724,164,17,14,17,True,0.0059704142,21.55,60.45,47314.5,4.8
3,10180,"Abilene, TX",payroll_growth,164,145,19,11.585366,0.05709182,0.057990517,0.11735173,-0.13711531,0.0041948644,0.1082052,0.21880524,-0.34531449,0.51825346,0.10401033,0.05359247,0,164,17,14,17,True,0.0059704142,21.55,60.45,47314.5,4.8
3,10180,"Abilene, TX",wage_growth,164,145,19,11.585366,0.037561585,0.039402754,0.048872543,-0.03445044,0.0097257733,0.063274336,0.10008237,-0.1065455,0.19868881,0.053548563,0.027467975,0,164,17,14,17,True,0.0059704142,21.55,60.45,47314.5,4.8
3,10180,"Abilene, TX",acs_population_growth,164,155,9,5.4878049,0.0067197034,0.0059704142,0.0045874102,0.0013390688,0.0046299897,0.0067784084,0.022684034,0.0013390688,0.022684034,0.0021484188,0.0013404245,0,164,17,14,17,True,0.0059704142,21.55,60.45,47314.5,4.8
3,10180,"Abilene, TX",unemployment_rate,164,164,0,0,4.6536585,4.8,1.4030375,2.7,3.3,5.7,6.7,2.7,6.7,2.4,1.5,0,164,17,14,17,True,0.0059704142,21.55,60.45,47314.5,4.8
3,10180,"Abilene, TX",educational_attainment_pct,164,164,0,0,22.798171,21.6,1.8325105,21.2,21.4,24.4,26.2,21.2,26.2,3,0.3,0,164,17,14,17,True,0.0059704142,21.55,60.45,47314.5,4.8
3,10180,"Abilene, TX",median_household_income,164,164,0,0,50261.915,47314.5,7432.9787,42339.7,44249,54857,66464,42286,66464,10608,3307.5,0,164,17,14,17,True,0.0059704142,21.55,60.45,47314.5,4.8
3,10180,"Abilene, TX",labor_force_participation_pct,164,164,0,0,60.534146,60.3,0.96652175,59.1,59.8,61.6,62.14,59.1,62.2,1.8,0.8,0,164,17,14,17,True,0.0059704142,21.55,60.45,47314.5,4.8
7,10420,"Akron, OH",startup_rate,217,217,0,0,5.5478996,5.3722903,2.6470545,1.3660619,3.8938053,7.1823204,9.5445232,0,20,3.2885151,1.6596188,5.0691244,217,19,14,19,True,-0.00079420895,30.35,64.95,52583.5,7.05
7,10420,"Akron, OH",employment_growth,217,201,16,7.3732719,0.0073719114,0.011537156,0.06124021,-0.075060533,-0.011102085,0.027894984,0.076641381,-0.29439252,0.33225806,0.038997069,0.019269886,0,217,19,14,19,True,-0.00079420895,30.35,64.95,52583.5,7.05
7,10420,"Akron, OH",establishment_growth,217,201,16,7.3732719,0.010785018,0.0069651741,0.032023997,-0.026315789,-0.0067911715,0.022072937,0.065642458,-0.075117371,0.18644068,0.028864108,0.014249942,2.9850746,217,19,14,19,True,-0.00079420895,30.35,64.95,52583.5,7.05
7,10420,"Akron, OH",payroll_growth,217,201,16,7.3732719,0.041594222,0.039809149,0.082085807,-0.046484237,0.014335534,0.066528178,0.14919675,-0.33293009,0.48112871,0.052192644,0.026719029,0,217,19,14,19,True,-0.00079420895,30.35,64.95,52583.5,7.05
7,10420,"Akron, OH",wage_growth,217,201,16,7.3732719,0.033697321,0.034061565,0.04367333,-0.02731571,0.0137901,0.052068319,0.095773937,-0.28890389,0.17217889,0.038278219,0.019284059,0,217,19,14,19,True,-0.00079420895,30.35,64.95,52583.5,7.05
7,10420,"Akron, OH",acs_population_growth,217,203,14,6.4516129,-0.00038624959,-0.00079420895,0.0015408333,-0.0027830616,-0.001168799,0.00032709111,0.0028635809,-0.0027830616,0.0028635809,0.0014958901,0.00091371692,0,217,19,14,19,True,-0.00079420895,30.35,64.95,52583.5,7.05
7,10420,"Akron, OH",unemployment_rate,217,217,0,0,7.4548387,6.6,1.9341921,5.2,5.7,9.5,10.5,5.2,10.5,3.8,1.4,0,217,19,14,19,True,-0.00079420895,30.35,64.95,52583.5,7.05
7,10420,"Akron, OH",educational_attainment_pct,217,217,0,0,30.700461,30.7,2.0996803,28.3,28.6,32.1,34.5,28.3,34.5,3.5,1.7,0,217,19,14,19,True,-0.00079420895,30.35,64.95,52583.5,7.05
7,10420,"Akron, OH",median_household_income,217,217,0,0,55906.945,53418,7214.4596,48570,50392,59313,71312,48570,71312,8921,3482,0,217,19,14,19,True,-0.00079420895,30.35,64.95,52583.5,7.05
7,10420,"Akron, OH",labor_force_participation_pct,217,217,0,0,65.243779,64.9,0.79934609,64.3,64.6,65.9,67,64.3,67,1.3,0.4,0,217,19,14,19,True,-0.00079420895,30.35,64.95,52583.5,7.05
10,10500,"Albany, GA",startup_rate,100,100,0,0,5.2558477,5.2393603,2.3207946,1.9125395,3.7296642,6.5814191,8.7772586,0,13.533835,2.8517548,1.4378363,3,100,12,14,12,True,-0.0050349061,19.05,58.4,39643,12.1
10,10500,"Albany, GA",employment_growth,100,80,20,20,0.0074968588,0.0088916338,0.059699868,-0.089453088,-0.026155423,0.041457377,0.088349408,-0.14475874,0.24679487,0.0676128,0.033753454,1.25,100,12,14,12,True,-0.0050349061,19.05,58.4,39643,12.1
10,10500,"Albany, GA",establishment_growth,100,80,20,20,-0.00724291,-0.0072005467,0.044698457,-0.075289661,-0.032923497,0.020820828,0.069913474,-0.14606742,0.11049724,0.053744326,0.026648251,3.75,100,12,14,12,True,-0.0050349061,19.05,58.4,39643,12.1
10,10500,"Albany, GA",payroll_growth,100,80,20,20,0.046567322,0.047420065,0.080668734,-0.069590395,-0.0021820811,0.086991796,0.16143574,-0.13608962,0.3299138,0.089173878,0.042172127,0,100,12,14,12,True,-0.0050349061,19.05,58.4,39643,12.1
10,10500,"Albany, GA",wage_growth,100,80,20,20,0.038972379,0.040188996,0.054635548,-0.060743517,0.014084269,0.059247149,0.13083338,-0.086129287,0.25842543,0.045162881,0.025262342,0,100,12,14,12,True,-0.0050349061,19.05,58.4,39643,12.1
10,10500,"Albany, GA",acs_population_growth,100,93,7,7,-0.0053346024,-0.0050349061,0.0097207493,-0.030470082,-0.0068074663,-0.0028991207,0.012663551,-0.030470082,0.012663551,0.0039083455,0.0020382845,0,100,12,14,12,True,-0.0050349061,19.05,58.4,39643,12.1
10,10500,"Albany, GA",unemployment_rate,100,100,0,0,11.272,11.65,2.4779056,8.1,8.5,13.35,15,8.1,15,4.85,2.75,0,100,12,14,12,True,-0.0050349061,19.05,58.4,39643,12.1
10,10500,"Albany, GA",educational_attainment_pct,100,100,0,0,19.281,19.7,2.3617617,16.1,16.6,20.7,23,16.1,23,4.1,2.2,0,100,12,14,12,True,-0.0050349061,19.05,58.4,39643,12.1
10,10500,"Albany, GA",median_household_income,100,100,0,0,42840.46,41736.5,6339.118,35885,36805,46323,54219,35885,54219,9518,4920,0,100,12,14,12,True,-0.0050349061,19.05,58.4,39643,12.1
10,10500,"Albany, GA",labor_force_participation_pct,100,100,0,0,58.493,58.4,0.7002532,57.5,58,58.8,60.2,57.5,60.2,0.8,0.4,0,100,12,14,12,True,-0.0050349061,19.05,58.4,39643,12.1
11,10540,"Albany, OR",startup_rate,207,207,0,0,5.9475251,5.8631922,3.9288242,0,3.7859594,8.9373281,11.851314,0,16.666667,5.1513687,2.587512,17.874396,207,19,14,19,True,0.0097059643,19.3,58.4,52097,7.9
11,10540,"Albany, OR",employment_growth,207,189,18,8.6956522,0.015420595,0.017618041,0.088200734,-0.11675091,-0.015270019,0.054976928,0.13277362,-0.46666667,0.372,0.070246947,0.033676435,0.52910053,207,19,14,19,True,0.0097059643,19.3,58.4,52097,7.9
11,10540,"Albany, OR",establishment_growth,207,189,18,8.6956522,0.030875501,0.02173913,0.1445888,-0.065058751,0,0.053571429,0.12109032,-0.53360215,1.7228916,0.053571429,0.02826087,7.9365079,207,19,14,19,True,0.0097059643,19.3,58.4,52097,7.9
11,10540,"Albany, OR",payroll_growth,207,189,18,8.6956522,0.057118612,0.055121391,0.098377984,-0.11030292,0.015084866,0.10294961,0.17888318,-0.30000123,0.63926132,0.087864747,0.042372056,0,207,19,14,19,True,0.0097059643,19.3,58.4,52097,7.9
11,10540,"Albany, OR",wage_growth,207,189,18,8.6956522,0.042461831,0.039563911,0.058871137,-0.032372077,0.014856375,0.066072258,0.11776698,-0.14704952,0.38806031,0.051215883,0.025631236,0,207,19,14,19,True,0.0097059643,19.3,58.4,52097,7.9
11,10540,"Albany, OR",acs_population_growth,207,151,56,27.05314,0.01002372,0.010111628,0.0053247552,-0.00012577034,0.0059271159,0.014833903,0.017726052,-0.00012577034,0.017726052,0.0089067873,0.0041845125,0,207,19,14,19,True,0.0097059643,19.3,58.4,52097,7.9
11,10540,"Albany, OR",unemployment_rate,207,166,41,19.806763,8.3325301,7.9,1.8952002,5.9,6.6,10.6,11.2,5.9,11.2,4,1.7,0,207,19,14,19,True,0.0097059643,19.3,58.4,52097,7.9
11,10540,"Albany, OR",educational_attainment_pct,207,166,41,19.806763,18.866265,19.3,1.2334998,16.9,17.5,19.8,20.8,16.9,20.8,2.3,1.1,0,207,19,14,19,True,0.0097059643,19.3,58.4,52097,7.9
11,10540,"Albany, OR",median_household_income,207,166,41,19.806763,55109.036,52097,9438.5533,44965,46782,63313,73396,44965,73396,16531,6453,0,207,19,14,19,True,0.0097059643,19.3,58.4,52097,7.9
11,10540,"Albany, OR",labor_force_participation_pct,207,166,41,19.806763,58.814458,58.4,0.91923981,57.6,58.1,59.9,60.5,57.6,60.5,1.8,0.4,0,207,19,14,19,True,0.0097059643,19.3,58.4,52097,7.9
12,10580,"Albany-Schenectady-Troy, NY",startup_rate,190,190,0,0,6.2270368,6.1212794,2.3405373,2.7545827,4.6108657,7.9985502,10.135294,0,11.954573,3.3876844,1.7069745,2.6315789,190,15,14,15,True,0.0026028848,35.8,65.15,64750.5,5.85
12,10580,"Albany-Schenectady-Troy, NY",employment_growth,190,172,18,9.4736842,0.008148923,0.011918245,0.056998128,-0.051713103,-0.0062336533,0.025455538,0.06097998,-0.37702504,0.23611111,0.031689191,0.014801365,0,190,15,14,15,True,0.0026028848,35.8,65.15,64750.5,5.85
12,10580,"Albany-Schenectady-Troy, NY",establishment_growth,190,172,18,9.4736842,0.0051800691,0.0020483781,0.031730836,-0.031508623,-0.0087472013,0.014889589,0.055899281,-0.1037234,0.18518519,0.023636791,0.012280695,3.4883721,190,15,14,15,True,0.0026028848,35.8,65.15,64750.5,5.85
12,10580,"Albany-Schenectady-Troy, NY",payroll_growth,190,172,18,9.4736842,0.045124245,0.040604494,0.063930428,-0.029215483,0.019118923,0.065247908,0.12856516,-0.30218029,0.35163944,0.046128985,0.024168945,0,190,15,14,15,True,0.0026028848,35.8,65.15,64750.5,5.85
12,10580,"Albany-Schenectady-Troy, NY",wage_growth,190,172,18,9.4736842,0.037060931,0.032444115,0.034452642,-0.0053520165,0.016814333,0.051917136,0.093263199,-0.096034109,0.18464951,0.035102803,0.017576227,0,190,15,14,15,True,0.0026028848,35.8,65.15,64750.5,5.85
12,10580,"Albany-Schenectady-Troy, NY",acs_population_growth,190,178,12,6.3157895,0.003348732,0.0026028848,0.0052298731,-0.0015660047,0.00071307455,0.0030278984,0.019867933,-0.0015660047,0.019867933,0.0023148239,0.00095681016,0,190,15,14,15,True,0.0026028848,35.8,65.15,64750.5,5.85
12,10580,"Albany-Schenectady-Troy, NY",unemployment_rate,190,190,0,0,5.8826316,5.6,1.0492948,4.6,5,6.8,7.7,4.6,7.7,1.8,0.9,0,190,15,14,15,True,0.0026028848,35.8,65.15,64750.5,5.85
12,10580,"Albany-Schenectady-Troy, NY",educational_attainment_pct,190,190,0,0,36.306842,36.1,2.6451924,32.6,34.1,38.6,40.9,32.6,40.9,4.5,2.5,0,190,15,14,15,True,0.0026028848,35.8,65.15,64750.5,5.85
12,10580,"Albany-Schenectady-Troy, NY",median_household_income,190,190,0,0,68307.089,65743,8790.2293,57781,61291,72810,86072,57781,86072,11519,5542,0,190,15,14,15,True,0.0026028848,35.8,65.15,64750.5,5.85
12,10580,"Albany-Schenectady-Troy, NY",labor_force_participation_pct,190,190,0,0,65.389474,65.1,0.80618951,64.1,64.9,66.2,66.6,64.1,66.6,1.3,0.65,0,190,15,14,15,True,0.0026028848,35.8,65.15,64750.5,5.85
16,10740,"Albuquerque, NM",startup_rate,123,123,0,0,6.4162635,6.4233577,2.196409,2.6477667,5.2435644,7.9224081,9.7164259,0,11.979167,2.6788437,1.2801307,0.81300813,123,16,14,16,True,0.0039971662,31,61.3,50246,6.8
16,10740,"Albuquerque, NM",employment_growth,123,98,25,20.325203,0.0097815822,0.010345215,0.059031459,-0.065509543,-0.013537579,0.035931564,0.08059872,-0.1486599,0.35962441,0.049469143,0.025488661,0,123,16,14,16,True,0.0039971662,31,61.3,50246,6.8
16,10740,"Albuquerque, NM",establishment_growth,123,98,25,20.325203,0.013824043,0.0051177922,0.045836871,-0.040878781,-0.011671816,0.02733673,0.082972125,-0.10951009,0.18172004,0.039008546,0.018368794,2.0408163,123,16,14,16,True,0.0039971662,31,61.3,50246,6.8
16,10740,"Albuquerque, NM",payroll_growth,123,98,25,20.325203,0.043975959,0.032133743,0.076726209,-0.059346328,0.010124025,0.072777148,0.14086437,-0.12228545,0.45473753,0.062653123,0.027265182,0,123,16,14,16,True,0.0039971662,31,61.3,50246,6.8
16,10740,"Albuquerque, NM",wage_growth,123,98,25,20.325203,0.033555487,0.029005601,0.036110139,-0.014520063,0.011793605,0.05068181,0.085763071,-0.070660446,0.17166282,0.038888204,0.020953964,0,123,16,14,16,True,0.0039971662,31,61.3,50246,6.8
16,10740,"Albuquerque, NM",acs_population_growth,123,117,6,4.8780488,0.0050899414,0.0039971662,0.0046085811,-0.0028362879,0.0023032663,0.0066006822,0.015602582,-0.0028362879,0.015602582,0.0042974159,0.0020530654,0,123,16,14,16,True,0.0039971662,31,61.3,50246,6.8
16,10740,"Albuquerque, NM",unemployment_rate,123,123,0,0,7.1512195,6.6,1.230045,5.5,6,8.4,9.1,5.5,9.1,2.4,1,0,123,16,14,16,True,0.0039971662,31,61.3,50246,6.8
16,10740,"Albuquerque, NM",educational_attainment_pct,123,123,0,0,31.502439,31.2,1.7786283,29.4,29.9,33,35,29.4,35,3.1,1.3,0,123,16,14,16,True,0.0039971662,31,61.3,50246,6.8
16,10740,"Albuquerque, NM",median_household_income,123,123,0,0,53244.496,50781,6031.484,48495,48875,55370,67995,48107,67995,6495,2118,0,123,16,14,16,True,0.0039971662,31,61.3,50246,6.8
16,10740,"Albuquerque, NM",labor_force_participation_pct,123,123,0,0,61.989431,61.2,1.3715381,60.8,61,63.3,64.3,60.8,65.1,2.3,0.4,0,123,16,14,16,True,0.0039971662,31,61.3,50246,6.8
18,10780,"Alexandria, LA",startup_rate,92,92,0,0,5.5022752,5.4342942,2.678193,0,4.125,6.9247502,10.0734,0,11.538462,2.7997502,1.4448514,9.7826087,92,12,14,12,False,-0.0001309629,18.3,56,42055.5,7.35
18,10780,"Alexandria, LA",employment_growth,92,72,20,21.73913,0.0095837763,-0.0029192545,0.06942478,-0.08269098,-0.024093485,0.038022515,0.12328267,-0.12778079,0.28481013,0.062116,0.029732658,1.3888889,92,12,14,12,False,-0.0001309629,18.3,56,42055.5,7.35
18,10780,"Alexandria, LA",establishment_growth,92,72,20,21.73913,0.0069050742,0.0065721316,0.043933941,-0.060616509,-0.013923878,0.026834245,0.078796342,-0.096491228,0.17156863,0.040758123,0.021283599,5.5555556,92,12,14,12,False,-0.0001309629,18.3,56,42055.5,7.35
18,10780,"Alexandria, LA",payroll_growth,92,72,20,21.73913,0.041608066,0.042733169,0.080728852,-0.079978675,-0.0003267152,0.082997125,0.17822263,-0.16203634,0.29615546,0.08332384,0.041426929,0,92,12,14,12,False,-0.0001309629,18.3,56,42055.5,7.35
18,10780,"Alexandria, LA",wage_growth,92,72,20,21.73913,0.032037723,0.028859939,0.046454718,-0.037776399,0.0104892,0.049319002,0.12865301,-0.12246431,0.17102698,0.038829802,0.019911713,0,92,12,14,12,False,-0.0001309629,18.3,56,42055.5,7.35
18,10780,"Alexandria, LA",acs_population_growth,92,84,8,8.6956522,-0.00046543564,1.5392242e-05,0.0035602603,-0.0063787288,-0.0033339755,0.0028821631,0.0044007214,-0.0074346992,0.0044007214,0.0062161387,0.003195753,0,92,12,14,12,False,-0.0001309629,18.3,56,42055.5,7.35
18,10780,"Alexandria, LA",unemployment_rate,92,92,0,0,7.3086957,7.7,1.2089094,5.5,6.2,8.1,8.9,4.8,8.9,1.9,1,0,92,12,14,12,False,-0.0001309629,18.3,56,42055.5,7.35
18,10780,"Alexandria, LA",educational_attainment_pct,92,92,0,0,18.280435,18.3,1.2401027,16.8,17.2,19,20.7,16.8,20.9,1.8,1.1,0,92,12,14,12,False,-0.0001309629,18.3,56,42055.5,7.35
18,10780,"Alexandria, LA",median_household_income,92,92,0,0,43930.902,41836,4728.2404,40402,40625,46367,55650,40402,56492,5742,1265,0,92,12,14,12,False,-0.0001309629,18.3,56,42055.5,7.35
18,10780,"Alexandria, LA",labor_force_participation_pct,92,92,0,0,55.845652,56,1.1811164,54.3,54.9,56.55,58.5,54.3,58.5,1.65,0.9,0,92,12,14,12,False,-0.0001309629,18.3,56,42055.5,7.35
21,10900,"Allentown-Bethlehem-Easton, PA-NJ",startup_rate,192,192,0,0,6.136425,5.8250087,2.425356,3.0112882,4.6202947,7.5130829,9.9509535,0,19.504132,2.8927882,1.4605722,1.5625,192,17,14,17,True,0.0035884809,28,64.6,61460,6.9
21,10900,"Allentown-Bethlehem-Easton, PA-NJ",employment_growth,192,171,21,10.9375,0.011447479,0.011659132,0.064962881,-0.076942205,-0.0097770004,0.037959209,0.10200055,-0.35502084,0.27052939,0.04773621,0.02495129,0,192,17,14,17,True,0.0035884809,28,64.6,61460,6.9
21,10900,"Allentown-Bethlehem-Easton, PA-NJ",establishment_growth,192,171,21,10.9375,0.0066632461,0.0043360434,0.026551517,-0.029313242,-0.0095406214,0.018898191,0.046630268,-0.065420561,0.12372635,0.028438813,0.014378646,0,192,17,14,17,True,0.0035884809,28,64.6,61460,6.9
21,10900,"Allentown-Bethlehem-Easton, PA-NJ",payroll_growth,192,171,21,10.9375,0.045702776,0.040739091,0.074802641,-0.039709063,0.017782619,0.075063141,0.15839951,-0.40315719,0.27550945,0.057280522,0.027063128,0,192,17,14,17,True,0.0035884809,28,64.6,61460,6.9
21,10900,"Allentown-Bethlehem-Easton, PA-NJ",wage_growth,192,171,21,10.9375,0.034106624,0.030035966,0.040738485,-0.012612548,0.014457269,0.047682252,0.092245554,-0.24528219,0.22474404,0.033224983,0.016779139,0,192,17,14,17,True,0.0035884809,28,64.6,61460,6.9
21,10900,"Allentown-Bethlehem-Easton, PA-NJ",acs_population_growth,192,179,13,6.7708333,0.0051678889,0.0035884809,0.0046498083,0.0021914288,0.0029929147,0.0048328507,0.019889096,0.0021914288,0.019889096,0.001839936,0.0011171813,0,192,17,14,17,True,0.0035884809,28,64.6,61460,6.9
21,10900,"Allentown-Bethlehem-Easton, PA-NJ",unemployment_rate,192,192,0,0,7.0140625,6.7,1.4479667,5.4,5.5,8.1,9.5,5.4,9.5,2.6,1.2,0,192,17,14,17,True,0.0035884809,28,64.6,61460,6.9
21,10900,"Allentown-Bethlehem-Easton, PA-NJ",educational_attainment_pct,192,192,0,0,28.586979,28.3,2.191819,25.9,26.7,30.6,32.7,25.9,32.7,3.9,1.9,0,192,17,14,17,True,0.0035884809,28,64.6,61460,6.9
21,10900,"Allentown-Bethlehem-Easton, PA-NJ",median_household_income,192,192,0,0,65012.651,62479,8126.4133,56908,58111,69769,82602,56908,82602,11658,4540.5,0,192,17,14,17,True,0.0035884809,28,64.6,61460,6.9
21,10900,"Allentown-Bethlehem-Easton, PA-NJ",labor_force_participation_pct,192,192,0,0,64.486458,64.6,0.36427358,63.9,64.1,64.7,65,63.9,65,0.6,0.35,0,192,17,14,17,True,0.0035884809,28,64.6,61460,6.9
24,11020,"Altoona, PA",startup_rate,193,193,0,0,3.8540557,3.6290323,2.8353589,0,2.2167488,5.6277056,8.5999032,0,12.631579,3.4109569,1.7555831,21.761658,193,19,14,19,True,-0.0039957119,19.95,59.2,44848.5,5.5
24,11020,"Altoona, PA",employment_growth,193,179,14,7.253886,0.014870954,0.0027163847,0.078496477,-0.080257261,-0.018514818,0.03456718,0.1298727,-0.16435477,0.63774403,0.053081997,0.024725954,0,193,19,14,19,True,-0.0039957119,19.95,59.2,44848.5,5.5
24,11020,"Altoona, PA",establishment_growth,193,179,14,7.253886,0.0063030498,0,0.04455332,-0.044545455,-0.016145833,0.021201678,0.071102248,-0.11711712,0.27586207,0.037347511,0.019512195,13.96648,193,19,14,19,True,-0.0039957119,19.95,59.2,44848.5,5.5
24,11020,"Altoona, PA",payroll_growth,193,179,14,7.253886,0.049728353,0.039344989,0.083166951,-0.064490716,0.0086061114,0.078075767,0.17764579,-0.13643873,0.5517179,0.069469655,0.036188198,0,193,19,14,19,True,-0.0039957119,19.95,59.2,44848.5,5.5
24,11020,"Altoona, PA",wage_growth,193,179,14,7.253886,0.035155188,0.032287555,0.04812127,-0.03904229,0.012485115,0.055591378,0.12011191,-0.16459211,0.2085382,0.043106263,0.022338871,0,193,19,14,19,True,-0.0039957119,19.95,59.2,44848.5,5.5
24,11020,"Altoona, PA",acs_population_growth,193,179,14,7.253886,-0.0030917282,-0.0039957119,0.0037247879,-0.0093791942,-0.0055312414,-0.0015180952,0.0052002123,-0.0093791942,0.0052002123,0.0040131462,0.00241329,0,193,19,14,19,True,-0.0039957119,19.95,59.2,44848.5,5.5
24,11020,"Altoona, PA",unemployment_rate,193,193,0,0,5.765285,5.2,1.2719273,4.2,4.7,7.1,7.7,4.2,7.7,2.4,0.9,0,193,19,14,19,True,-0.0039957119,19.95,59.2,44848.5,5.5
24,11020,"Altoona, PA",educational_attainment_pct,193,193,0,0,20.363212,20.3,2.2392437,17.3,18.4,22.3,24.1,17.3,24.1,3.9,1.9,0,193,19,14,19,True,-0.0039957119,19.95,59.2,44848.5,5.5
24,11020,"Altoona, PA",median_household_income,193,193,0,0,48138.109,45664,6031.5062,42363,43243,50856,60594,42363,60594,7613,2977,0,193,19,14,19,True,-0.0039957119,19.95,59.2,44848.5,5.5
24,11020,"Altoona, PA",labor_force_participation_pct,193,193,0,0,59.438342,59.1,0.74069319,58.7,58.7,60.2,60.8,58.7,60.8,1.5,0.4,0,193,19,14,19,True,-0.0039957119,19.95,59.2,44848.5,5.5
26,11100,"Amarillo, TX",startup_rate,22,22,0,0,5.8922108,5.5462342,3.1830579,2.2724868,4.6552784,6.1934696,9.9749612,1.8726592,17.647059,1.5381912,0.81362299,0,22,6,14,6,False,0.0060536156,23.35,65.25,52668.5,3.9
26,11100,"Amarillo, TX",employment_growth,22,13,9,40.909091,0.008384274,0.0073120011,0.022613322,-0.025944053,-0.0055128292,0.022938723,0.039141676,-0.026074459,0.047501932,0.028451552,0.015626722,0,22,6,14,6,False,0.0060536156,23.35,65.25,52668.5,3.9
26,11100,"Amarillo, TX",establishment_growth,22,13,9,40.909091,0.0037577566,0.0080183276,0.01886063,-0.028032468,-0.010428737,0.018575851,0.025113652,-0.034285714,0.029411765,0.029004588,0.012076235,0,22,6,14,6,False,0.0060536156,23.35,65.25,52668.5,3.9
26,11100,"Amarillo, TX",payroll_growth,22,13,9,40.909091,0.042635943,0.043465454,0.035380505,-0.0080880918,0.026421596,0.052313897,0.092747047,-0.020383842,0.12901019,0.025892301,0.015000141,0,22,6,14,6,False,0.0060536156,23.35,65.25,52668.5,3.9
26,11100,"Amarillo, TX",wage_growth,22,13,9,40.909091,0.033886705,0.022616184,0.022588815,0.0080050258,0.016738252,0.053278028,0.067194085,0.0056162972,0.07781299,0.036539776,0.016807167,0,22,6,14,6,False,0.0060536156,23.35,65.25,52668.5,3.9
26,11100,"Amarillo, TX",acs_population_growth,22,21,1,4.5454545,0.0069695813,0.0051133419,0.0047268297,0.0013818657,0.0034499662,0.0096432205,0.014984206,0.0013818657,0.017420391,0.0061932543,0.0033601134,0,22,6,14,6,False,0.0060536156,23.35,65.25,52668.5,3.9
26,11100,"Amarillo, TX",unemployment_rate,22,22,0,0,3.9772727,3.7,0.77085717,3.11,3.325,4.8,5.19,3.1,5.2,1.475,0.4,0,22,6,14,6,False,0.0060536156,23.35,65.25,52668.5,3.9
26,11100,"Amarillo, TX",educational_attainment_pct,22,22,0,0,23.931818,23.75,1.0678801,22.71,23,24.775,25.695,22.6,25.7,1.775,0.75,0,22,6,14,6,False,0.0060536156,23.35,65.25,52668.5,3.9
26,11100,"Amarillo, TX",median_household_income,22,22,0,0,54716.136,54288.5,6265.949,47265.6,49760.5,58172.25,66449.8,46384,66571,8411.75,4589.5,0,22,6,14,6,False,0.0060536156,23.35,65.25,52668.5,3.9
26,11100,"Amarillo, TX",labor_force_participation_pct,22,22,0,0,64.768182,65.1,1.3670916,62.725,63.45,65.55,67.07,62.7,67.6,2.1,0.9,0,22,6,14,6,False,0.0060536156,23.35,65.25,52668.5,3.9
28,11180,"Ames, IA",startup_rate,137,137,0,0,5.7308965,5.3030303,2.8983785,0,3.8461538,7.5555556,10.793651,0,16.27907,3.7094017,1.8308081,5.8394161,137,16,14,16,True,0.01122223,47.7,67.05,51970.5,4.95
28,11180,"Ames, IA",employment_growth,137,116,21,15.328467,0.026305021,0.016897376,0.067691955,-0.050643247,-0.0054036325,0.04781886,0.11995896,-0.21343402,0.36340852,0.053222492,0.027415144,0,137,16,14,16,True,0.01122223,47.7,67.05,51970.5,4.95
28,11180,"Ames, IA",establishment_growth,137,116,21,15.328467,0.018568205,0.011176324,0.041698853,-0.031503822,-0.0057832537,0.03688204,0.075916816,-0.082926829,0.1875,0.042665294,0.022807494,7.7586207,137,16,14,16,True,0.01122223,47.7,67.05,51970.5,4.95
28,11180,"Ames, IA",payroll_growth,137,116,21,15.328467,0.067898195,0.055882294,0.071314012,-0.021726603,0.027824727,0.093869341,0.19785886,-0.18646632,0.4362559,0.066044615,0.033156381,0,137,16,14,16,True,0.01122223,47.7,67.05,51970.5,4.95
28,11180,"Ames, IA",wage_growth,137,116,21,15.328467,0.041199148,0.04067227,0.038901764,-0.012952313,0.021598742,0.058979637,0.10519491,-0.083217402,0.16364171,0.037380895,0.018812259,0,137,16,14,16,True,0.01122223,47.7,67.05,51970.5,4.95
28,11180,"Ames, IA",acs_population_growth,137,127,10,7.2992701,0.029997392,0.011114157,0.071272348,-9.5790793e-05,0.003572945,0.013101928,0.27227049,-9.5790793e-05,0.27227049,0.0095289834,0.0022969983,0,137,16,14,16,True,0.01122223,47.7,67.05,51970.5,4.95
28,11180,"Ames, IA",unemployment_rate,137,137,0,0,4.9386861,4.9,0.5963428,4.1,4.4,5.4,6.2,4.1,6.2,1,0.5,0,137,16,14,16,True,0.01122223,47.7,67.05,51970.5,4.95
28,11180,"Ames, IA",educational_attainment_pct,137,137,0,0,47.345985,47.7,2.1805967,44.3,45.5,48.5,51.1,44.3,51.1,3,2.2,0,137,16,14,16,True,0.01122223,47.7,67.05,51970.5,4.95
28,11180,"Ames, IA",median_household_income,137,137,0,0,56676.745,52671,7515.2002,48248,50516,63814,71090,48248,71090,13298,2988,0,137,16,14,16,True,0.01122223,47.7,67.05,51970.5,4.95
28,11180,"Ames, IA",labor_force_participation_pct,137,137,0,0,67.229927,66.6,1.7573528,65.3,65.8,68.1,71.2,65.3,71.2,2.3,0.9,0,137,16,14,16,True,0.01122223,47.7,67.05,51970.5,4.95
29,11200,"Amherst Town-Northampton, MA",startup_rate,233,233,0,0,4.7600501,4.8484848,3.3804792,0,3,6.6666667,9.7962623,0,21.428571,3.6666667,1.8384452,20.600858,233,19,14,19,True,,51.1,61.6,86391,5.1
29,11200,"Amherst Town-Northampton, MA",employment_growth,233,218,15,6.4377682,0.009403866,0.013818081,0.091297869,-0.114945,-0.021709729,0.042095876,0.13075912,-0.42987805,0.33422819,0.063805605,0.034469151,2.293578,233,19,14,19,True,,51.1,61.6,86391,5.1
29,11200,"Amherst Town-Northampton, MA",establishment_growth,233,218,15,6.4377682,0.018401355,0,0.16130219,-0.056355066,-0.011913234,0.035057048,0.10519068,-0.66816143,2.1498638,0.046970282,0.022415975,15.137615,233,19,14,19,True,,51.1,61.6,86391,5.1
29,11200,"Amherst Town-Northampton, MA",payroll_growth,233,218,15,6.4377682,0.045548211,0.04235161,0.097744807,-0.10153381,0.0035302015,0.087288168,0.20430037,-0.31281067,0.43817095,0.083757967,0.042437001,0,233,19,14,19,True,,51.1,61.6,86391,5.1
29,11200,"Amherst Town-Northampton, MA",wage_growth,233,218,15,6.4377682,0.037313019,0.03100711,0.057069969,-0.040899943,0.0070326452,0.05772779,0.12463014,-0.085233562,0.28264868,0.050695145,0.025776794,0,233,19,14,19,True,,51.1,61.6,86391,5.1
29,11200,"Amherst Town-Northampton, MA",acs_population_growth,233,0,233,100,,,,,,,,,,,,,233,19,14,19,True,,51.1,61.6,86391,5.1
29,11200,"Amherst Town-Northampton, MA",unemployment_rate,233,15,218,93.562232,5.1,5.1,9.1935201e-16,5.1,5.1,5.1,5.1,5.1,5.1,0,0,0,233,19,14,19,True,,51.1,61.6,86391,5.1
29,11200,"Amherst Town-Northampton, MA",educational_attainment_pct,233,15,218,93.562232,51.1,51.1,7.3548161e-15,51.1,51.1,51.1,51.1,51.1,51.1,0,0,0,233,19,14,19,True,,51.1,61.6,86391,5.1
29,11200,"Amherst Town-Northampton, MA",median_household_income,233,15,218,93.562232,86391,86391,0,86391,86391,86391,86391,86391,86391,0,0,0,233,19,14,19,True,,51.1,61.6,86391,5.1
29,11200,"Amherst Town-Northampton, MA",labor_force_participation_pct,233,15,218,93.562232,61.6,61.6,7.3548161e-15,61.6,61.6,61.6,61.6,61.6,61.6,0,0,0,233,19,14,19,True,,51.1,61.6,86391,5.1
31,11260,"Anchorage, AK",startup_rate,240,240,0,0,6.8405197,6.7256137,3.8109992,0,5.3897292,8.3333333,11.909524,0,34.615385,2.9436042,1.4929064,7.0833333,240,19,14,19,True,0.0034170854,30.95,71,79974.5,6.8
31,11260,"Anchorage, AK",employment_growth,240,218,22,9.1666667,0.0025001151,0.0050188802,0.071173703,-0.089493497,-0.01944084,0.027702592,0.097582593,-0.37825059,0.49787234,0.047143432,0.024317227,0.91743119,240,19,14,19,True,0.0034170854,30.95,71,79974.5,6.8
31,11260,"Anchorage, AK",establishment_growth,240,218,22,9.1666667,0.015824136,0.0085890136,0.03966443,-0.031063021,-0.0044240808,0.026874777,0.087007869,-0.072289157,0.22222222,0.031298858,0.016322384,5.0458716,240,19,14,19,True,0.0034170854,30.95,71,79974.5,6.8
31,11260,"Anchorage, AK",payroll_growth,240,218,22,9.1666667,0.031607995,0.03200356,0.087255647,-0.10249215,0.00081141091,0.06568905,0.15312144,-0.46882871,0.60813678,0.064877639,0.032575813,0,240,19,14,19,True,0.0034170854,30.95,71,79974.5,6.8
31,11260,"Anchorage, AK",wage_growth,240,218,22,9.1666667,0.028526482,0.029429364,0.037495653,-0.030631009,0.00915494,0.04681701,0.089513935,-0.14568976,0.1547061,0.03766207,0.019498438,0,240,19,14,19,True,0.0034170854,30.95,71,79974.5,6.8
31,11260,"Anchorage, AK",acs_population_growth,240,224,16,6.6666667,0.0062270881,0.0034170854,0.0068243126,-0.0016917933,0.00054086538,0.013613234,0.017589195,-0.0016917933,0.017589195,0.013072369,0.0036624228,0,240,19,14,19,True,0.0034170854,30.95,71,79974.5,6.8
31,11260,"Anchorage, AK",unemployment_rate,240,240,0,0,6.8354167,6.7,0.95279584,4.9,6.3,7.8,8,4.9,8,1.5,0.9,0,240,19,14,19,True,0.0034170854,30.95,71,79974.5,6.8
31,11260,"Anchorage, AK",educational_attainment_pct,240,240,0,0,31.430417,31,1.4405194,29.7,30.1,32.7,34,29.7,34,2.6,0.95,0,240,19,14,19,True,0.0034170854,30.95,71,79974.5,6.8
31,11260,"Anchorage, AK",median_household_income,240,240,0,0,81146.354,80724,6819.5677,71769,75992,83048,95918,71769,95918,7056,4732,0,240,19,14,19,True,0.0034170854,30.95,71,79974.5,6.8
31,11260,"Anchorage, AK",labor_force_participation_pct,240,240,0,0,70.340417,70.8,1.9537947,67.2,68.2,72,73,67.2,73,3.8,1.5,0,240,19,14,19,True,0.0034170854,30.95,71,79974.5,6.8
35,11460,"Ann Arbor, MI",startup_rate,237,237,0,0,5.7236967,5.9322034,2.9028332,0,4.6153846,7.3770492,10.281355,0,14.516129,2.7616646,1.4183145,11.392405,237,19,14,19,True,0.0073697292,53.75,64.8,64051,5.85
35,11460,"Ann Arbor, MI",employment_growth,237,217,20,8.4388186,0.013230171,0.017268446,0.076206876,-0.10822991,-0.014140271,0.048398091,0.1219719,-0.36475736,0.29300156,0.062538363,0.031408717,0,237,19,14,19,True,0.0073697292,53.75,64.8,64051,5.85
35,11460,"Ann Arbor, MI",establishment_growth,237,217,20,8.4388186,0.020938126,0.014367816,0.058833301,-0.055717172,-0.012024048,0.054054054,0.11977713,-0.25,0.28152866,0.066078102,0.032367816,4.6082949,237,19,14,19,True,0.0073697292,53.75,64.8,64051,5.85
35,11460,"Ann Arbor, MI",payroll_growth,237,217,20,8.4388186,0.046979197,0.048560196,0.075444459,-0.065677769,0.0058451851,0.081788736,0.176132,-0.26372896,0.37293781,0.075943551,0.037468662,0,237,19,14,19,True,0.0073697292,53.75,64.8,64051,5.85
35,11460,"Ann Arbor, MI",wage_growth,237,217,20,8.4388186,0.035209605,0.031896416,0.058070279,-0.044456867,0.0095646132,0.054440052,0.12071129,-0.12242268,0.54590599,0.044875438,0.022481556,0.46082949,237,19,14,19,True,0.0073697292,53.75,64.8,64051,5.85
35,11460,"Ann Arbor, MI",acs_population_growth,237,218,19,8.0168776,0.0054368315,0.0073697292,0.005564552,-0.0058991268,0.0028391003,0.0095704336,0.012315046,-0.0058991268,0.012315046,0.0067313332,0.0036479436,0,237,19,14,19,True,0.0073697292,53.75,64.8,64051,5.85
35,11460,"Ann Arbor, MI",unemployment_rate,237,237,0,0,6.4493671,6.3,1.8660804,4.2,4.7,8.4,9.1,4.2,9.1,3.7,1.7,0,237,19,14,19,True,0.0073697292,53.75,64.8,64051,5.85
35,11460,"Ann Arbor, MI",educational_attainment_pct,237,237,0,0,53.940084,53.2,2.6092317,50.8,51.3,56.7,58.1,50.8,58.1,5.4,2.2,0,237,19,14,19,True,0.0073697292,53.75,64.8,64051,5.85
35,11460,"Ann Arbor, MI",median_household_income,237,237,0,0,67946.329,62484,9569.308,59055,59737,75730,87156,59055,87156,15993,3421,0,237,19,14,19,True,0.0073697292,53.75,64.8,64051,5.85
35,11460,"Ann Arbor, MI",labor_force_participation_pct,237,237,0,0,64.886498,64.8,0.73478001,63.5,64.4,65.5,65.8,63.5,65.8,1.1,0.7,0,237,19,14,19,True,0.0073697292,53.75,64.8,64051,5.85
36,11500,"Anniston-Oxford, AL",startup_rate,190,190,0,0,4.5060984,4.2781972,3.6826974,0,1.5751684,6.9128172,11.311475,0,17.647059,5.3376487,2.684107,24.736842,190,17,14,17,True,-0.0025650421,17.8,57,42820,10.9
36,11500,"Anniston-Oxford, AL",employment_growth,190,176,14,7.3684211,-0.0050960409,0,0.064561632,-0.11739831,-0.032271472,0.023977818,0.083903092,-0.23511905,0.31325301,0.05624929,0.026727191,1.7045455,190,17,14,17,True,-0.0025650421,17.8,57,42820,10.9
36,11500,"Anniston-Oxford, AL",establishment_growth,190,176,14,7.3684211,0.010037702,0,0.058442002,-0.078525641,-0.013911174,0.035121328,0.10355737,-0.18181818,0.35483871,0.049032502,0.022657271,15.340909,190,17,14,17,True,-0.0025650421,17.8,57,42820,10.9
36,11500,"Anniston-Oxford, AL",payroll_growth,190,176,14,7.3684211,0.027701175,0.022175692,0.13333715,-0.099607022,-0.014392316,0.055818768,0.14029297,-0.33638598,1.342893,0.070211084,0.035108056,0,190,17,14,17,True,-0.0025650421,17.8,57,42820,10.9
36,11500,"Anniston-Oxford, AL",wage_growth,190,176,14,7.3684211,0.032553876,0.023658138,0.10715851,-0.040400888,0.0062804184,0.056673249,0.095141387,-0.33097146,1.2401426,0.050392831,0.023545984,0,190,17,14,17,True,-0.0025650421,17.8,57,42820,10.9
36,11500,"Anniston-Oxford, AL",acs_population_growth,190,176,14,7.3684211,-0.00083756458,-0.0025650421,0.0058797831,-0.0065581922,-0.0041703592,-0.00018078201,0.018377594,-0.0065581922,0.018377594,0.0039895772,0.0019204056,0,190,17,14,17,True,-0.0025650421,17.8,57,42820,10.9
36,11500,"Anniston-Oxford, AL",unemployment_rate,190,190,0,0,10.198421,10.1,2.6745613,6.4,7.3,12.3,14.2,6.4,14.2,5,2.5,0,190,17,14,17,True,-0.0025650421,17.8,57,42820,10.9
36,11500,"Anniston-Oxford, AL",educational_attainment_pct,190,190,0,0,17.783684,17.9,1.4224939,15.8,16.1,18.9,20.5,15.8,20.5,2.8,1.3,0,190,17,14,17,True,-0.0025650421,17.8,57,42820,10.9
36,11500,"Anniston-Oxford, AL",median_household_income,190,190,0,0,45099.679,43686,5674.9189,38407,40093,50128,55826,38407,55826,10035,3724,0,190,17,14,17,True,-0.0025650421,17.8,57,42820,10.9
36,11500,"Anniston-Oxford, AL",labor_force_participation_pct,190,190,0,0,57.096316,57,0.67544781,55.8,56.6,57.6,58.2,55.8,58.2,1,0.4,0,190,17,14,17,True,-0.0025650421,17.8,57,42820,10.9
37,11540,"Appleton, WI",startup_rate,140,140,0,0,5.2715516,4.870931,2.7024484,1.5686813,3.4086798,6.7397583,9.7748447,0,15.217391,3.3310785,1.654816,2.8571429,140,16,14,16,True,0.0064161721,28.2,71.1,62627.5,3.25
37,11540,"Appleton, WI",employment_growth,140,120,20,14.285714,0.01160471,0.012499577,0.054126469,-0.04495483,-0.0079005537,0.036849383,0.076493621,-0.27037037,0.21150592,0.044749937,0.021772022,0.83333333,140,16,14,16,True,0.0064161721,28.2,71.1,62627.5,3.25
37,11540,"Appleton, WI",establishment_growth,140,120,20,14.285714,0.0083936785,0.0027031957,0.033851656,-0.034426344,-0.012012654,0.027155737,0.078371579,-0.078125,0.095354523,0.039168391,0.019303262,5,140,16,14,16,True,0.0064161721,28.2,71.1,62627.5,3.25
37,11540,"Appleton, WI",payroll_growth,140,120,20,14.285714,0.048872631,0.047057487,0.059091627,-0.029680844,0.021816509,0.084067831,0.1241745,-0.17616039,0.20385224,0.062251322,0.030656501,0,140,16,14,16,True,0.0064161721,28.2,71.1,62627.5,3.25
37,11540,"Appleton, WI",wage_growth,140,120,20,14.285714,0.037151646,0.034853365,0.030460407,-0.0013414195,0.019473655,0.055307098,0.083467775,-0.066546513,0.15658755,0.035833443,0.017025669,0,140,16,14,16,True,0.0064161721,28.2,71.1,62627.5,3.25
37,11540,"Appleton, WI",acs_population_growth,140,130,10,7.1428571,0.0071744115,0.0064161721,0.0038385931,0.0045489233,0.0051182372,0.0069284167,0.02074871,0.0045489233,0.02074871,0.0018101795,0.00062796643,0,140,16,14,16,True,0.0064161721,28.2,71.1,62627.5,3.25
37,11540,"Appleton, WI",unemployment_rate,140,140,0,0,3.8707143,3.5,1.1335623,2.6,2.9,5.3,5.5,2.6,5.5,2.4,0.8,0,140,16,14,16,True,0.0064161721,28.2,71.1,62627.5,3.25
37,11540,"Appleton, WI",educational_attainment_pct,140,140,0,0,28.355,28,1.9576937,25.7,26.7,30,32.1,25.7,32.1,3.3,1.6,0,140,16,14,16,True,0.0064161721,28.2,71.1,62627.5,3.25
37,11540,"Appleton, WI",median_household_income,140,140,0,0,65254.629,61840,7875.8718,57036,59751,70261,83919,57036,83919,10510,3191,0,140,16,14,16,True,0.0064161721,28.2,71.1,62627.5,3.25
37,11540,"Appleton, WI",labor_force_participation_pct,140,140,0,0,71.202857,71.1,0.90481866,69.7,70.7,71.6,73.2,69.7,73.2,0.9,0.4,0,140,16,14,16,True,0.0064161721,28.2,71.1,62627.5,3.25
43,11700,"Asheville, NC",startup_rate,143,143,0,0,8.322945,8.2150101,2.820213,4.6069428,6.2682971,10.365412,12.773259,0,17.58794,4.0971151,1.9650101,0.6993007,143,12,14,12,True,0.0095897241,33.3,59.2,47301,5.2
43,11700,"Asheville, NC",employment_growth,143,130,13,9.0909091,0.030598174,0.032593835,0.069602286,-0.068004723,0.0015452835,0.057992319,0.14779346,-0.325,0.22457912,0.056447036,0.029294096,0,143,12,14,12,True,0.0095897241,33.3,59.2,47301,5.2
43,11700,"Asheville, NC",establishment_growth,143,130,13,9.0909091,0.041815915,0.037863906,0.041706137,-0.010009349,0.012262348,0.062583063,0.11675234,-0.074249605,0.19287834,0.050320715,0.025285969,0,143,12,14,12,True,0.0095897241,33.3,59.2,47301,5.2
43,11700,"Asheville, NC",payroll_growth,143,130,13,9.0909091,0.077360084,0.076738644,0.093199687,-0.036510267,0.031225684,0.10861017,0.24391866,-0.2415547,0.58256785,0.07738449,0.037589266,0,143,12,14,12,True,0.0095897241,33.3,59.2,47301,5.2
43,11700,"Asheville, NC",wage_growth,143,130,13,9.0909091,0.04553541,0.038427056,0.055869223,-0.012145919,0.013237544,0.062287157,0.12815564,-0.059381654,0.44391861,0.049049613,0.024732834,0,143,12,14,12,True,0.0095897241,33.3,59.2,47301,5.2
43,11700,"Asheville, NC",acs_population_growth,143,136,7,4.8951049,-0.00083334996,0.0095897241,0.036981843,-0.1249606,0.0093081447,0.010227512,0.013527988,-0.1249606,0.013527988,0.00091936708,0.00063778772,0,143,12,14,12,True,0.0095897241,33.3,59.2,47301,5.2
43,11700,"Asheville, NC",unemployment_rate,143,143,0,0,5.4888112,4.6,2.1034882,3.2,3.5,7.8,8.7,3.2,8.7,4.3,1.3,0,143,12,14,12,True,0.0095897241,33.3,59.2,47301,5.2
43,11700,"Asheville, NC",educational_attainment_pct,143,143,0,0,33.765035,34.1,3.8318579,28.8,30,36.5,41.2,28.1,41.2,6.5,3,0,143,12,14,12,True,0.0095897241,33.3,59.2,47301,5.2
43,11700,"Asheville, NC",median_household_income,143,143,0,0,51204.28,48159,8064.2481,44006,44512,54992,69236,44006,69236,10480,3910,0,143,12,14,12,True,0.0095897241,33.3,59.2,47301,5.2
43,11700,"Asheville, NC",labor_force_participation_pct,143,143,0,0,59.425175,59.2,0.78771094,58.4,59,59.8,60.9,58.4,61.4,0.8,0.2,0,143,12,14,12,True,0.0095897241,33.3,59.2,47301,5.2
50,12020,"Athens-Clarke County, GA",startup_rate,93,93,0,0,6.5434909,6.5789474,2.2490152,2.8751406,5.0505051,8.1632653,10.093492,1.6853933,11.747851,3.1127603,1.5429761,0,93,9,14,9,False,0.010829293,36,60.3,42021,6.65
50,12020,"Athens-Clarke County, GA",employment_growth,93,81,12,12.903226,0.020889692,0.022954092,0.050606357,-0.072923985,0.00090103619,0.041936179,0.10151692,-0.12373848,0.18404502,0.041035143,0.02195058,0,93,9,14,9,False,0.010829293,36,60.3,42021,6.65
50,12020,"Athens-Clarke County, GA",establishment_growth,93,81,12,12.903226,0.010981306,0.014981273,0.039167256,-0.057906459,-0.0062794349,0.034120735,0.072100313,-0.12919897,0.089775561,0.04040017,0.019956398,6.1728395,93,9,14,9,False,0.010829293,36,60.3,42021,6.65
50,12020,"Athens-Clarke County, GA",payroll_growth,93,81,12,12.903226,0.062632991,0.061997903,0.067803105,-0.044628612,0.029486725,0.10248843,0.1796003,-0.12253543,0.23884663,0.073001701,0.038642458,0,93,9,14,9,False,0.010829293,36,60.3,42021,6.65
50,12020,"Athens-Clarke County, GA",wage_growth,93,81,12,12.903226,0.041228171,0.035803561,0.050848699,-0.034225052,0.0047890348,0.067176288,0.11326764,-0.048409979,0.24886554,0.062387253,0.031168154,0,93,9,14,9,False,0.010829293,36,60.3,42021,6.65
50,12020,"Athens-Clarke County, GA",acs_population_growth,93,84,9,9.6774194,0.011220385,0.010829293,0.0023247034,0.0072301645,0.0098732978,0.012442055,0.015362659,0.0072301645,0.015362659,0.0025687577,0.0015968444,0,93,9,14,9,False,0.010829293,36,60.3,42021,6.65
50,12020,"Athens-Clarke County, GA",unemployment_rate,93,93,0,0,6.6010753,6.9,1.3002922,4.9,5.3,7.5,8.6,4.5,8.6,2.2,1.2,0,93,9,14,9,False,0.010829293,36,60.3,42021,6.65
50,12020,"Athens-Clarke County, GA",educational_attainment_pct,93,93,0,0,37.109677,35.6,3.1229886,34.1,34.4,39.4,42.6,34.1,43.5,5,1.3,0,93,9,14,9,False,0.010829293,36,60.3,42021,6.65
50,12020,"Athens-Clarke County, GA",median_household_income,93,93,0,0,45274.72,41624,6414.2543,40308,40951,47214,59130,40308,62897,6263,997,0,93,9,14,9,False,0.010829293,36,60.3,42021,6.65
50,12020,"Athens-Clarke County, GA",labor_force_participation_pct,93,93,0,0,60.239785,60.3,1.2676699,58.4,59,61.4,61.9,58.4,62,2.4,1.3,0,93,9,14,9,False,0.010829293,36,60.3,42021,6.65
51,12060,"Atlanta-Sandy Springs-Roswell, GA",startup_rate,65,65,0,0,9.2385244,8.6094159,2.716351,5.5479527,7.3807107,11.096433,13.854782,4.2146756,16.37457,3.7157226,1.8329915,0,65,6,14,6,False,0.014354448,36.75,67.35,60458,7.6
51,12060,"Atlanta-Sandy Springs-Roswell, GA",employment_growth,65,56,9,13.846154,0.019724511,0.02591422,0.028065141,-0.048894467,0.012422042,0.033407135,0.046904914,-0.1055238,0.056881069,0.020985093,0.0096952555,0,65,6,14,6,False,0.014354448,36.75,67.35,60458,7.6
51,12060,"Atlanta-Sandy Springs-Roswell, GA",establishment_growth,65,56,9,13.846154,0.01834744,0.021507038,0.036720008,-0.056541951,0.0033128511,0.043680124,0.063980923,-0.098287784,0.082988533,0.040367273,0.02121665,0,65,6,14,6,False,0.014354448,36.75,67.35,60458,7.6
51,12060,"Atlanta-Sandy Springs-Roswell, GA",payroll_growth,65,56,9,13.846154,0.052871815,0.050011832,0.039313732,-0.0182541,0.033042139,0.074303958,0.1147862,-0.062733159,0.13705846,0.04126182,0.020484114,0,65,6,14,6,False,0.014354448,36.75,67.35,60458,7.6
51,12060,"Atlanta-Sandy Springs-Roswell, GA",wage_growth,65,56,9,13.846154,0.03257399,0.029129112,0.02810947,-0.0017098921,0.016404083,0.047661518,0.078677433,-0.056999912,0.092862663,0.031257434,0.014545379,0,65,6,14,6,False,0.014354448,36.75,67.35,60458,7.6
51,12060,"Atlanta-Sandy Springs-Roswell, GA",acs_population_growth,65,60,5,7.6923077,0.014260154,0.01423007,0.0014536271,0.011286046,0.013484552,0.014839466,0.016569818,0.011286046,0.017314935,0.001354914,0.00070072792,0,65,6,14,6,False,0.014354448,36.75,67.35,60458,7.6
51,12060,"Atlanta-Sandy Springs-Roswell, GA",unemployment_rate,65,65,0,0,7.3476923,7,2.3427486,5,5.2,9.5,11.38,5,11.5,4.3,2,0,65,6,14,6,False,0.014354448,36.75,67.35,60458,7.6
51,12060,"Atlanta-Sandy Springs-Roswell, GA",educational_attainment_pct,65,65,0,0,37.664615,37,2.4456869,34.4,35.3,40.4,41.5,34.4,41.5,5.1,2.1,0,65,6,14,6,False,0.014354448,36.75,67.35,60458,7.6
51,12060,"Atlanta-Sandy Springs-Roswell, GA",median_household_income,65,65,0,0,66458.154,61733,10093.919,56607.6,57550,75267,86338,56605,86338,17717,5115,0,65,6,14,6,False,0.014354448,36.75,67.35,60458,7.6
51,12060,"Atlanta-Sandy Springs-Roswell, GA",labor_force_participation_pct,65,65,0,0,67.706154,67.3,0.98914056,67,67.1,67.6,70.1,67,70.1,0.5,0.3,0,65,6,14,6,False,0.014354448,36.75,67.35,60458,7.6
52,12100,"Atlantic City-Hammonton, NJ",startup_rate,216,216,0,0,5.8431402,5.9234893,2.8784722,0,4.0546539,7.9044528,10.300493,0,13.461538,3.8497989,1.8955018,9.2592593,216,19,14,19,True,0.0013274658,26.25,65.55,56485,10.15
52,12100,"Atlantic City-Hammonton, NJ",employment_growth,216,197,19,8.7962963,0.00039630228,0.0060098932,0.072261098,-0.1301522,-0.025576255,0.032498991,0.1058276,-0.32885347,0.36037492,0.058075246,0.02805389,0.50761421,216,19,14,19,True,0.0013274658,26.25,65.55,56485,10.15
52,12100,"Atlantic City-Hammonton, NJ",establishment_growth,216,197,19,8.7962963,-0.0026584465,-0.0029325513,0.043466152,-0.061254874,-0.021621622,0.014705882,0.07040421,-0.15789474,0.15426997,0.036327504,0.018666817,5.5837563,216,19,14,19,True,0.0013274658,26.25,65.55,56485,10.15
52,12100,"Atlantic City-Hammonton, NJ",payroll_growth,216,197,19,8.7962963,0.029120332,0.02825802,0.094532196,-0.11765696,-0.014706225,0.067101795,0.17006309,-0.31030293,0.54616343,0.08180802,0.03900023,0,216,19,14,19,True,0.0013274658,26.25,65.55,56485,10.15
52,12100,"Atlantic City-Hammonton, NJ",wage_growth,216,197,19,8.7962963,0.028735631,0.026804124,0.057980249,-0.053887223,0.0039391593,0.048262367,0.13661952,-0.16025277,0.29585247,0.044323208,0.022864964,0,216,19,14,19,True,0.0013274658,26.25,65.55,56485,10.15
52,12100,"Atlantic City-Hammonton, NJ",acs_population_growth,216,200,16,7.4074074,0.023771769,0.0013274658,0.089930157,-0.016073954,-0.0054677665,0.0020335129,0.34847761,-0.016073954,0.34847761,0.0075012794,0.0053416834,0,216,19,14,19,True,0.0013274658,26.25,65.55,56485,10.15
52,12100,"Atlantic City-Hammonton, NJ",unemployment_rate,216,216,0,0,10.289352,10.7,1.7998262,7.6,8.6,11.9,13.1,7.6,13.1,3.3,1.8,0,216,19,14,19,True,0.0013274658,26.25,65.55,56485,10.15
52,12100,"Atlantic City-Hammonton, NJ",educational_attainment_pct,216,216,0,0,26.6125,26.6,2.6933305,23.2,24.2,28.275,32.9,23.2,32.9,4.075,2.2,0,216,19,14,19,True,0.0013274658,26.25,65.55,56485,10.15
52,12100,"Atlantic City-Hammonton, NJ",median_household_income,216,216,0,0,60139.884,57514,7538.7047,54235,54559,62502.5,80600,54235,80600,7943.5,3053,0,216,19,14,19,True,0.0013274658,26.25,65.55,56485,10.15
52,12100,"Atlantic City-Hammonton, NJ",labor_force_participation_pct,216,216,0,0,65.268056,65.2,1.4987896,61.9,64.4,66.4,67.3,61.9,67.3,2,1.2,0,216,19,14,19,True,0.0013274658,26.25,65.55,56485,10.15
55,12220,"Auburn-Opelika, AL",startup_rate,94,94,0,0,7.7583986,7.1147357,4.5085701,1.6666667,5.1780116,10.201605,15.910364,0,25,5.0235933,2.3348539,5.3191489,94,12,14,12,False,0.021072513,34.25,61.2,46310,5.9
55,12220,"Auburn-Opelika, AL",employment_growth,94,74,20,21.276596,0.0209629,0.023072437,0.053603424,-0.055690769,-0.016373659,0.055498023,0.10028906,-0.13719512,0.17784615,0.071871683,0.036478794,0,94,12,14,12,False,0.021072513,34.25,61.2,46310,5.9
55,12220,"Auburn-Opelika, AL",establishment_growth,94,74,20,21.276596,0.037864046,0.028753003,0.041504783,-0.017172131,0.0083508403,0.06025927,0.11756623,-0.03960396,0.15662651,0.05190843,0.025358417,5.4054054,94,12,14,12,False,0.021072513,34.25,61.2,46310,5.9
55,12220,"Auburn-Opelika, AL",payroll_growth,94,74,20,21.276596,0.064789105,0.058471571,0.060305607,-0.019075953,0.021868567,0.094001237,0.17817871,-0.065828227,0.23726103,0.07213267,0.037361238,0,94,12,14,12,False,0.021072513,34.25,61.2,46310,5.9
55,12220,"Auburn-Opelika, AL",wage_growth,94,74,20,21.276596,0.043388156,0.038156178,0.037786621,-0.0094607908,0.0178849,0.064241354,0.11063495,-0.028772407,0.16684422,0.046356454,0.024755909,0,94,12,14,12,False,0.021072513,34.25,61.2,46310,5.9
55,12220,"Auburn-Opelika, AL",acs_population_growth,94,86,8,8.5106383,0.029582801,0.021335363,0.027494836,0.012363341,0.017177851,0.023441017,0.12270023,0.011708426,0.12270023,0.0062631652,0.0032641059,0,94,12,14,12,False,0.021072513,34.25,61.2,46310,5.9
55,12220,"Auburn-Opelika, AL",unemployment_rate,94,94,0,0,6.8031915,6.1,2.1103662,3.8,4.7,9.1,9.7,3.8,9.7,4.4,2.05,0,94,12,14,12,False,0.021072513,34.25,61.2,46310,5.9
55,12220,"Auburn-Opelika, AL",educational_attainment_pct,94,94,0,0,34.541489,34.1,3.0534102,30.9,31.3,36.4,40.2,30.9,40.2,5.1,2.3,0,94,12,14,12,False,0.021072513,34.25,61.2,46310,5.9
55,12220,"Auburn-Opelika, AL",median_household_income,94,94,0,0,48081.043,45056,6357.3846,40894,43189,52930,59288,40894,59288,9741,2736,0,94,12,14,12,False,0.021072513,34.25,61.2,46310,5.9
55,12220,"Auburn-Opelika, AL",labor_force_participation_pct,94,94,0,0,61.412766,61.4,1.3602051,59.2,60.1,62.7,63.5,59.2,63.5,2.6,1.3,0,94,12,14,12,False,0.021072513,34.25,61.2,46310,5.9
56,12260,"Augusta-Richmond County, GA-SC",startup_rate,80,80,0,0,5.8555242,5.6890986,1.9473453,3.0643164,4.5909626,7.1180161,8.8620813,1.3745704,11.597938,2.5270535,1.3036512,0,80,8,14,8,False,0.0085983745,24.8,60.1,48121,8.75
56,12260,"Augusta-Richmond County, GA-SC",employment_growth,80,67,13,16.25,0.0037407476,0.012517385,0.054949201,-0.091797298,-0.015390868,0.033180117,0.08213137,-0.17119081,0.1274744,0.048570985,0.024177239,0,80,8,14,8,False,0.0085983745,24.8,60.1,48121,8.75
56,12260,"Augusta-Richmond County, GA-SC",establishment_growth,80,67,13,16.25,0.003443927,0.0044893378,0.032579366,-0.052897797,-0.016683416,0.023103005,0.048786371,-0.08850365,0.092391304,0.03978642,0.019276769,2.9850746,80,8,14,8,False,0.0085983745,24.8,60.1,48121,8.75
56,12260,"Augusta-Richmond County, GA-SC",payroll_growth,80,67,13,16.25,0.038705788,0.042247435,0.069847544,-0.07715834,0.016293007,0.06612986,0.1428141,-0.20912187,0.31110067,0.049836853,0.025435424,0,80,8,14,8,False,0.0085983745,24.8,60.1,48121,8.75
56,12260,"Augusta-Richmond County, GA-SC",wage_growth,80,67,13,16.25,0.034684096,0.029748982,0.03580159,-0.00177286,0.017795031,0.045082974,0.083660134,-0.080137296,0.20712543,0.027287943,0.013319433,0,80,8,14,8,False,0.0085983745,24.8,60.1,48121,8.75
56,12260,"Augusta-Richmond County, GA-SC",acs_population_growth,80,73,7,8.75,0.0099736515,0.0085983745,0.0047036935,0.0039153944,0.0081100015,0.0094844034,0.024379733,0.0039153944,0.024379733,0.0013744018,0.00076574841,0,80,8,14,8,False,0.0085983745,24.8,60.1,48121,8.75
56,12260,"Augusta-Richmond County, GA-SC",unemployment_rate,80,80,0,0,8.56875,8.8,1.5284305,6.1,7,9.8,10.9,6.1,10.9,2.8,1.1,0,80,8,14,8,False,0.0085983745,24.8,60.1,48121,8.75
56,12260,"Augusta-Richmond County, GA-SC",educational_attainment_pct,80,80,0,0,25.14875,24.7,1.7924592,23.2,23.6,26.7,28.8,23.2,28.8,3.1,1.15,0,80,8,14,8,False,0.0085983745,24.8,60.1,48121,8.75
56,12260,"Augusta-Richmond County, GA-SC",median_household_income,80,80,0,0,50901.375,47178,7024.4384,44354,45762,55049,66628,44354,66628,9287,2016,0,80,8,14,8,False,0.0085983745,24.8,60.1,48121,8.75
56,12260,"Augusta-Richmond County, GA-SC",labor_force_participation_pct,80,80,0,0,60.20625,60.1,0.76130197,59.2,59.4,60.9,61.4,59.2,61.4,1.5,0.7,0,80,8,14,8,False,0.0085983745,24.8,60.1,48121,8.75
59,12420,"Austin-Round Rock-San Marcos, TX",startup_rate,227,227,0,0,10.470548,10.392157,2.8335259,6.4105519,8.5970287,12.191973,15.204938,0,23.684211,3.5949439,1.7964122,0.44052863,227,19,14,19,True,0.028871983,42.45,70.9,67905,5.05
59,12420,"Austin-Round Rock-San Marcos, TX",employment_growth,227,205,22,9.69163,0.04571737,0.046344235,0.061393895,-0.03718136,0.025655528,0.074446173,0.12385039,-0.23459699,0.37853107,0.048790644,0.023898818,0,227,19,14,19,True,0.028871983,42.45,70.9,67905,5.05
59,12420,"Austin-Round Rock-San Marcos, TX",establishment_growth,227,205,22,9.69163,0.041594539,0.042157325,0.034722379,-0.015518696,0.023583412,0.061250532,0.099490502,-0.082191781,0.16569018,0.037667119,0.019093207,1.4634146,227,19,14,19,True,0.028871983,42.45,70.9,67905,5.05
59,12420,"Austin-Round Rock-San Marcos, TX",payroll_growth,227,205,22,9.69163,0.089324611,0.086727874,0.10609616,-0.065537751,0.057836792,0.12889013,0.23554821,-0.43905332,0.59974929,0.071053336,0.034220852,0,227,19,14,19,True,0.028871983,42.45,70.9,67905,5.05
59,12420,"Austin-Round Rock-San Marcos, TX",wage_growth,227,205,22,9.69163,0.041552785,0.038125838,0.082083442,-0.028345755,0.018912818,0.062122236,0.12735413,-0.43025098,0.66403076,0.043209418,0.022348262,0,227,19,14,19,True,0.028871983,42.45,70.9,67905,5.05
59,12420,"Austin-Round Rock-San Marcos, TX",acs_population_growth,227,211,16,7.0484581,0.028902286,0.028871983,0.0015726938,0.026615839,0.027829556,0.02973235,0.032930053,0.026615839,0.032930053,0.0019027946,0.00097181027,0,227,19,14,19,True,0.028871983,42.45,70.9,67905,5.05
59,12420,"Austin-Round Rock-San Marcos, TX",unemployment_rate,227,227,0,0,5.5127753,4.7,1.2460077,4.2,4.3,6.9,7.5,4.2,7.5,2.6,0.5,0,227,19,14,19,True,0.028871983,42.45,70.9,67905,5.05
59,12420,"Austin-Round Rock-San Marcos, TX",educational_attainment_pct,227,227,0,0,43.548018,42.9,3.3481778,39.5,40.6,46,49.9,39.5,49.9,5.4,2.9,0,227,19,14,19,True,0.028871983,42.45,70.9,67905,5.05
59,12420,"Austin-Round Rock-San Marcos, TX",median_household_income,227,227,0,0,72273.344,69717,12926.295,57561,60830,80852,97638,57561,97638,20022,10071,0,227,19,14,19,True,0.028871983,42.45,70.9,67905,5.05
59,12420,"Austin-Round Rock-San Marcos, TX",labor_force_participation_pct,227,227,0,0,70.829515,70.9,0.4598588,70.2,70.3,71.2,71.5,70.2,71.5,0.9,0.4,0,227,19,14,19,True,0.028871983,42.45,70.9,67905,5.05
62,12540,"Bakersfield-Delano, CA",startup_rate,254,254,0,0,7.469858,7.3885246,3.8293543,0,5.3593824,9.4999672,13.366891,0,27.292818,4.1405848,2.07284,5.9055118,254,19,14,19,True,0.0085007293,15.75,58.75,50307,11.15
62,12540,"Bakersfield-Delano, CA",employment_growth,254,236,18,7.0866142,0.015372254,0.020122061,0.085762309,-0.12042676,-0.026982389,0.054712394,0.14256641,-0.39755818,0.36813912,0.081694783,0.040558952,0.42372881,254,19,14,19,True,0.0085007293,15.75,58.75,50307,11.15
62,12540,"Bakersfield-Delano, CA",establishment_growth,254,236,18,7.0866142,0.027718006,0.019070686,0.17014487,-0.061199477,0,0.037081979,0.098228833,-0.80230285,2.3795265,0.037081979,0.018690538,2.5423729,254,19,14,19,True,0.0085007293,15.75,58.75,50307,11.15
62,12540,"Bakersfield-Delano, CA",payroll_growth,254,236,18,7.0866142,0.048121768,0.053812972,0.089687959,-0.097258996,0.002421918,0.089487209,0.17114843,-0.27930834,0.43907508,0.087065291,0.045521549,0,254,19,14,19,True,0.0085007293,15.75,58.75,50307,11.15
62,12540,"Bakersfield-Delano, CA",wage_growth,254,236,18,7.0866142,0.033300287,0.029093981,0.045659568,-0.029989063,0.0092336795,0.053915892,0.10663839,-0.1671568,0.28040898,0.044682213,0.022834529,0,254,19,14,19,True,0.0085007293,15.75,58.75,50307,11.15
62,12540,"Bakersfield-Delano, CA",acs_population_growth,254,236,18,7.0866142,0.0085391043,0.0085007293,0.0043345785,0.0013680872,0.0051956111,0.011230789,0.016625127,0.0013680872,0.016625127,0.0060351777,0.0033051182,0,254,19,14,19,True,0.0085007293,15.75,58.75,50307,11.15
62,12540,"Bakersfield-Delano, CA",unemployment_rate,254,254,0,0,11.024803,11.15,1.8154081,8.4,9.1,12.7,13.7,8.4,13.7,3.6,1.75,0,254,19,14,19,True,0.0085007293,15.75,58.75,50307,11.15
62,12540,"Bakersfield-Delano, CA",educational_attainment_pct,254,254,0,0,16.092913,15.75,1.2784428,14.6,15,17.1,18.6,14.6,18.6,2.1,0.85,0,254,19,14,19,True,0.0085007293,15.75,58.75,50307,11.15
62,12540,"Bakersfield-Delano, CA",median_household_income,254,254,0,0,52860.961,50307,6116.148,47089,48552,54851,67660,47089,67660,6299,2433,0,254,19,14,19,True,0.0085007293,15.75,58.75,50307,11.15
62,12540,"Bakersfield-Delano, CA",labor_force_participation_pct,254,254,0,0,58.764173,58.75,0.5334798,58,58.3,59.3,59.7,58,59.7,1,0.55,0,254,19,14,19,True,0.0085007293,15.75,58.75,50307,11.15
63,12580,"Baltimore-Columbia-Towson, MD",startup_rate,193,193,0,0,6.8026912,6.899841,2.0008536,3.5765912,5.5106263,8.287037,9.7331269,0.89552239,11.904762,2.7764107,1.3892147,0,193,16,14,16,True,0.0040192414,38.4,67.25,74223.5,6.35
63,12580,"Baltimore-Columbia-Towson, MD",employment_growth,193,172,21,10.880829,0.004301726,0.0080722401,0.054545519,-0.078781309,-0.006020003,0.02349871,0.069643392,-0.33981341,0.20191032,0.029518713,0.01518142,0,193,16,14,16,True,0.0040192414,38.4,67.25,74223.5,6.35
63,12580,"Baltimore-Columbia-Towson, MD",establishment_growth,193,172,21,10.880829,0.012875643,0.009323223,0.03820117,-0.026462238,-0.0034240809,0.020057696,0.060799493,-0.043333333,0.33436533,0.023481777,0.011443693,0,193,16,14,16,True,0.0040192414,38.4,67.25,74223.5,6.35
63,12580,"Baltimore-Columbia-Towson, MD",payroll_growth,193,172,21,10.880829,0.035522776,0.037329923,0.051899771,-0.054683187,0.017945929,0.060496806,0.10906934,-0.22962943,0.2070189,0.042550876,0.020372749,0,193,16,14,16,True,0.0040192414,38.4,67.25,74223.5,6.35
63,12580,"Baltimore-Columbia-Towson, MD",wage_growth,193,172,21,10.880829,0.032128453,0.027929189,0.038760712,-0.012211297,0.015060443,0.044418788,0.096522331,-0.18843608,0.25564804,0.029358345,0.014884523,0,193,16,14,16,True,0.0040192414,38.4,67.25,74223.5,6.35
63,12580,"Baltimore-Columbia-Towson, MD",acs_population_growth,193,178,15,7.7720207,0.0043225896,0.0040192414,0.0036203499,-0.00020985879,0.0012469346,0.0067579366,0.013144424,-0.00020985879,0.013144424,0.005511002,0.0027540909,0,193,16,14,16,True,0.0040192414,38.4,67.25,74223.5,6.35
63,12580,"Baltimore-Columbia-Towson, MD",unemployment_rate,193,193,0,0,6.3518135,6,1.2876454,4.7,5.1,7.5,8.4,4.7,8.4,2.4,1.1,0,193,16,14,16,True,0.0040192414,38.4,67.25,74223.5,6.35
63,12580,"Baltimore-Columbia-Towson, MD",educational_attainment_pct,193,193,0,0,38.62228,38.7,2.8334444,34.6,36,41,43.3,34.6,43.3,5,2.7,0,193,16,14,16,True,0.0040192414,38.4,67.25,74223.5,6.35
63,12580,"Baltimore-Columbia-Towson, MD",median_household_income,193,193,0,0,77623.855,75646,9882.6726,66195,69367,83811,97300,66195,97300,14444,7030,0,193,16,14,16,True,0.0040192414,38.4,67.25,74223.5,6.35
63,12580,"Baltimore-Columbia-Towson, MD",labor_force_participation_pct,193,193,0,0,67.353368,67.2,0.60372244,66.5,66.8,68,68.3,66.5,68.3,1.2,0.5,0,193,16,14,16,True,0.0040192414,38.4,67.25,74223.5,6.35
64,12620,"Bangor, ME",startup_rate,212,212,0,0,5.3737746,5.2073337,3.219074,0,3.4409078,7.4150597,10.999791,0,13.953488,3.9741519,1.9700051,14.622642,212,18,14,18,True,-0.00014318349,25.45,61.15,46594,6.4
64,12620,"Bangor, ME",employment_growth,212,198,14,6.6037736,0.017700855,0.0088957107,0.15668646,-0.086572903,-0.011812444,0.038751977,0.11374666,-0.47489362,1.7676864,0.050564421,0.025943367,0,212,18,14,18,True,-0.00014318349,25.45,61.15,46594,6.4
64,12620,"Bangor, ME",establishment_growth,212,198,14,6.6037736,0.015119146,0.0086385498,0.061062576,-0.052889016,-0.012898724,0.036798538,0.12321066,-0.22303207,0.29433962,0.049697263,0.025187825,8.5858586,212,18,14,18,True,-0.00014318349,25.45,61.15,46594,6.4
64,12620,"Bangor, ME",payroll_growth,212,198,14,6.6037736,0.053732844,0.041481673,0.14398932,-0.052326988,0.013792405,0.079468919,0.17202283,-0.56546214,1.5622446,0.065676514,0.032776268,0,212,18,14,18,True,-0.00014318349,25.45,61.15,46594,6.4
64,12620,"Bangor, ME",wage_growth,212,198,14,6.6037736,0.037747842,0.034268292,0.0542165,-0.022150012,0.015001127,0.056757392,0.10529305,-0.29593645,0.45409347,0.041756265,0.020500511,0,212,18,14,18,True,-0.00014318349,25.45,61.15,46594,6.4
64,12620,"Bangor, ME",acs_population_growth,212,198,14,6.6037736,0.00029207145,-0.00014318349,0.002949134,-0.0045366,-0.0012367618,0.002818456,0.0060993187,-0.0045366,0.0060993187,0.0040552177,0.0028482723,0,212,18,14,18,True,-0.00014318349,25.45,61.15,46594,6.4
64,12620,"Bangor, ME",unemployment_rate,212,212,0,0,6.2740566,6.5,1.4277004,4.1,4.6,7.5,8.2,4.1,8.2,2.9,1.3,0,212,18,14,18,True,-0.00014318349,25.45,61.15,46594,6.4
64,12620,"Bangor, ME",educational_attainment_pct,212,212,0,0,26.086321,24.7,2.5624247,23.3,23.8,28.6,30.5,23.3,30.5,4.8,1.4,0,212,18,14,18,True,-0.00014318349,25.45,61.15,46594,6.4
64,12620,"Bangor, ME",median_household_income,212,212,0,0,48646.509,45302,6155.3364,42658,43734,52128,63248,42658,63248,8394,2584,0,212,18,14,18,True,-0.00014318349,25.45,61.15,46594,6.4
64,12620,"Bangor, ME",labor_force_participation_pct,212,212,0,0,61.618396,61.2,1.3232128,60,60.6,62.6,63.8,60,63.8,2,0.8,0,212,18,14,18,True,-0.00014318349,25.45,61.15,46594,6.4
66,12700,"Barnstable Town, MA",startup_rate,222,222,0,0,5.7236738,5.5867665,2.9587569,0,4.1916168,7.6809955,10.017148,0,21.73913,3.4893787,1.8088597,8.5585586,222,19,14,19,True,-0.00098176718,41.4,59.9,66715,5.85
66,12700,"Barnstable Town, MA",employment_growth,222,205,17,7.6576577,0.010751364,0.012966965,0.062735405,-0.10341062,-0.0089583699,0.04112719,0.093443604,-0.28202295,0.22286477,0.05008556,0.027073075,0.48780488,222,19,14,19,True,-0.00098176718,41.4,59.9,66715,5.85
66,12700,"Barnstable Town, MA",establishment_growth,222,205,17,7.6576577,0.013541791,0.0089285714,0.058056611,-0.040989691,-0.0075809786,0.029801325,0.0621673,-0.33676333,0.47082768,0.037382303,0.018732493,5.8536585,222,19,14,19,True,-0.00098176718,41.4,59.9,66715,5.85
66,12700,"Barnstable Town, MA",payroll_growth,222,205,17,7.6576577,0.047033791,0.040401207,0.067945799,-0.048334174,0.017747868,0.078083067,0.14254853,-0.21200116,0.38380426,0.060335199,0.027164002,0,222,19,14,19,True,-0.00098176718,41.4,59.9,66715,5.85
66,12700,"Barnstable Town, MA",wage_growth,222,205,17,7.6576577,0.036585957,0.032611674,0.039381054,-0.015595191,0.019300664,0.051080025,0.099686672,-0.11789551,0.21081242,0.03177936,0.015251175,0,222,19,14,19,True,-0.00098176718,41.4,59.9,66715,5.85
66,12700,"Barnstable Town, MA",acs_population_growth,222,206,16,7.2072072,0.0042266116,-0.00098176718,0.018014121,-0.0038807631,-0.0026478907,4.2155357e-05,0.067619025,-0.0038807631,0.067619025,0.0026900461,0.0016661235,0,222,19,14,19,True,-0.00098176718,41.4,59.9,66715,5.85
66,12700,"Barnstable Town, MA",unemployment_rate,222,222,0,0,5.9036036,6.2,1.4310031,4.1,4.5,7,8.2,4.1,8.2,2.5,1.6,0,222,19,14,19,True,-0.00098176718,41.4,59.9,66715,5.85
66,12700,"Barnstable Town, MA",educational_attainment_pct,222,222,0,0,42.269369,41.1,2.5615427,39.1,40.1,44.9,47.4,39.1,47.4,4.8,1.2,0,222,19,14,19,True,-0.00098176718,41.4,59.9,66715,5.85
66,12700,"Barnstable Town, MA",median_household_income,222,222,0,0,70520.59,65382,11222.802,60317,60526,76863,94452,60317,94452,16337,4958,0,222,19,14,19,True,-0.00098176718,41.4,59.9,66715,5.85
66,12700,"Barnstable Town, MA",labor_force_participation_pct,222,222,0,0,59.971622,59.9,0.3216981,59.3,59.8,60.2,60.7,59.3,60.7,0.4,0.1,0,222,19,14,19,True,-0.00098176718,41.4,59.9,66715,5.85
71,12940,"Baton Rouge, LA",startup_rate,41,41,0,0,6.566417,6.5934066,1.8319919,3.5580524,5.6603774,7.3529412,9.8712446,3.0245747,10.751295,1.6925638,0.93302923,0,41,6,14,6,False,0.0062051657,27.4,63.5,54166.5,6.8
71,12940,"Baton Rouge, LA",employment_growth,41,32,9,21.95122,0.006009862,0.010271458,0.043845097,-0.065994245,-0.0037401096,0.025726757,0.043509894,-0.16145107,0.094001813,0.029466866,0.014032841,0,41,6,14,6,False,0.0062051657,27.4,63.5,54166.5,6.8
71,12940,"Baton Rouge, LA",establishment_growth,41,32,9,21.95122,0.011013487,0.013428447,0.026751437,-0.033327243,-0.001832654,0.026558976,0.049055925,-0.069808028,0.057198255,0.02839163,0.014863992,0,41,6,14,6,False,0.0062051657,27.4,63.5,54166.5,6.8
71,12940,"Baton Rouge, LA",payroll_growth,41,32,9,21.95122,0.034505456,0.045819946,0.051182621,-0.040332021,0.018392884,0.063125179,0.092005939,-0.17031617,0.10078776,0.044732295,0.023398566,0,41,6,14,6,False,0.0062051657,27.4,63.5,54166.5,6.8
71,12940,"Baton Rouge, LA",wage_growth,41,32,9,21.95122,0.028312608,0.028885729,0.025120893,-0.0095943219,0.015673745,0.043314087,0.066925802,-0.044268731,0.083087085,0.027640343,0.014481536,0,41,6,14,6,False,0.0062051657,27.4,63.5,54166.5,6.8
71,12940,"Baton Rouge, LA",acs_population_growth,41,37,4,9.7560976,0.007456168,0.0062051657,0.0062223636,0.0017111922,0.0028806604,0.0089719762,0.016078623,0.0010871913,0.029742949,0.0060913159,0.0027668106,0,41,6,14,6,False,0.0062051657,27.4,63.5,54166.5,6.8
71,12940,"Baton Rouge, LA",unemployment_rate,41,41,0,0,6.9707317,6.9,0.51246654,6.2,6.5,7.4,7.8,6.1,7.8,0.9,0.4,0,41,6,14,6,False,0.0062051657,27.4,63.5,54166.5,6.8
71,12940,"Baton Rouge, LA",educational_attainment_pct,41,41,0,0,27.497561,27.2,1.4547316,25.5,26.5,27.7,30.2,25.5,30.2,1.2,0.7,0,41,6,14,6,False,0.0062051657,27.4,63.5,54166.5,6.8
71,12940,"Baton Rouge, LA",median_household_income,41,41,0,0,55663.756,52427,6521.2719,48536,51383,58912,68910,48536,68910,7529,2902,0,41,6,14,6,False,0.0062051657,27.4,63.5,54166.5,6.8
71,12940,"Baton Rouge, LA",labor_force_participation_pct,41,41,0,0,63.9,64.1,0.99121138,62.4,63.1,64.7,65.2,62.4,65.2,1.6,0.7,0,41,6,14,6,False,0.0062051657,27.4,63.5,54166.5,6.8
72,12980,"Battle Creek, MI",startup_rate,158,158,0,0,4.6736026,4.282935,3.2194903,0,2.8850176,6.3093354,10.497835,0,16.393443,3.4243179,1.5890574,15.822785,158,17,14,17,True,-0.0020042917,20.9,59.85,45447,7.95
72,12980,"Battle Creek, MI",employment_growth,158,140,18,11.392405,0.0046056781,0.0051922192,0.10396688,-0.13041239,-0.049492626,0.030490431,0.13837115,-0.29559748,0.75703325,0.079983058,0.033644608,0.71428571,158,17,14,17,True,-0.0020042917,20.9,59.85,45447,7.95
72,12980,"Battle Creek, MI",establishment_growth,158,140,18,11.392405,0.015641081,0.0033521182,0.066237496,-0.05859127,-0.025028865,0.048937247,0.12879966,-0.24137931,0.31950207,0.073966112,0.031830886,7.8571429,158,17,14,17,True,-0.0020042917,20.9,59.85,45447,7.95
72,12980,"Battle Creek, MI",payroll_growth,158,140,18,11.392405,0.041023845,0.030591935,0.12381405,-0.11163066,-0.019556526,0.072111694,0.20217658,-0.19606237,0.73608846,0.091668219,0.047076,0,158,17,14,17,True,-0.0020042917,20.9,59.85,45447,7.95
72,12980,"Battle Creek, MI",wage_growth,158,140,18,11.392405,0.03637736,0.030947437,0.059453669,-0.04758431,0.0068446678,0.059479714,0.12107145,-0.10784525,0.34200975,0.052635046,0.02509078,0,158,17,14,17,True,-0.0020042917,20.9,59.85,45447,7.95
72,12980,"Battle Creek, MI",acs_population_growth,158,148,10,6.3291139,-0.0017405061,-0.0019409101,0.0017138605,-0.0040696657,-0.0028332374,-0.0012312422,0.0019709877,-0.0040696657,0.0019709877,0.0016019952,0.00076157191,0,158,17,14,17,True,-0.0020042917,20.9,59.85,45447,7.95
72,12980,"Battle Creek, MI",unemployment_rate,158,158,0,0,8.8886076,7.4,2.6070208,6.3,6.8,11.5,13.3,6.3,13.3,4.7,1.1,0,158,17,14,17,True,-0.0020042917,20.9,59.85,45447,7.95
72,12980,"Battle Creek, MI",educational_attainment_pct,158,158,0,0,20.662025,21,1.2024713,18.7,19.525,21.8,22.2,18.7,22.2,2.275,0.95,0,158,17,14,17,True,-0.0020042917,20.9,59.85,45447,7.95
72,12980,"Battle Creek, MI",median_household_income,158,158,0,0,48351.722,46213,6313.7307,42110,42532,53286,60385,42110,60385,10754,3926,0,158,17,14,17,True,-0.0020042917,20.9,59.85,45447,7.95
72,12980,"Battle Creek, MI",labor_force_participation_pct,158,158,0,0,60.062658,59.8,1.0030834,59,59.2,60.975,62,59,62,1.775,0.6,0,158,17,14,17,True,-0.0020042917,20.9,59.85,45447,7.95
73,13020,"Bay City, MI",startup_rate,170,170,0,0,4.4317877,3.7488581,7.2450985,0,0,5.6615691,11.242982,0,80,5.6615691,2.529295,30.588235,170,17,14,17,True,-0.0035115901,18.75,59.1,46025.5,7.8
73,13020,"Bay City, MI",employment_growth,170,156,14,8.2352941,0.0045467338,-0.00064413583,0.1213778,-0.18355218,-0.048420892,0.045556478,0.22218148,-0.4,0.5,0.09397737,0.046924453,1.2820513,170,17,14,17,True,-0.0035115901,18.75,59.1,46025.5,7.8
73,13020,"Bay City, MI",establishment_growth,170,156,14,8.2352941,0.0026127009,0,0.087059239,-0.1525,-0.025687228,0.030192308,0.13895315,-0.375,0.33333333,0.055879535,0.027973396,14.74359,170,17,14,17,True,-0.0035115901,18.75,59.1,46025.5,7.8
73,13020,"Bay City, MI",payroll_growth,170,156,14,8.2352941,0.042466769,0.0294546,0.16552371,-0.15805654,-0.021872315,0.083696408,0.26958963,-0.62210341,1.0220473,0.10556872,0.054222054,0,170,17,14,17,True,-0.0035115901,18.75,59.1,46025.5,7.8
73,13020,"Bay City, MI",wage_growth,170,156,14,8.2352941,0.036089569,0.034240867,0.084390227,-0.092254166,0.0081020055,0.063642864,0.15792402,-0.37016382,0.37638426,0.055540858,0.028005984,0,170,17,14,17,True,-0.0035115901,18.75,59.1,46025.5,7.8
73,13020,"Bay City, MI",acs_population_growth,170,158,12,7.0588235,-0.0034385921,-0.0035115901,0.0031602985,-0.0071343078,-0.0055389979,-0.0028640077,0.005255734,-0.0071343078,0.005255734,0.0026749902,0.0016105905,0,170,17,14,17,True,-0.0035115901,18.75,59.1,46025.5,7.8
73,13020,"Bay City, MI",unemployment_rate,170,170,0,0,7.9411765,7.4,2.3392101,4.6,5.9,10.2,11.3,4.6,11.3,4.3,2.3,0,170,17,14,17,True,-0.0035115901,18.75,59.1,46025.5,7.8
73,13020,"Bay City, MI",educational_attainment_pct,170,170,0,0,19.092941,18.9,0.98573113,18,18.3,19.7,21.4,18,21.4,1.4,0.7,0,170,17,14,17,True,-0.0035115901,18.75,59.1,46025.5,7.8
73,13020,"Bay City, MI",median_household_income,170,170,0,0,48907.912,46068,4931.2302,44659,45715,48819,60523,44659,60523,3104,1409,0,170,17,14,17,True,-0.0035115901,18.75,59.1,46025.5,7.8
73,13020,"Bay City, MI",labor_force_participation_pct,170,170,0,0,59.443529,59.1,1.2478096,58.1,58.5,59.8,62.5,58.1,62.5,1.3,0.6,0,170,17,14,17,True,-0.0035115901,18.75,59.1,46025.5,7.8
76,13140,"Beaumont-Port Arthur, TX",startup_rate,221,221,0,0,5.8443041,5.4545455,3.5261498,0,4.109589,7.3529412,11.764706,0,23.529412,3.2433521,1.7045455,9.0497738,221,19,14,19,True,0.0023570629,17.45,57.25,48066,6.7
76,13140,"Beaumont-Port Arthur, TX",employment_growth,221,204,17,7.6923077,0.0088983218,0.0068986491,0.074587417,-0.083762978,-0.01951235,0.040769344,0.10066754,-0.43958333,0.33650416,0.060281694,0.028850873,0.98039216,221,19,14,19,True,0.0023570629,17.45,57.25,48066,6.7
76,13140,"Beaumont-Port Arthur, TX",establishment_growth,221,204,17,7.6923077,0.0029991117,0,0.032831233,-0.047294372,-0.011409563,0.018490306,0.05322807,-0.16129032,0.11666667,0.02989987,0.014103964,8.3333333,221,19,14,19,True,0.0023570629,17.45,57.25,48066,6.7
76,13140,"Beaumont-Port Arthur, TX",payroll_growth,221,204,17,7.6923077,0.041707833,0.04099944,0.1028084,-0.079914824,0.0011259307,0.079647483,0.1856824,-0.5549615,0.50267983,0.078521552,0.039151404,0,221,19,14,19,True,0.0023570629,17.45,57.25,48066,6.7
76,13140,"Beaumont-Port Arthur, TX",wage_growth,221,204,17,7.6923077,0.031118591,0.030023801,0.047174752,-0.038021548,0.012509394,0.052233352,0.094414332,-0.20587715,0.2934519,0.039723958,0.021035582,0,221,19,14,19,True,0.0023570629,17.45,57.25,48066,6.7
76,13140,"Beaumont-Port Arthur, TX",acs_population_growth,221,205,16,7.239819,0.0029812517,0.0023570629,0.014981371,-0.035438731,-0.00055768789,0.0053061947,0.039605592,-0.035438731,0.039605592,0.0058638826,0.0029491318,0,221,19,14,19,True,0.0023570629,17.45,57.25,48066,6.7
76,13140,"Beaumont-Port Arthur, TX",unemployment_rate,221,221,0,0,7.2257919,7.2,1.806482,4.7,5.4,8.7,10,4.7,10,3.3,1.8,0,221,19,14,19,True,0.0023570629,17.45,57.25,48066,6.7
76,13140,"Beaumont-Port Arthur, TX",educational_attainment_pct,221,221,0,0,17.405882,17.3,1.0915426,16.1,16.4,18.4,19.3,16.1,19.3,2,1,0,221,19,14,19,True,0.0023570629,17.45,57.25,48066,6.7
76,13140,"Beaumont-Port Arthur, TX",median_household_income,221,221,0,0,50624.946,47170,6530.9459,44845,45622,54256,65245,44845,65245,8634,2193,0,221,19,14,19,True,0.0023570629,17.45,57.25,48066,6.7
76,13140,"Beaumont-Port Arthur, TX",labor_force_participation_pct,221,221,0,0,57.423077,57.4,0.61100628,56.4,57,58,58.5,56.4,58.5,1,0.6,0,221,19,14,19,True,0.0023570629,17.45,57.25,48066,6.7
78,13220,"Beckley, WV",startup_rate,188,188,0,0,5.1640152,4.5812205,4.9432417,0,1.618705,7.3706897,12.367424,0,33.333333,5.7519846,2.8325726,25,188,19,14,19,True,-0.010626334,17.1,48.4,41471,7.6
78,13220,"Beckley, WV",employment_growth,188,167,21,11.170213,0.010049942,0.0018656716,0.091862598,-0.10537241,-0.031762928,0.035015553,0.20205628,-0.35135135,0.32464455,0.066778481,0.033699182,1.1976048,188,19,14,19,True,-0.010626334,17.1,48.4,41471,7.6
78,13220,"Beckley, WV",establishment_growth,188,167,21,11.170213,0.010879301,0,0.084842283,-0.06875,-0.027809646,0.039320055,0.11738944,-0.50442478,0.53020134,0.067129701,0.032258065,9.5808383,188,19,14,19,True,-0.010626334,17.1,48.4,41471,7.6
78,13220,"Beckley, WV",payroll_growth,188,167,21,11.170213,0.046261981,0.028393691,0.13418777,-0.12360621,-0.010691822,0.084916554,0.25875003,-0.3495517,0.87410888,0.095608376,0.043613063,0,188,19,14,19,True,-0.010626334,17.1,48.4,41471,7.6
78,13220,"Beckley, WV",wage_growth,188,167,21,11.170213,0.034632256,0.031418814,0.070333846,-0.057787072,0.0024201183,0.061951945,0.11631919,-0.19915086,0.49142331,0.059531827,0.029996844,0,188,19,14,19,True,-0.010626334,17.1,48.4,41471,7.6
78,13220,"Beckley, WV",acs_population_growth,188,141,47,25,-0.0093697229,-0.010405057,0.0034760312,-0.013221144,-0.012528095,-0.0063212043,-0.0027706155,-0.013221144,-0.0027706155,0.0062068906,0.0021230378,0,188,19,14,19,True,-0.010626334,17.1,48.4,41471,7.6
78,13220,"Beckley, WV",unemployment_rate,188,152,36,19.148936,7.4907895,7.6,0.57685552,6,7.2,7.9,8,6,8,0.7,0.3,0,188,19,14,19,True,-0.010626334,17.1,48.4,41471,7.6
78,13220,"Beckley, WV",educational_attainment_pct,188,152,36,19.148936,17.281579,17.1,1.32717,15,16.25,18.6,19.7,15,19.7,2.35,1.1,0,188,19,14,19,True,-0.010626334,17.1,48.4,41471,7.6
78,13220,"Beckley, WV",median_household_income,188,152,36,19.148936,42794.257,41471,4267.7405,38077,39666.75,44466,52345,38077,52345,4799.25,2504,0,188,19,14,19,True,-0.010626334,17.1,48.4,41471,7.6
78,13220,"Beckley, WV",labor_force_participation_pct,188,152,36,19.148936,48.660526,48.4,0.70496422,47.4,48.1,49.3,49.7,47.4,49.7,1.2,0.7,0,188,19,14,19,True,-0.010626334,17.1,48.4,41471,7.6
82,13380,"Bellingham, WA",startup_rate,238,238,0,0,7.0159539,6.8559908,3.7435088,0,5.1823991,9.0833333,12.17237,0,32,3.9009342,2.0202718,8.8235294,238,19,14,19,True,0.012400911,33.2,63,55313,7.25
82,13380,"Bellingham, WA",employment_growth,238,221,17,7.1428571,0.014217062,0.014487871,0.070160128,-0.1043956,-0.0081967213,0.047297297,0.12857143,-0.30591631,0.22047244,0.055494019,0.027159515,0.45248869,238,19,14,19,True,0.012400911,33.2,63,55313,7.25
82,13380,"Bellingham, WA",establishment_growth,238,221,17,7.1428571,0.020761684,0.010752688,0.1910164,-0.077836412,-0.0070323488,0.044354839,0.125,-0.70245951,2.5613027,0.051387188,0.02539189,6.7873303,238,19,14,19,True,0.012400911,33.2,63,55313,7.25
82,13380,"Bellingham, WA",payroll_growth,238,221,17,7.1428571,0.056356992,0.052347159,0.092045537,-0.06588591,0.013439475,0.096284771,0.20766935,-0.62686332,0.32196958,0.082845296,0.039722425,0,238,19,14,19,True,0.012400911,33.2,63,55313,7.25
82,13380,"Bellingham, WA",wage_growth,238,221,17,7.1428571,0.042216237,0.040967831,0.07283123,-0.031194171,0.0094274739,0.067171008,0.13013478,-0.52933772,0.50217021,0.057743535,0.028272869,0,238,19,14,19,True,0.012400911,33.2,63,55313,7.25
82,13380,"Bellingham, WA",acs_population_growth,238,221,17,7.1428571,0.011739907,0.012400911,0.0049824667,-2.2267946e-05,0.0088628398,0.015020945,0.019150316,-2.2267946e-05,0.019150316,0.0061581049,0.0035380711,0,238,19,14,19,True,0.012400911,33.2,63,55313,7.25
82,13380,"Bellingham, WA",unemployment_rate,238,238,0,0,7.1752101,7.7,1.6615327,4.9,5.2,8.7,9.4,4.9,9.4,3.5,1.5,0,238,19,14,19,True,0.012400911,33.2,63,55313,7.25
82,13380,"Bellingham, WA",educational_attainment_pct,238,238,0,0,33.776471,32.6,2.0523612,31.7,31.9,35.3,38.1,31.7,38.1,3.4,0.9,0,238,19,14,19,True,0.012400911,33.2,63,55313,7.25
82,13380,"Bellingham, WA",median_household_income,238,238,0,0,59560.059,54207,9845.5255,49031,51939,65420,80989,49031,80989,13481,2818,0,238,19,14,19,True,0.012400911,33.2,63,55313,7.25
82,13380,"Bellingham, WA",labor_force_participation_pct,238,238,0,0,63.387815,63,0.96121992,62.4,62.6,64,65.5,62.4,65.5,1.4,0.55,0,238,19,14,19,True,0.012400911,33.2,63,55313,7.25
84,13460,"Bend, OR",startup_rate,182,182,0,0,8.7669673,8.8437578,2.7735286,4.2351399,7.021071,10.65411,13.04243,0,15.841584,3.6330386,1.8368298,1.0989011,182,16,14,16,True,0.022506719,33.5,63.1,56681.5,6.35
84,13460,"Bend, OR",employment_growth,182,161,21,11.538462,0.0354432,0.037432118,0.067442321,-0.068083432,0.01095198,0.064546305,0.13940165,-0.24541101,0.29219601,0.053594325,0.026560672,0,182,16,14,16,True,0.022506719,33.5,63.1,56681.5,6.35
84,13460,"Bend, OR",establishment_growth,182,161,21,11.538462,0.048635207,0.041666667,0.062727885,-0.019337017,0.013812155,0.075471698,0.14626866,-0.35258359,0.33072917,0.061659543,0.028916211,2.484472,182,16,14,16,True,0.022506719,33.5,63.1,56681.5,6.35
84,13460,"Bend, OR",payroll_growth,182,161,21,11.538462,0.087288619,0.080576545,0.0838197,-0.038208433,0.045886776,0.12083881,0.23292711,-0.196975,0.44825603,0.074952038,0.035609049,0,182,16,14,16,True,0.022506719,33.5,63.1,56681.5,6.35
84,13460,"Bend, OR",wage_growth,182,161,21,11.538462,0.050187871,0.045738636,0.044882618,-0.011383214,0.023797468,0.069719754,0.13250837,-0.062868973,0.21971212,0.045922286,0.022308645,0,182,16,14,16,True,0.022506719,33.5,63.1,56681.5,6.35
84,13460,"Bend, OR",acs_population_growth,182,167,15,8.2417582,0.045296511,0.022506719,0.07442318,0.010580046,0.016043347,0.029519305,0.27237249,0.010580046,0.27237249,0.013475958,0.0066819689,0,182,16,14,16,True,0.022506719,33.5,63.1,56681.5,6.35
84,13460,"Bend, OR",unemployment_rate,182,182,0,0,7.6741758,5.6,2.66287,5,5.4,10.7,12.2,5,12.2,5.3,0.6,0,182,16,14,16,True,0.022506719,33.5,63.1,56681.5,6.35
84,13460,"Bend, OR",educational_attainment_pct,182,182,0,0,34.228022,33.7,3.7478739,29.1,31,37.2,40.8,29.1,40.8,6.2,3.2,0,182,16,14,16,True,0.022506719,33.5,63.1,56681.5,6.35
84,13460,"Bend, OR",median_household_income,182,182,0,0,62414.588,59152,12307.028,49584,51468,68937,85509,49584,85509,17469,7929,0,182,16,14,16,True,0.022506719,33.5,63.1,56681.5,6.35
84,13460,"Bend, OR",labor_force_participation_pct,182,182,0,0,62.898352,63.1,1.1351479,61.3,62,63.5,65.2,61.3,65.2,1.5,1,0,182,16,14,16,True,0.022506719,33.5,63.1,56681.5,6.35
88,13740,"Billings, MT",startup_rate,163,163,0,0,5.7174886,5.6506849,2.9999642,0,3.7200264,7.5281637,10.545886,0,16.666667,3.8081373,1.8964849,6.7484663,163,17,14,17,True,0.011748826,29.75,67.25,56339.5,3.8
88,13740,"Billings, MT",employment_growth,163,140,23,14.110429,0.010011875,0.010620425,0.045761178,-0.061760543,-0.014169825,0.036547031,0.065556191,-0.15284211,0.20294427,0.050716856,0.02556403,0.71428571,163,17,14,17,True,0.011748826,29.75,67.25,56339.5,3.8
88,13740,"Billings, MT",establishment_growth,163,140,23,14.110429,0.016329099,0.01695939,0.03257735,-0.028640746,-0.0042827144,0.036574717,0.070625612,-0.096774194,0.11386139,0.040857431,0.020471644,5.7142857,163,17,14,17,True,0.011748826,29.75,67.25,56339.5,3.8
88,13740,"Billings, MT",payroll_growth,163,140,23,14.110429,0.049984964,0.04474395,0.061220494,-0.032982282,0.020540554,0.079066987,0.14329395,-0.15463537,0.29623401,0.058526433,0.031522662,0,163,17,14,17,True,0.011748826,29.75,67.25,56339.5,3.8
88,13740,"Billings, MT",wage_growth,163,140,23,14.110429,0.039675822,0.03850053,0.041213181,-0.015490957,0.020817794,0.056631187,0.1046273,-0.0935448,0.23260019,0.035813393,0.018303601,0,163,17,14,17,True,0.011748826,29.75,67.25,56339.5,3.8
88,13740,"Billings, MT",acs_population_growth,163,150,13,7.9754601,0.015596342,0.011748826,0.013678069,0.0067963032,0.0094753099,0.013325478,0.05905279,0.0067963032,0.05905279,0.0038501686,0.001576652,0,163,17,14,17,True,0.011748826,29.75,67.25,56339.5,3.8
88,13740,"Billings, MT",unemployment_rate,163,163,0,0,4.002454,3.7,0.60276635,3.3,3.5,4.5,5.3,3.3,5.3,1,0.4,0,163,17,14,17,True,0.011748826,29.75,67.25,56339.5,3.8
88,13740,"Billings, MT",educational_attainment_pct,163,163,0,0,30.496933,30.2,1.8692252,28.5,28.8,32.4,33.5,28.5,33.8,3.6,1.4,0,163,17,14,17,True,0.011748826,29.75,67.25,56339.5,3.8
88,13740,"Billings, MT",median_household_income,163,163,0,0,57731.644,57812,7784.9269,48661,51048,62722,74599,48661,74599,11674,6331,0,163,17,14,17,True,0.011748826,29.75,67.25,56339.5,3.8
88,13740,"Billings, MT",labor_force_participation_pct,163,163,0,0,67.289571,67.3,1.2638181,65.6,66,68.5,69.3,65.6,69.3,2.5,1.2,0,163,17,14,17,True,0.011748826,29.75,67.25,56339.5,3.8
89,13780,"Binghamton, NY",startup_rate,175,175,0,0,5.1805971,4.6296296,3.8969024,0,3.0673405,7.1040373,10.255622,0,37.5,4.0366968,1.9782999,10.285714,175,18,14,18,True,-0.0036176019,27.25,58.9,50190,7.2
89,13780,"Binghamton, NY",employment_growth,175,158,17,9.7142857,-0.0085468153,-0.0035090253,0.084059264,-0.1360449,-0.03368061,0.01793054,0.099285498,-0.40041929,0.33711048,0.051611149,0.026250178,0,175,18,14,18,True,-0.0036176019,27.25,58.9,50190,7.2
89,13780,"Binghamton, NY",establishment_growth,175,158,17,9.7142857,-0.0017320274,-0.00088967972,0.037410177,-0.056045752,-0.022614036,0.018704545,0.06439107,-0.14,0.16216216,0.041318581,0.020423889,7.5949367,175,18,14,18,True,-0.0036176019,27.25,58.9,50190,7.2
89,13780,"Binghamton, NY",payroll_growth,175,158,17,9.7142857,0.028173818,0.030090122,0.095679186,-0.12013183,-0.0056968166,0.064723132,0.15094738,-0.31958926,0.52928724,0.070419949,0.035283103,0,175,18,14,18,True,-0.0036176019,27.25,58.9,50190,7.2
89,13780,"Binghamton, NY",wage_growth,175,158,17,9.7142857,0.037741208,0.033204076,0.050175271,-0.03228105,0.012846616,0.060579608,0.10257877,-0.20190176,0.26392236,0.047732992,0.022908859,0,175,18,14,18,True,-0.0036176019,27.25,58.9,50190,7.2
89,13780,"Binghamton, NY",acs_population_growth,175,161,14,8,-0.0019646293,-0.0036176019,0.0086703359,-0.0081443576,-0.005792272,-0.0029395992,0.027799379,-0.0081443576,0.027799379,0.0028526728,0.0018009502,0,175,18,14,18,True,-0.0036176019,27.25,58.9,50190,7.2
89,13780,"Binghamton, NY",unemployment_rate,175,175,0,0,7.3148571,7.2,0.73391319,6.2,6.7,7.6,8.7,6.2,8.7,0.9,0.4,0,175,18,14,18,True,-0.0036176019,27.25,58.9,50190,7.2
89,13780,"Binghamton, NY",educational_attainment_pct,175,175,0,0,26.894286,27.2,1.4936923,24.6,25.7,28.2,29.5,24.6,29.5,2.5,1.5,0,175,18,14,18,True,-0.0036176019,27.25,58.9,50190,7.2
89,13780,"Binghamton, NY",median_household_income,175,175,0,0,51734.749,49707,4989.6415,46038,48114,54695,63347,46038,63347,6581,2309,0,175,18,14,18,True,-0.0036176019,27.25,58.9,50190,7.2
89,13780,"Binghamton, NY",labor_force_participation_pct,175,175,0,0,59.316,59.1,1.5853771,57,57.5,60.7,61.6,57,61.6,3.2,1.6,0,175,18,14,18,True,-0.0036176019,27.25,58.9,50190,7.2
90,13820,"Birmingham, AL",startup_rate,95,95,0,0,6.6351018,6.4123825,2.4015922,3.456211,4.919041,7.782366,10.902713,2.3668639,15.41502,2.863325,1.4304621,0,95,13,14,13,False,0.0029606547,29.1,61.2,51308.5,7.1
90,13820,"Birmingham, AL",employment_growth,95,72,23,24.210526,0.011469169,0.010406437,0.030264578,-0.038954632,-0.004539896,0.028694304,0.061520771,-0.061879862,0.11072345,0.0332342,0.016582249,0,95,13,14,13,False,0.0029606547,29.1,61.2,51308.5,7.1
90,13820,"Birmingham, AL",establishment_growth,95,72,23,24.210526,0.014397035,0.012161097,0.025268773,-0.027849809,-0.00011698643,0.028380793,0.059771468,-0.062634989,0.074670571,0.028497779,0.013401467,1.3888889,95,13,14,13,False,0.0029606547,29.1,61.2,51308.5,7.1
90,13820,"Birmingham, AL",payroll_growth,95,72,23,24.210526,0.046954688,0.037167893,0.039670991,-0.0040912686,0.019917627,0.079704418,0.11803682,-0.044297727,0.1280281,0.059786791,0.023970592,0,95,13,14,13,False,0.0029606547,29.1,61.2,51308.5,7.1
90,13820,"Birmingham, AL",wage_growth,95,72,23,24.210526,0.03506475,0.033125174,0.023203663,0.0027147179,0.01748911,0.049732035,0.0777428,-0.030575875,0.083831175,0.032242925,0.016244792,0,95,13,14,13,False,0.0029606547,29.1,61.2,51308.5,7.1
90,13820,"Birmingham, AL",acs_population_growth,95,83,12,12.631579,0.0058377457,0.0029606547,0.022063082,-0.048185523,0.0025845711,0.0052584584,0.060181197,-0.053810893,0.060181197,0.0026738874,0.00066404642,0,95,13,14,13,False,0.0029606547,29.1,61.2,51308.5,7.1
90,13820,"Birmingham, AL",unemployment_rate,95,95,0,0,7.3915789,8.2,1.757335,4.5,5.65,9.1,9.8,4.5,9.8,3.45,1.4,0,95,13,14,13,False,0.0029606547,29.1,61.2,51308.5,7.1
90,13820,"Birmingham, AL",educational_attainment_pct,95,95,0,0,29.330526,28.3,2.5232567,26.5,27,31.85,33.7,26.5,33.7,4.85,1.6,0,95,13,14,13,False,0.0029606547,29.1,61.2,51308.5,7.1
90,13820,"Birmingham, AL",median_household_income,95,95,0,0,53978.032,49260,7540.7989,47760,48411,58316,69627,47760,69627,9905,1500,0,95,13,14,13,False,0.0029606547,29.1,61.2,51308.5,7.1
90,13820,"Birmingham, AL",labor_force_participation_pct,95,95,0,0,61.686316,61.3,0.93894582,60.8,60.9,62.6,63.4,60.8,63.4,1.7,0.4,0,95,13,14,13,False,0.0029606547,29.1,61.2,51308.5,7.1
92,13900,"Bismarck, ND",startup_rate,46,46,0,0,5.8873543,5.4050601,3.4213429,0.42613636,3.8589515,7.2867173,10.881696,0,18.012422,3.4277658,1.6867788,6.5217391,46,11,14,11,False,0.018047028,31.75,71.8,65692.5,2.7
92,13900,"Bismarck, ND",employment_growth,46,32,14,30.434783,0.013176334,0.012809794,0.047269737,-0.052978534,-0.012656785,0.037427524,0.089791791,-0.11025583,0.13372093,0.05008431,0.025455679,0,46,11,14,11,False,0.018047028,31.75,71.8,65692.5,2.7
92,13900,"Bismarck, ND",establishment_growth,46,32,14,30.434783,0.014461002,0.013173113,0.034677226,-0.030170877,-0.012301804,0.033060608,0.079423475,-0.054545455,0.10068259,0.045362412,0.023372608,3.125,46,11,14,11,False,0.018047028,31.75,71.8,65692.5,2.7
92,13900,"Bismarck, ND",payroll_growth,46,32,14,30.434783,0.054494507,0.064396357,0.06817858,-0.054057164,0.0070987775,0.090841981,0.15995038,-0.12393748,0.16935554,0.083743204,0.052599876,0,46,11,14,11,False,0.018047028,31.75,71.8,65692.5,2.7
92,13900,"Bismarck, ND",wage_growth,46,32,14,30.434783,0.040191727,0.043489366,0.031795087,-0.015963346,0.01805916,0.056835428,0.081896745,-0.025692695,0.11905701,0.038776268,0.019147867,0,46,11,14,11,False,0.018047028,31.75,71.8,65692.5,2.7
92,13900,"Bismarck, ND",acs_population_growth,46,43,3,6.5217391,0.022449973,0.019375402,0.023164028,0.0060756364,0.0085174466,0.023838206,0.077692448,-0.023197555,0.077692448,0.015320759,0.0049356982,0,46,11,14,11,False,0.018047028,31.75,71.8,65692.5,2.7
92,13900,"Bismarck, ND",unemployment_rate,46,46,0,0,2.8630435,3,0.34664019,2.325,2.6,3.1,3.3,2.1,3.3,0.5,0.25,0,46,11,14,11,False,0.018047028,31.75,71.8,65692.5,2.7
92,13900,"Bismarck, ND",educational_attainment_pct,46,46,0,0,31.973913,31.3,2.0693998,29.7,30.2,34,36.1,29.7,36.1,3.8,1.35,0,46,11,14,11,False,0.018047028,31.75,71.8,65692.5,2.7
92,13900,"Bismarck, ND",median_household_income,46,46,0,0,66371.109,63836,9410.7501,53644.75,59351.25,72886,83982,52882,83982,13534.75,6270,0,46,11,14,11,False,0.018047028,31.75,71.8,65692.5,2.7
92,13900,"Bismarck, ND",labor_force_participation_pct,46,46,0,0,71.141304,72,1.8678063,67.7,69.6,72.65,73,67.7,73,3.05,1,0,46,11,14,11,False,0.018047028,31.75,71.8,65692.5,2.7
94,13980,"Blacksburg-Christiansburg-Radford, VA",startup_rate,73,73,0,0,5.614311,5.0724638,2.4785264,2.8814572,4.0322581,6.5217391,10.593201,0,13.636364,2.4894811,1.3687601,1.369863,73,9,14,9,False,0.0031905196,32.85,57.65,48932.5,5.4
94,13980,"Blacksburg-Christiansburg-Radford, VA",employment_growth,73,54,19,26.027397,0.0034713885,0.0063938262,0.046970391,-0.083187861,-0.020607438,0.034019337,0.071644891,-0.12086874,0.092682423,0.054626776,0.027768143,0,73,9,14,9,False,0.0031905196,32.85,57.65,48932.5,5.4
94,13980,"Blacksburg-Christiansburg-Radford, VA",establishment_growth,73,54,19,26.027397,0.011513524,0.0061451037,0.078542366,-0.063187072,-0.014202899,0.025795132,0.12557471,-0.28596803,0.33236994,0.039998031,0.02075989,1.8518519,73,9,14,9,False,0.0031905196,32.85,57.65,48932.5,5.4
94,13980,"Blacksburg-Christiansburg-Radford, VA",payroll_growth,73,54,19,26.027397,0.040037745,0.037932444,0.056444355,-0.057598265,0.016299303,0.072672396,0.13406561,-0.13305895,0.14995823,0.056373093,0.024589916,0,73,9,14,9,False,0.0031905196,32.85,57.65,48932.5,5.4
94,13980,"Blacksburg-Christiansburg-Radford, VA",wage_growth,73,54,19,26.027397,0.036651959,0.041993118,0.035459735,-0.014085786,0.015776491,0.064017446,0.074635928,-0.096603653,0.10545782,0.048240955,0.023396093,1.8518519,73,9,14,9,False,0.0031905196,32.85,57.65,48932.5,5.4
94,13980,"Blacksburg-Christiansburg-Radford, VA",acs_population_growth,73,66,7,9.5890411,0.0087662413,0.0031905196,0.041627696,-0.085312683,0.0024942291,0.0053012048,0.092006206,-0.085312683,0.099300588,0.0028069757,0.0021106852,0,73,9,14,9,False,0.0031905196,32.85,57.65,48932.5,5.4
94,13980,"Blacksburg-Christiansburg-Radford, VA",unemployment_rate,73,73,0,0,5.6150685,5.6,1.4392968,3.6,4.2,7.2,7.6,3.6,7.6,3,1.4,0,73,9,14,9,False,0.0031905196,32.85,57.65,48932.5,5.4
94,13980,"Blacksburg-Christiansburg-Radford, VA",educational_attainment_pct,73,73,0,0,32.828767,32.5,2.5946248,28.9,30,35.7,36.7,28.9,36.7,5.7,2.5,0,73,9,14,9,False,0.0031905196,32.85,57.65,48932.5,5.4
94,13980,"Blacksburg-Christiansburg-Radford, VA",median_household_income,73,73,0,0,50206.671,47456,7461.1859,41377,44034,55475,64627,41377,64627,11441,4988,0,73,9,14,9,False,0.0031905196,32.85,57.65,48932.5,5.4
94,13980,"Blacksburg-Christiansburg-Radford, VA",labor_force_participation_pct,73,73,0,0,57.379452,57.7,0.91073214,55.8,56.8,58,58.6,55.5,58.6,1.2,0.7,0,73,9,14,9,False,0.0031905196,32.85,57.65,48932.5,5.4
95,14010,"Bloomington, IL",startup_rate,192,192,0,0,4.9556232,5.0604091,3.0420936,0,3.306917,6.7534979,9.2592593,0,19.672131,3.4465808,1.7360084,13.020833,192,18,14,18,True,-0.00094440465,42.5,67,64646,3.7
95,14010,"Bloomington, IL",employment_growth,192,177,15,7.8125,0.021634111,0.0092783505,0.17887689,-0.10493841,-0.026258438,0.036140089,0.14128843,-0.30002425,1.9571226,0.062398528,0.032010922,0.56497175,192,18,14,18,True,-0.00094440465,42.5,67,64646,3.7
95,14010,"Bloomington, IL",establishment_growth,192,177,15,7.8125,-0.0085569768,0,0.064107374,-0.11388889,-0.032520325,0.018018018,0.055657036,-0.25,0.33333333,0.050538343,0.026373626,11.299435,192,18,14,18,True,-0.00094440465,42.5,67,64646,3.7
95,14010,"Bloomington, IL",payroll_growth,192,177,15,7.8125,0.058117826,0.033776673,0.25808617,-0.10951675,-0.0074734068,0.081418433,0.21335291,-0.34291383,3.117085,0.08889184,0.043463341,0,192,18,14,18,True,-0.00094440465,42.5,67,64646,3.7
95,14010,"Bloomington, IL",wage_growth,192,177,15,7.8125,0.03174441,0.031038341,0.053199563,-0.029583381,0.005017894,0.052270019,0.105751,-0.19204496,0.39227394,0.047252125,0.024945528,0,192,18,14,18,True,-0.00094440465,42.5,67,64646,3.7
95,14010,"Bloomington, IL",acs_population_growth,192,140,52,27.083333,-0.0082368016,-0.00089146305,0.025804934,-0.088148113,-0.0023989153,0.0003904972,0.0058588237,-0.088148113,0.0058588237,0.0027894125,0.0014555162,0,192,18,14,18,True,-0.00094440465,42.5,67,64646,3.7
95,14010,"Bloomington, IL",unemployment_rate,192,153,39,20.3125,4.3431373,3.7,1.2501455,3,3.2,5.7,6.6,3,6.6,2.5,0.5,0,192,18,14,18,True,-0.00094440465,42.5,67,64646,3.7
95,14010,"Bloomington, IL",educational_attainment_pct,192,153,39,20.3125,43.198693,42.5,2.0830136,40.2,41.5,44.8,46.9,40.2,46.9,3.3,1.7,0,192,18,14,18,True,-0.00094440465,42.5,67,64646,3.7
95,14010,"Bloomington, IL",median_household_income,192,153,39,20.3125,66136.418,64646,5371.7214,60999,61504,68037,78329,60999,78329,6533,3142,0,192,18,14,18,True,-0.00094440465,42.5,67,64646,3.7
95,14010,"Bloomington, IL",labor_force_participation_pct,192,153,39,20.3125,66.807843,67,2.0891804,63.8,64.3,68.9,69,63.8,69,4.6,1.9,0,192,18,14,18,True,-0.00094440465,42.5,67,64646,3.7
96,14020,"Bloomington, IN",startup_rate,137,137,0,0,6.0948257,5.8181818,3.020643,1.7518248,3.9215686,8,11.40975,0,16,4.0784314,1.9184604,5.1094891,137,16,14,16,True,0.0053690301,40.3,61.5,44987,6.45
96,14020,"Bloomington, IN",employment_growth,137,114,23,16.788321,0.014069714,0.010188851,0.059793928,-0.083384657,-0.02186217,0.048786721,0.1168315,-0.13645224,0.18228279,0.070648892,0.035028279,0,137,16,14,16,True,0.0053690301,40.3,61.5,44987,6.45
96,14020,"Bloomington, IN",establishment_growth,137,114,23,16.788321,0.01389298,0.013296228,0.036110532,-0.043589337,-0.0097082495,0.029630169,0.070683386,-0.054913295,0.13432836,0.039338418,0.018978229,7.8947368,137,16,14,16,True,0.0053690301,40.3,61.5,44987,6.45
96,14020,"Bloomington, IN",payroll_growth,137,114,23,16.788321,0.057665607,0.049695679,0.07045896,-0.040248913,0.019261589,0.089538212,0.17293285,-0.11339403,0.31539359,0.070276623,0.037181982,0,137,16,14,16,True,0.0053690301,40.3,61.5,44987,6.45
96,14020,"Bloomington, IN",wage_growth,137,114,23,16.788321,0.043376468,0.040271878,0.041487428,-0.014529656,0.015403038,0.065952105,0.11470619,-0.073903856,0.17730351,0.050549067,0.025676816,0,137,16,14,16,True,0.0053690301,40.3,61.5,44987,6.45
96,14020,"Bloomington, IN",acs_population_growth,137,127,10,7.2992701,-0.011178401,0.005236228,0.044419341,-0.16381973,-0.0010531141,0.0072280849,0.008950508,-0.16381973,0.008950508,0.008281199,0.002963597,0,137,16,14,16,True,0.0053690301,40.3,61.5,44987,6.45
96,14020,"Bloomington, IN",unemployment_rate,137,137,0,0,6.6036496,6.3,0.818572,5.4,6.3,7.3,7.76,5.4,8,1,0.7,0,137,16,14,16,True,0.0053690301,40.3,61.5,44987,6.45
96,14020,"Bloomington, IN",educational_attainment_pct,137,137,0,0,39.165693,40.6,3.9525762,31.6,38.2,42.1,44,31.6,44,3.9,1.5,0,137,16,14,16,True,0.0053690301,40.3,61.5,44987,6.45
96,14020,"Bloomington, IN",median_household_income,137,137,0,0,48220.46,46146,7620.2618,39915,40718,54060,62949,39915,62949,13342,5656,0,137,16,14,16,True,0.0053690301,40.3,61.5,44987,6.45
96,14020,"Bloomington, IN",labor_force_participation_pct,137,137,0,0,61.245255,61.5,0.65225523,60.1,60.6,61.6,62,60.1,62,1,0.3,0,137,16,14,16,True,0.0053690301,40.3,61.5,44987,6.45
101,14260,"Boise City, ID",startup_rate,82,82,0,0,8.5839335,7.8009561,2.8550142,4.5514878,6.8394323,9.6313486,14.285104,3.6793693,15.606114,2.7919163,1.534866,0,82,12,14,12,False,0.020591249,30.7,65.2,53248.5,5.75
101,14260,"Boise City, ID",employment_growth,82,64,18,21.95122,0.039384506,0.033254984,0.039188317,-0.023347385,0.018151575,0.059844902,0.10113781,-0.072309655,0.14867506,0.041693327,0.022250719,0,82,12,14,12,False,0.020591249,30.7,65.2,53248.5,5.75
101,14260,"Boise City, ID",establishment_growth,82,64,18,21.95122,0.040099706,0.034139375,0.053197435,-0.037492392,0.0080284838,0.070708879,0.13712348,-0.084726001,0.16423712,0.062680395,0.032333526,0,82,12,14,12,False,0.020591249,30.7,65.2,53248.5,5.75
101,14260,"Boise City, ID",payroll_growth,82,64,18,21.95122,0.076551229,0.07219996,0.06151805,-0.011425831,0.038411332,0.11013132,0.16468046,-0.08796413,0.25984991,0.071719984,0.034394495,0,82,12,14,12,False,0.020591249,30.7,65.2,53248.5,5.75
101,14260,"Boise City, ID",wage_growth,82,64,18,21.95122,0.035819712,0.029787468,0.045958364,-0.020417123,0.0098322915,0.062239162,0.10256728,-0.11349736,0.19247059,0.05240687,0.025251044,0,82,12,14,12,False,0.020591249,30.7,65.2,53248.5,5.75
101,14260,"Boise City, ID",acs_population_growth,82,76,6,7.3170732,0.021793667,0.020591249,0.0046935702,0.015086715,0.018053149,0.027633771,0.027885793,0.015086715,0.027885793,0.0095806221,0.0040820932,0,82,12,14,12,False,0.020591249,30.7,65.2,53248.5,5.75
101,14260,"Boise City, ID",unemployment_rate,82,82,0,0,6.1756098,5.75,2.4273422,3.2,3.775,8.5,9.7,3.2,9.7,4.725,2.05,0,82,12,14,12,False,0.020591249,30.7,65.2,53248.5,5.75
101,14260,"Boise City, ID",educational_attainment_pct,82,82,0,0,31.463415,30.7,2.6307072,28.5,29.3,33.725,36.6,28.5,36.6,4.425,2,0,82,12,14,12,False,0.020591249,30.7,65.2,53248.5,5.75
101,14260,"Boise City, ID",median_household_income,82,82,0,0,59646.256,53248.5,11127.581,50126,50899,68530,82694,50126,82694,17631,3122.5,0,82,12,14,12,False,0.020591249,30.7,65.2,53248.5,5.75
101,14260,"Boise City, ID",labor_force_participation_pct,82,82,0,0,65.568293,65.3,1.0003553,64.5,64.9,66,67.6,64.4,67.6,1.1,0.7,0,82,12,14,12,False,0.020591249,30.7,65.2,53248.5,5.75
105,14460,"Boston-Cambridge-Newton, MA-NH",startup_rate,202,202,0,0,6.4818912,6.8658349,2.1025689,2.1330753,5.2192004,7.9952708,9.1829867,0.82781457,9.8689667,2.7760705,1.4554064,0,202,15,14,15,True,0.0083395921,45.9,69.1,79823.5,5.95
105,14460,"Boston-Cambridge-Newton, MA-NH",employment_growth,202,181,21,10.39604,0.012848522,0.018725545,0.056370942,-0.061401294,-0.00017263604,0.031915436,0.072711846,-0.36538221,0.20933566,0.032088072,0.015122216,0,202,15,14,15,True,0.0083395921,45.9,69.1,79823.5,5.95
105,14460,"Boston-Cambridge-Newton, MA-NH",establishment_growth,202,181,21,10.39604,0.02148165,0.013359199,0.088251558,-0.021072065,0.0018515881,0.031305563,0.064305177,-0.42520488,1.0584688,0.029453975,0.015053827,0,202,15,14,15,True,0.0083395921,45.9,69.1,79823.5,5.95
105,14460,"Boston-Cambridge-Newton, MA-NH",payroll_growth,202,181,21,10.39604,0.050888438,0.049118171,0.061722208,-0.025992623,0.031424374,0.070789169,0.12511525,-0.30045309,0.32189663,0.039364795,0.020337632,0,202,15,14,15,True,0.0083395921,45.9,69.1,79823.5,5.95
105,14460,"Boston-Cambridge-Newton, MA-NH",wage_growth,202,181,21,10.39604,0.037995846,0.033729238,0.033616274,-0.0077796635,0.016585991,0.049022868,0.094542737,-0.063456855,0.20668919,0.032436877,0.016056275,0,202,15,14,15,True,0.0083395921,45.9,69.1,79823.5,5.95
105,14460,"Boston-Cambridge-Newton, MA-NH",acs_population_growth,202,187,15,7.4257426,0.0069606609,0.0083395921,0.0034483707,8.5300782e-05,0.0046482599,0.0092743121,0.011786666,8.5300782e-05,0.011786666,0.0046260522,0.0011029713,0,202,15,14,15,True,0.0083395921,45.9,69.1,79823.5,5.95
105,14460,"Boston-Cambridge-Newton, MA-NH",unemployment_rate,202,202,0,0,6.1955446,5.95,1.3148709,4.5,5,7.6,8.3,4.5,8.3,2.6,1.05,0,202,15,14,15,True,0.0083395921,45.9,69.1,79823.5,5.95
105,14460,"Boston-Cambridge-Newton, MA-NH",educational_attainment_pct,202,202,0,0,46.239109,45.9,3.0339382,42.1,43.4,48.9,51.2,42.1,51.2,5.5,3,0,202,15,14,15,True,0.0083395921,45.9,69.1,79823.5,5.95
105,14460,"Boston-Cambridge-Newton, MA-NH",median_household_income,202,202,0,0,84893.762,79823.5,13555.315,69983,73180,93537,112484,69983,112484,20357,7945.5,0,202,15,14,15,True,0.0083395921,45.9,69.1,79823.5,5.95
105,14460,"Boston-Cambridge-Newton, MA-NH",labor_force_participation_pct,202,202,0,0,69.15099,69.1,0.11854848,69,69.1,69.2,69.4,69,69.4,0.1,0.1,0,202,15,14,15,True,0.0083395921,45.9,69.1,79823.5,5.95
106,14500,"Boulder, CO",startup_rate,230,230,0,0,8.3446838,8.1848991,3.5577699,0,6.7125776,9.828623,13.610914,0,23.529412,3.1160454,1.5462777,6.5217391,230,19,14,19,True,0.012415225,59.85,69.05,73975.5,5.4
106,14500,"Boulder, CO",employment_growth,230,214,16,6.9565217,0.020453601,0.028441606,0.071812381,-0.07290392,0.004307915,0.046783483,0.10702247,-0.53944954,0.31395349,0.042475568,0.021466431,0,230,19,14,19,True,0.012415225,59.85,69.05,73975.5,5.4
106,14500,"Boulder, CO",establishment_growth,230,214,16,6.9565217,0.034662902,0.025239929,0.052542978,-0.020982564,0.010788276,0.054198351,0.098345455,-0.125,0.42857143,0.043410074,0.019540731,3.7383178,230,19,14,19,True,0.012415225,59.85,69.05,73975.5,5.4
106,14500,"Boulder, CO",payroll_growth,230,214,16,6.9565217,0.063960368,0.065601092,0.086098815,-0.042267895,0.03095726,0.1067021,0.17552775,-0.5633578,0.34841049,0.075744841,0.035579913,0,230,19,14,19,True,0.012415225,59.85,69.05,73975.5,5.4
106,14500,"Boulder, CO",wage_growth,230,214,16,6.9565217,0.04266155,0.041136958,0.047079455,-0.026355876,0.018844187,0.067286446,0.099375421,-0.10496138,0.24700698,0.048442258,0.024120224,0,230,19,14,19,True,0.012415225,59.85,69.05,73975.5,5.4
106,14500,"Boulder, CO",acs_population_growth,230,214,16,6.9565217,0.0095795835,0.012415225,0.0052383555,-0.0010375527,0.0067346749,0.013409853,0.01594542,-0.0010375527,0.01594542,0.0066751779,0.0019802144,0,230,19,14,19,True,0.012415225,59.85,69.05,73975.5,5.4
106,14500,"Boulder, CO",unemployment_rate,230,230,0,0,5.5630435,5.2,1.0569295,4.2,4.6,6.7,7.3,4.2,7.3,2.1,0.85,0,230,19,14,19,True,0.012415225,59.85,69.05,73975.5,5.4
106,14500,"Boulder, CO",educational_attainment_pct,230,230,0,0,60.280435,60.4,2.2804485,57,58.2,62.9,63.9,57,63.9,4.7,2.2,0,230,19,14,19,True,0.012415225,59.85,69.05,73975.5,5.4
106,14500,"Boulder, CO",median_household_income,230,230,0,0,78550.183,75669,12141.114,64839,67956,87476,102772,64839,102772,19520,7713,0,230,19,14,19,True,0.012415225,59.85,69.05,73975.5,5.4
106,14500,"Boulder, CO",labor_force_participation_pct,230,230,0,0,69.002609,69,0.97809733,67.3,68.1,69.9,70.3,67.3,70.3,1.8,0.9,0,230,19,14,19,True,0.012415225,59.85,69.05,73975.5,5.4
107,14540,"Bowling Green, KY",startup_rate,48,48,0,0,6.0429651,5.7257991,2.6977035,2.7037037,4.2507821,7.2461064,9.5569892,0,15.120275,2.9953243,1.562665,2.0833333,48,6,14,6,False,0.014004463,25.5,63.35,46036,6.45
107,14540,"Bowling Green, KY",employment_growth,48,37,11,22.916667,0.018378892,0.01404364,0.036902761,-0.036782681,-0.0015948963,0.038631603,0.081490736,-0.044165504,0.10522648,0.0402265,0.023182419,0,48,6,14,6,False,0.014004463,25.5,63.35,46036,6.45
107,14540,"Bowling Green, KY",establishment_growth,48,37,11,22.916667,0.041011052,0.036036036,0.059994662,-0.026351641,0.0062305296,0.064885496,0.15925286,-0.062146893,0.21111111,0.058654967,0.029491029,0,48,6,14,6,False,0.014004463,25.5,63.35,46036,6.45
107,14540,"Bowling Green, KY",payroll_growth,48,37,11,22.916667,0.060808424,0.043067048,0.052600435,-0.010103816,0.031028095,0.086936581,0.15109437,-0.023816635,0.18467567,0.055908486,0.031602185,0,48,6,14,6,False,0.014004463,25.5,63.35,46036,6.45
107,14540,"Bowling Green, KY",wage_growth,48,37,11,22.916667,0.041512719,0.033994246,0.029822247,0.008877164,0.0226229,0.059978676,0.088005486,-0.036257874,0.11241598,0.037355776,0.017213072,0,48,6,14,6,False,0.014004463,25.5,63.35,46036,6.45
107,14540,"Bowling Green, KY",acs_population_growth,48,44,4,8.3333333,0.019849833,0.014004463,0.039309706,0.0087417728,0.012477718,0.016768095,0.0171671,0.0087417728,0.27418048,0.0042903762,0.0019289958,0,48,6,14,6,False,0.014004463,25.5,63.35,46036,6.45
107,14540,"Bowling Green, KY",unemployment_rate,48,48,0,0,6.5604167,5.4,1.7469413,4.935,5.2,8.1,9.6,4.9,10,2.9,0.5,0,48,6,14,6,False,0.014004463,25.5,63.35,46036,6.45
107,14540,"Bowling Green, KY",educational_attainment_pct,48,48,0,0,25.997917,25.8,1.5661974,23.07,25.3,27.3,27.8,22.5,27.8,2,1.3,0,48,6,14,6,False,0.014004463,25.5,63.35,46036,6.45
107,14540,"Bowling Green, KY",median_household_income,48,48,0,0,50015.292,49068,7154.5167,42162,43243.25,54850,62437,42162,62437,11606.75,5782,0,48,6,14,6,False,0.014004463,25.5,63.35,46036,6.45
107,14540,"Bowling Green, KY",labor_force_participation_pct,48,48,0,0,63.525,63.7,1.1895824,61.735,62.6,64,65.5,61.7,65.5,1.4,1,0,48,6,14,6,False,0.014004463,25.5,63.35,46036,6.45
108,14580,"Bozeman, MT",startup_rate,236,236,0,0,7.4684372,8.0537058,4.3556728,0,5.1781552,10.044519,13.277892,0,29.411765,4.8663642,2.3302407,13.135593,236,19,14,19,True,,53.1,71,87454,2.3
108,14580,"Bozeman, MT",employment_growth,236,213,23,9.7457627,0.044117422,0.044011544,0.05949856,-0.054423145,0.021452145,0.072907291,0.13183633,-0.1705151,0.28296296,0.051455146,0.026353815,0.93896714,236,19,14,19,True,,53.1,71,87454,2.3
108,14580,"Bozeman, MT",establishment_growth,236,213,23,9.7457627,0.049099409,0.040145985,0.062310497,-0.032496329,0.011494253,0.077253219,0.16233766,-0.13333333,0.4,0.065758966,0.030599712,4.6948357,236,19,14,19,True,,53.1,71,87454,2.3
108,14580,"Bozeman, MT",payroll_growth,236,213,23,9.7457627,0.097249514,0.088884996,0.093660841,-0.032099527,0.055492367,0.13356638,0.22559719,-0.34447843,0.54672588,0.078074012,0.039144529,0,236,19,14,19,True,,53.1,71,87454,2.3
108,14580,"Bozeman, MT",wage_growth,236,213,23,9.7457627,0.051155415,0.047766617,0.069487159,-0.016651794,0.019324235,0.07939164,0.15933692,-0.36175448,0.37030101,0.060067405,0.029816292,0,236,19,14,19,True,,53.1,71,87454,2.3
108,14580,"Bozeman, MT",acs_population_growth,236,0,236,100,,,,,,,,,,,,,236,19,14,19,True,,53.1,71,87454,2.3
108,14580,"Bozeman, MT",unemployment_rate,236,16,220,93.220339,2.3,2.3,0,2.3,2.3,2.3,2.3,2.3,2.3,0,0,0,236,19,14,19,True,,53.1,71,87454,2.3
108,14580,"Bozeman, MT",educational_attainment_pct,236,16,220,93.220339,53.1,53.1,0,53.1,53.1,53.1,53.1,53.1,53.1,0,0,0,236,19,14,19,True,,53.1,71,87454,2.3
108,14580,"Bozeman, MT",median_household_income,236,16,220,93.220339,87454,87454,0,87454,87454,87454,87454,87454,87454,0,0,0,236,19,14,19,True,,53.1,71,87454,2.3
108,14580,"Bozeman, MT",labor_force_participation_pct,236,16,220,93.220339,71,71,0,71,71,71,71,71,71,0,0,0,236,19,14,19,True,,53.1,71,87454,2.3
114,14740,"Bremerton-Silverdale-Port Orchard, WA",startup_rate,229,229,0,0,6.6739621,6.557377,3.4721343,0,4.8951049,8.9552239,11.445479,0,17.391304,4.060119,2.0119225,11.353712,229,18,14,18,True,0.0080135922,31.5,62.1,66676.5,6.35
114,14740,"Bremerton-Silverdale-Port Orchard, WA",employment_growth,229,211,18,7.860262,0.018359836,0.019851117,0.096565966,-0.1116374,-0.013047778,0.050831147,0.12029613,-0.37887282,0.49606299,0.063878925,0.03256615,0.9478673,229,18,14,18,True,0.0080135922,31.5,62.1,66676.5,6.35
114,14740,"Bremerton-Silverdale-Port Orchard, WA",establishment_growth,229,211,18,7.860262,0.026572826,0.015414258,0.21397358,-0.090909091,-0.0098288828,0.047017345,0.13682942,-0.75845666,2.8454707,0.056846228,0.02769496,7.5829384,229,18,14,18,True,0.0080135922,31.5,62.1,66676.5,6.35
114,14740,"Bremerton-Silverdale-Port Orchard, WA",payroll_growth,229,211,18,7.860262,0.062883609,0.058671013,0.1094359,-0.10944457,0.015746477,0.10524148,0.24869528,-0.60668624,0.45914032,0.089495003,0.045090013,0,229,18,14,18,True,0.0080135922,31.5,62.1,66676.5,6.35
114,14740,"Bremerton-Silverdale-Port Orchard, WA",wage_growth,229,211,18,7.860262,0.045010907,0.037214218,0.075373195,-0.040818824,0.017487397,0.068407921,0.14409604,-0.37101027,0.40160144,0.050920524,0.024357307,0,229,18,14,18,True,0.0080135922,31.5,62.1,66676.5,6.35
114,14740,"Bremerton-Silverdale-Port Orchard, WA",acs_population_growth,229,213,16,6.9868996,0.0085893029,0.0080135922,0.0035766206,0.0036685702,0.0054954017,0.011520148,0.015345145,0.0036685702,0.015345145,0.0060247463,0.0028942604,0,229,18,14,18,True,0.0080135922,31.5,62.1,66676.5,6.35
114,14740,"Bremerton-Silverdale-Port Orchard, WA",unemployment_rate,229,229,0,0,6.7650655,7,2.0193152,4.4,4.7,8.9,9.6,4.4,9.6,4.2,2,0,229,18,14,18,True,0.0080135922,31.5,62.1,66676.5,6.35
114,14740,"Bremerton-Silverdale-Port Orchard, WA",educational_attainment_pct,229,229,0,0,31.783843,31.2,2.629297,28,29.5,34.4,36.5,28,36.5,4.9,2,0,229,18,14,18,True,0.0080135922,31.5,62.1,66676.5,6.35
114,14740,"Bremerton-Silverdale-Port Orchard, WA",median_household_income,229,229,0,0,71908.782,65017,12316.873,59549,62413,78969,98546,59549,98546,16556,3905,0,229,18,14,18,True,0.0080135922,31.5,62.1,66676.5,6.35
114,14740,"Bremerton-Silverdale-Port Orchard, WA",labor_force_participation_pct,229,229,0,0,62.544541,62,0.90589124,61.7,61.8,63.5,64.4,61.7,64.4,1.7,0.3,0,229,18,14,18,True,0.0080135922,31.5,62.1,66676.5,6.35
122,15180,"Brownsville-Harlingen, TX",startup_rate,232,232,0,0,6.3810855,6.6052775,3.6234075,0,4.5815189,8.5770089,11.474082,0,21.666667,3.9954901,2.0139858,13.362069,232,19,14,19,True,0.0033812099,17,55.15,35336.5,7.7
122,15180,"Brownsville-Harlingen, TX",employment_growth,232,216,16,6.8965517,0.030240561,0.018116483,0.14546232,-0.10591511,-0.022015035,0.052731307,0.17933897,-0.34089298,1.2432,0.074746342,0.038671774,0.46296296,232,19,14,19,True,0.0033812099,17,55.15,35336.5,7.7
122,15180,"Brownsville-Harlingen, TX",establishment_growth,232,216,16,6.8965517,0.0093372307,0.0098032513,0.042423164,-0.063920455,-0.0085899547,0.029634581,0.067059906,-0.15384615,0.15789474,0.038224536,0.01863128,7.4074074,232,19,14,19,True,0.0033812099,17,55.15,35336.5,7.7
122,15180,"Brownsville-Harlingen, TX",payroll_growth,232,216,16,6.8965517,0.071851986,0.050397803,0.18982161,-0.10342825,0.0097640479,0.1045333,0.23216634,-0.45928311,1.6793028,0.094769249,0.045263641,0,232,19,14,19,True,0.0033812099,17,55.15,35336.5,7.7
122,15180,"Brownsville-Harlingen, TX",wage_growth,232,216,16,6.8965517,0.039104927,0.036393605,0.072033165,-0.034631396,0.0099043416,0.065736192,0.1356362,-0.39901523,0.60003699,0.05583185,0.028686509,0,232,19,14,19,True,0.0033812099,17,55.15,35336.5,7.7
122,15180,"Brownsville-Harlingen, TX",acs_population_growth,232,216,16,6.8965517,0.005809505,0.0033812099,0.0058120103,-0.0037452474,0.0020050389,0.010696112,0.017191526,-0.0037452474,0.017191526,0.0086910727,0.0034701017,0,232,19,14,19,True,0.0033812099,17,55.15,35336.5,7.7
122,15180,"Brownsville-Harlingen, TX",unemployment_rate,232,232,0,0,7.7991379,8,1.8535094,5.6,5.8,9.4,10.7,5.6,10.7,3.6,2,0,232,19,14,19,True,0.0033812099,17,55.15,35336.5,7.7
122,15180,"Brownsville-Harlingen, TX",educational_attainment_pct,232,232,0,0,16.974138,16.8,1.8063678,14.5,15.4,18.2,20.6,14.5,20.6,2.8,1.4,0,232,19,14,19,True,0.0033812099,17,55.15,35336.5,7.7
122,15180,"Brownsville-Harlingen, TX",median_household_income,232,232,0,0,37489.616,34578,6004.49,31264,33179,41200,51334,31264,51334,8021,2422,0,232,19,14,19,True,0.0033812099,17,55.15,35336.5,7.7
122,15180,"Brownsville-Harlingen, TX",labor_force_participation_pct,232,232,0,0,55.564224,55.1,1.1315106,54.3,54.8,56.3,58.1,54.3,58.1,1.5,0.5,0,232,19,14,19,True,0.0033812099,17,55.15,35336.5,7.7
124,15260,"Brunswick-St. Simons, GA",startup_rate,96,96,0,0,6.4819006,6.3147457,1.9844878,3.4979156,5.1984071,7.5712302,9.979772,2.7888446,13.636364,2.3728232,1.253215,0,96,10,14,10,False,0.0063863529,23.55,58.35,46319.5,7.3
124,15260,"Brunswick-St. Simons, GA",employment_growth,96,81,15,15.625,0.01371989,0.0071315372,0.092392049,-0.076990376,-0.022972973,0.03315508,0.10897928,-0.22476587,0.66257465,0.056128053,0.03010451,0,96,10,14,10,False,0.0063863529,23.55,58.35,46319.5,7.3
124,15260,"Brunswick-St. Simons, GA",establishment_growth,96,81,15,15.625,-0.0047172686,0.0035211268,0.045894242,-0.074144487,-0.022026432,0.023489933,0.059479554,-0.17948718,0.080645161,0.045516365,0.022938602,1.2345679,96,10,14,10,False,0.0063863529,23.55,58.35,46319.5,7.3
124,15260,"Brunswick-St. Simons, GA",payroll_growth,96,81,15,15.625,0.053048827,0.040503103,0.14194431,-0.042049857,0.002031547,0.074589878,0.1611518,-0.35000442,1.0704823,0.072558331,0.036661798,0,96,10,14,10,False,0.0063863529,23.55,58.35,46319.5,7.3
124,15260,"Brunswick-St. Simons, GA",wage_growth,96,81,15,15.625,0.036568703,0.029826139,0.055631705,-0.033882614,0.01225143,0.062115931,0.11498693,-0.16154151,0.24535368,0.049864501,0.022855476,0,96,10,14,10,False,0.0063863529,23.55,58.35,46319.5,7.3
124,15260,"Brunswick-St. Simons, GA",acs_population_growth,96,89,7,7.2916667,0.0045113301,0.0063863529,0.010815709,-0.021995689,0.0055471419,0.0071858319,0.015023052,-0.037351141,0.015023052,0.00163869,0.00083921102,0,96,10,14,10,False,0.0063863529,23.55,58.35,46319.5,7.3
124,15260,"Brunswick-St. Simons, GA",unemployment_rate,96,96,0,0,7.453125,7.4,2.6753043,4.2,4.7,9.5,11.9,4.2,11.9,4.8,2.3,0,96,10,14,10,False,0.0063863529,23.55,58.35,46319.5,7.3
124,15260,"Brunswick-St. Simons, GA",educational_attainment_pct,96,96,0,0,23.48125,23.4,1.8009537,21.2,21.6,25,26.2,21.2,26.2,3.4,1.8,0,96,10,14,10,False,0.0063863529,23.55,58.35,46319.5,7.3
124,15260,"Brunswick-St. Simons, GA",median_household_income,96,96,0,0,49617.042,46199,6683.3871,43572,44887,53541,64819,43572,64819,8654,2041,0,96,10,14,10,False,0.0063863529,23.55,58.35,46319.5,7.3
124,15260,"Brunswick-St. Simons, GA",labor_force_participation_pct,96,96,0,0,58.820833,58.5,2.4218704,54.7,57.3,61.2,62.5,54.7,62.5,3.9,2,0,96,10,14,10,False,0.0063863529,23.55,58.35,46319.5,7.3
126,15380,"Buffalo-Cheektowaga, NY",startup_rate,227,227,0,0,6.068091,5.9701493,2.6893808,1.9596629,4.2215384,8.0481218,10.287976,0,13.318284,3.8265834,1.8848917,3.9647577,227,17,14,17,True,-0.00029848118,30.8,62.65,52918.5,5.95
126,15380,"Buffalo-Cheektowaga, NY",employment_growth,227,212,15,6.6079295,0.0043972599,0.0075323967,0.061542056,-0.081938268,-0.012811616,0.026529325,0.071275456,-0.40405479,0.26725838,0.039340941,0.019775942,0,227,17,14,17,True,-0.00029848118,30.8,62.65,52918.5,5.95
126,15380,"Buffalo-Cheektowaga, NY",establishment_growth,227,212,15,6.6079295,0.0034651641,0.0024225854,0.032203527,-0.032264527,-0.01007681,0.015853488,0.04481352,-0.13888889,0.16129032,0.025930298,0.013138428,0.94339623,227,17,14,17,True,-0.00029848118,30.8,62.65,52918.5,5.95
126,15380,"Buffalo-Cheektowaga, NY",payroll_growth,227,212,15,6.6079295,0.039797569,0.036151732,0.059876741,-0.031997506,0.011876063,0.06419331,0.12464366,-0.23453185,0.39182904,0.052317247,0.026213127,0,227,17,14,17,True,-0.00029848118,30.8,62.65,52918.5,5.95
126,15380,"Buffalo-Cheektowaga, NY",wage_growth,227,212,15,6.6079295,0.036704213,0.030483118,0.049414209,-0.0057605026,0.015494523,0.04652081,0.1060115,-0.12454472,0.55804747,0.031026286,0.015370479,0,227,17,14,17,True,-0.00029848118,30.8,62.65,52918.5,5.95
126,15380,"Buffalo-Cheektowaga, NY",acs_population_growth,227,212,15,6.6079295,0.0017488217,-0.00029848118,0.0083799486,-0.0044867904,-0.0012328004,0.00080772595,0.029676232,-0.0044867904,0.029676232,0.0020405264,0.0010345403,0,227,17,14,17,True,-0.00029848118,30.8,62.65,52918.5,5.95
126,15380,"Buffalo-Cheektowaga, NY",unemployment_rate,227,227,0,0,6.3563877,5.6,1.4430153,4.4,5,8,8.6,4.4,8.6,3,0.7,0,227,17,14,17,True,-0.00029848118,30.8,62.65,52918.5,5.95
126,15380,"Buffalo-Cheektowaga, NY",educational_attainment_pct,227,227,0,0,31.148018,31.1,2.4466399,27.3,29.2,33.3,35.1,27.3,35.1,4.1,2.2,0,227,17,14,17,True,-0.00029848118,30.8,62.65,52918.5,5.95
126,15380,"Buffalo-Cheektowaga, NY",median_household_income,227,227,0,0,55450.507,53534,7023.4171,47093,50210,59079,70572,47093,70572,8869,3962,0,227,17,14,17,True,-0.00029848118,30.8,62.65,52918.5,5.95
126,15380,"Buffalo-Cheektowaga, NY",labor_force_participation_pct,227,227,0,0,62.712775,62.6,0.36100249,62.2,62.4,63,63.4,62.2,63.4,0.6,0.3,0,227,17,14,17,True,-0.00029848118,30.8,62.65,52918.5,5.95
129,15500,"Burlington, NC",startup_rate,209,209,0,0,6.3110578,5.6818182,4.267387,0,3.8961039,9.1666667,13.673724,0,20,5.2705628,2.5149031,13.875598,209,18,14,18,True,0.014594333,22.5,62.75,44355.5,6.45
129,15500,"Burlington, NC",employment_growth,209,193,16,7.6555024,0.030535272,0.019054878,0.20798882,-0.097902891,-0.01369088,0.051362215,0.18267065,-0.82985628,2.3928571,0.065053096,0.032447268,0.51813472,209,18,14,18,True,0.014594333,22.5,62.75,44355.5,6.45
129,15500,"Burlington, NC",establishment_growth,209,193,16,7.6555024,0.027438202,0.018315018,0.086807621,-0.067732558,-0.0051813472,0.065637066,0.14041384,-0.51351351,0.4192229,0.070818413,0.032610908,6.2176166,209,18,14,18,True,0.014594333,22.5,62.75,44355.5,6.45
129,15500,"Burlington, NC",payroll_growth,209,193,16,7.6555024,0.067629758,0.052008022,0.21005879,-0.089272713,0.017299592,0.10869012,0.22401003,-0.76098215,2.3389027,0.091390532,0.044333622,0,209,18,14,18,True,0.014594333,22.5,62.75,44355.5,6.45
129,15500,"Burlington, NC",wage_growth,209,193,16,7.6555024,0.039010325,0.036317467,0.070263606,-0.06416109,0.0063113123,0.07007889,0.14428491,-0.26676907,0.40480726,0.063767578,0.031595086,0,209,18,14,18,True,0.014594333,22.5,62.75,44355.5,6.45
129,15500,"Burlington, NC",acs_population_growth,209,193,16,7.6555024,0.013164401,0.014594333,0.0039497684,0.0071751536,0.00941345,0.017113392,0.018303399,0.0071751536,0.018303399,0.0076999418,0.0030110118,0,209,18,14,18,True,0.014594333,22.5,62.75,44355.5,6.45
129,15500,"Burlington, NC",unemployment_rate,209,209,0,0,6.95311,6,1.8386613,4.9,5.2,8.6,10,4.9,10,3.4,1,0,209,18,14,18,True,0.014594333,22.5,62.75,44355.5,6.45
129,15500,"Burlington, NC",educational_attainment_pct,209,209,0,0,23.573684,22.9,2.2556396,21,21.6,25.3,27.7,21,27.7,3.7,1.5,0,209,18,14,18,True,0.014594333,22.5,62.75,44355.5,6.45
129,15500,"Burlington, NC",median_household_income,209,209,0,0,48263.895,44281,6942.3561,41814,43209,51580,64445,41814,64445,8371,1689,0,209,18,14,18,True,0.014594333,22.5,62.75,44355.5,6.45
129,15500,"Burlington, NC",labor_force_participation_pct,209,209,0,0,63.204785,62.7,1.3978266,61.6,62.4,63.6,66.5,61.6,66.5,1.2,0.3,0,209,18,14,18,True,0.014594333,22.5,62.75,44355.5,6.45
130,15540,"Burlington-South Burlington, VT",startup_rate,128,128,0,0,6.3638395,5.8218654,4.4597555,2.1403065,4.3703155,7.3713324,10.192005,0,41.666667,3.0010169,1.5469523,0.78125,128,14,14,14,True,0.0050051753,43.1,69.75,64801.5,4.45
130,15540,"Burlington-South Burlington, VT",employment_growth,128,103,25,19.53125,0.0067041641,0.010279965,0.067374115,-0.076241572,-0.0069552857,0.029953584,0.099358094,-0.34900358,0.21704222,0.036908869,0.01847189,0,128,14,14,14,True,0.0050051753,43.1,69.75,64801.5,4.45
130,15540,"Burlington-South Burlington, VT",establishment_growth,128,103,25,19.53125,0.022885695,0.013850416,0.035275396,-0.019127415,0.0021152072,0.034437191,0.075037835,-0.032171582,0.16339869,0.032321984,0.013850416,6.7961165,128,14,14,14,True,0.0050051753,43.1,69.75,64801.5,4.45
130,15540,"Burlington-South Burlington, VT",payroll_growth,128,103,25,19.53125,0.047117766,0.040086699,0.072976964,-0.042261403,0.016512086,0.079687299,0.17054238,-0.27501397,0.2477906,0.063175214,0.03048891,0,128,14,14,14,True,0.0050051753,43.1,69.75,64801.5,4.45
130,15540,"Burlington-South Burlington, VT",wage_growth,128,103,25,19.53125,0.041127155,0.039640675,0.046257693,-0.022284523,0.017275,0.059501211,0.10902498,-0.094265888,0.27263196,0.04222621,0.022171057,0,128,14,14,14,True,0.0050051753,43.1,69.75,64801.5,4.45
130,15540,"Burlington-South Burlington, VT",acs_population_growth,128,122,6,4.6875,0.0060888368,0.0052216734,0.0045035234,0.0031053314,0.0044793038,0.0055701039,0.021659598,0.0031053314,0.021659598,0.0010908002,0.00066150947,0,128,14,14,14,True,0.0050051753,43.1,69.75,64801.5,4.45
130,15540,"Burlington-South Burlington, VT",unemployment_rate,128,128,0,0,4.6367188,4.2,0.99192576,3.5,3.8,5.8,6.2,3.5,6.2,2,0.7,0,128,14,14,14,True,0.0050051753,43.1,69.75,64801.5,4.45
130,15540,"Burlington-South Burlington, VT",educational_attainment_pct,128,128,0,0,43.832031,43.4,3.2272202,39.3,41.2,46.2,49.1,38.7,49.1,5,2.2,0,128,14,14,14,True,0.0050051753,43.1,69.75,64801.5,4.45
130,15540,"Burlington-South Burlington, VT",median_household_income,128,128,0,0,69906.086,65476,10092.414,60552,61763,73447,90911,58075,90911,11684,3873,0,128,14,14,14,True,0.0050051753,43.1,69.75,64801.5,4.45
130,15540,"Burlington-South Burlington, VT",labor_force_participation_pct,128,128,0,0,69.845312,69.5,1.1117737,68.5,68.7,70.9,71.6,68.5,71.7,2.2,0.9,0,128,14,14,14,True,0.0050051753,43.1,69.75,64801.5,4.45
140,15940,"Canton-Massillon, OH",startup_rate,195,195,0,0,5.2463996,4.7413793,4.2754863,0,3.198327,7.0882101,10.761547,0,37.5,3.8898831,1.8936918,12.307692,195,17,14,17,True,-0.00116527,21.9,62.6,49461,7.05
140,15940,"Canton-Massillon, OH",employment_growth,195,177,18,9.2307692,0.0098112218,0.011040274,0.084048,-0.113702,-0.01949485,0.039777804,0.11335691,-0.50148368,0.42434958,0.059272654,0.030405242,1.6949153,195,17,14,17,True,-0.00116527,21.9,62.6,49461,7.05
140,15940,"Canton-Massillon, OH",establishment_growth,195,177,18,9.2307692,0.0069855711,0.0041493776,0.037634182,-0.047923588,-0.011097411,0.022140221,0.063900176,-0.10752688,0.20588235,0.033237632,0.016618206,3.9548023,195,17,14,17,True,-0.00116527,21.9,62.6,49461,7.05
140,15940,"Canton-Massillon, OH",payroll_growth,195,177,18,9.2307692,0.046652317,0.04584271,0.10899673,-0.099470781,0.014236949,0.08739426,0.18091047,-0.56999148,0.58657813,0.073157311,0.035909877,0,195,17,14,17,True,-0.00116527,21.9,62.6,49461,7.05
140,15940,"Canton-Massillon, OH",wage_growth,195,177,18,9.2307692,0.035483916,0.03851924,0.050212368,-0.044028001,0.013842997,0.060908254,0.11430272,-0.15944821,0.17827802,0.047065257,0.023674073,0,195,17,14,17,True,-0.00116527,21.9,62.6,49461,7.05
140,15940,"Canton-Massillon, OH",acs_population_growth,195,181,14,7.1794872,-0.001010091,-0.00116527,0.0022222621,-0.0032838553,-0.0019162509,-0.00094950559,0.0071906719,-0.0032838553,0.0071906719,0.00096674531,0.00044926594,0,195,17,14,17,True,-0.00116527,21.9,62.6,49461,7.05
140,15940,"Canton-Massillon, OH",unemployment_rate,195,195,0,0,7.3451282,7.5,2.1561742,3.9,5.4,9.5,10.5,3.9,10.5,4.1,2.1,0,195,17,14,17,True,-0.00116527,21.9,62.6,49461,7.05
140,15940,"Canton-Massillon, OH",educational_attainment_pct,195,195,0,0,21.573846,21.8,1.2873224,19.8,20.4,22.1,24.2,19.8,24.2,1.7,1.1,0,195,17,14,17,True,-0.00116527,21.9,62.6,49461,7.05
140,15940,"Canton-Massillon, OH",median_household_income,195,195,0,0,50863.359,48705,6346.2338,44788,45424,53978,65666,44788,65666,8554,3500,0,195,17,14,17,True,-0.00116527,21.9,62.6,49461,7.05
140,15940,"Canton-Massillon, OH",labor_force_participation_pct,195,195,0,0,62.6,62.6,0.68609158,61.4,62.4,63,63.9,61.4,63.9,0.6,0.4,0,195,17,14,17,True,-0.00116527,21.9,62.6,49461,7.05
141,15980,"Cape Coral-Fort Myers, FL",startup_rate,229,229,0,0,9.6145736,9.9345628,3.8020863,0,7.5862069,12.108383,14.353039,0,23.529412,4.5221758,2.2890371,6.5502183,229,19,14,19,True,0.025604799,26.95,53.25,51221,7.8
141,15980,"Cape Coral-Fort Myers, FL",employment_growth,229,212,17,7.4235808,0.037569067,0.034611628,0.054797869,-0.045913695,0.0096700213,0.064452022,0.12745627,-0.1521396,0.23762376,0.054782001,0.027689886,0,229,19,14,19,True,0.025604799,26.95,53.25,51221,7.8
141,15980,"Cape Coral-Fort Myers, FL",establishment_growth,229,212,17,7.4235808,0.036065368,0.031698635,0.052631142,-0.020380377,0.010014445,0.054273639,0.12095588,-0.11764706,0.44444444,0.044259194,0.022371055,2.3584906,229,19,14,19,True,0.025604799,26.95,53.25,51221,7.8
141,15980,"Cape Coral-Fort Myers, FL",payroll_growth,229,212,17,7.4235808,0.079095546,0.069249363,0.074279928,-0.027876325,0.037710299,0.11363762,0.21368354,-0.13530164,0.32528834,0.075927322,0.037373938,0,229,19,14,19,True,0.025604799,26.95,53.25,51221,7.8
141,15980,"Cape Coral-Fort Myers, FL",wage_growth,229,212,17,7.4235808,0.040308949,0.032561898,0.052110794,-0.018263952,0.01615086,0.056141513,0.12961582,-0.18221277,0.37104144,0.039990653,0.020436464,0,229,19,14,19,True,0.025604799,26.95,53.25,51221,7.8
141,15980,"Cape Coral-Fort Myers, FL",acs_population_growth,229,212,17,7.4235808,0.020837085,0.025604799,0.0090078414,-0.0057086588,0.016150718,0.0261438,0.028187732,-0.0057086588,0.028187732,0.0099930819,0.0018474747,0,229,19,14,19,True,0.025604799,26.95,53.25,51221,7.8
141,15980,"Cape Coral-Fort Myers, FL",unemployment_rate,229,229,0,0,8.2938865,8.5,3.3442878,4.2,5,11.9,13.5,4.2,13.5,6.9,3.4,0,229,19,14,19,True,0.025604799,26.95,53.25,51221,7.8
141,15980,"Cape Coral-Fort Myers, FL",educational_attainment_pct,229,229,0,0,26.984279,26.7,2.0677382,24.6,24.7,28.5,30.8,24.6,30.8,3.8,2,0,229,19,14,19,True,0.025604799,26.95,53.25,51221,7.8
141,15980,"Cape Coral-Fort Myers, FL",median_household_income,229,229,0,0,55118.428,50390,8076.048,47439,48537,59608,73099,47439,73099,11071,2482,0,229,19,14,19,True,0.025604799,26.95,53.25,51221,7.8
141,15980,"Cape Coral-Fort Myers, FL",labor_force_participation_pct,229,229,0,0,53.867686,53.3,1.4176842,52.6,52.8,54.5,57.2,52.6,57.2,1.7,0.5,0,229,19,14,19,True,0.025604799,26.95,53.25,51221,7.8
142,16020,"Cape Girardeau, MO-IL",startup_rate,59,59,0,0,5.7792805,5.3050398,2.6550611,2.5094834,3.9396761,7.427108,10.236415,0,12.953368,3.4874318,1.7079175,1.6949153,59,8,14,8,False,0.0019565262,25.55,62.15,46300,5.7
142,16020,"Cape Girardeau, MO-IL",employment_growth,59,48,11,18.644068,0.00035034476,0.012150311,0.064244797,-0.085626901,-0.013224514,0.031485822,0.077904591,-0.27083333,0.11295181,0.044710336,0.022640624,0,59,8,14,8,False,0.0019565262,25.55,62.15,46300,5.7
142,16020,"Cape Girardeau, MO-IL",establishment_growth,59,48,11,18.644068,-0.0063689776,0,0.095662485,-0.046212121,-0.020883558,0.020622308,0.083757798,-0.60151803,0.12723214,0.041505866,0.021275313,6.25,59,8,14,8,False,0.0019565262,25.55,62.15,46300,5.7
142,16020,"Cape Girardeau, MO-IL",payroll_growth,59,48,11,18.644068,0.041125731,0.03770133,0.073432633,-0.089817469,0.018914683,0.076405939,0.1444798,-0.13329779,0.30890987,0.057491256,0.031088255,0,59,8,14,8,False,0.0019565262,25.55,62.15,46300,5.7
142,16020,"Cape Girardeau, MO-IL",wage_growth,59,48,11,18.644068,0.041764532,0.035728076,0.051406477,-0.028994856,0.011226857,0.059541815,0.13464925,-0.039072093,0.24204007,0.048314957,0.02470609,0,59,8,14,8,False,0.0019565262,25.55,62.15,46300,5.7
142,16020,"Cape Girardeau, MO-IL",acs_population_growth,59,52,7,11.864407,0.0028744387,0.0031537938,0.0027436902,-0.0022326559,0.00082265594,0.0050298256,0.0060098553,-0.0029356819,0.0060098553,0.0042071697,0.002249278,0,59,8,14,8,False,0.0019565262,25.55,62.15,46300,5.7
142,16020,"Cape Girardeau, MO-IL",unemployment_rate,59,59,0,0,6.1644068,6.8,1.480769,3.58,4.7,7.6,7.8,3.4,7.8,2.9,0.9,0,59,8,14,8,False,0.0019565262,25.55,62.15,46300,5.7
142,16020,"Cape Girardeau, MO-IL",educational_attainment_pct,59,59,0,0,25.240678,24.1,2.4528744,22.7,23.4,27.1,29.77,22.7,30.4,3.7,1.4,0,59,8,14,8,False,0.0019565262,25.55,62.15,46300,5.7
142,16020,"Cape Girardeau, MO-IL",median_household_income,59,59,0,0,47623.627,43182,7283.9929,42278,42889,51428,63130.6,42278,67267,8539,904,0,59,8,14,8,False,0.0019565262,25.55,62.15,46300,5.7
142,16020,"Cape Girardeau, MO-IL",labor_force_participation_pct,59,59,0,0,62.394915,62.4,1.1802139,60.59,61.5,63.4,64.3,60.5,64.3,1.9,1,0,59,8,14,8,False,0.0019565262,25.55,62.15,46300,5.7
146,16180,"Carson City, NV",startup_rate,179,179,0,0,6.8108812,6.6176471,4.1431069,0,4.5977011,8.9973545,14.299451,0,27.272727,4.3996533,2.2058824,11.731844,179,15,14,15,True,5.4176072e-05,21.6,60.35,53027,8.6
146,16180,"Carson City, NV",employment_growth,179,166,13,7.2625698,0.023420445,0.014809171,0.09801238,-0.1101606,-0.021799973,0.04588639,0.18005755,-0.1890528,0.49299159,0.067686362,0.034824643,1.8072289,179,15,14,15,True,5.4176072e-05,21.6,60.35,53027,8.6
146,16180,"Carson City, NV",establishment_growth,179,166,13,7.2625698,0.0066739384,0,0.064800777,-0.066766577,-0.02627279,0.024086726,0.11601307,-0.1875,0.29268293,0.050359516,0.02622979,9.6385542,179,15,14,15,True,5.4176072e-05,21.6,60.35,53027,8.6
146,16180,"Carson City, NV",payroll_growth,179,166,13,7.2625698,0.06002123,0.040767379,0.14168459,-0.11702316,0.004325256,0.087749904,0.25014203,-0.30233771,0.79538512,0.083424648,0.04015828,0,179,15,14,15,True,5.4176072e-05,21.6,60.35,53027,8.6
146,16180,"Carson City, NV",wage_growth,179,166,13,7.2625698,0.034648998,0.032657452,0.070289493,-0.056050088,0.0070394418,0.059899173,0.12452495,-0.35289512,0.3391438,0.052859731,0.026356367,0,179,15,14,15,True,5.4176072e-05,21.6,60.35,53027,8.6
146,16180,"Carson City, NV",acs_population_growth,179,167,12,6.7039106,0.004293578,5.4176072e-05,0.01377398,-0.0065779936,-0.0034111016,0.005038218,0.049109406,-0.0065779936,0.049109406,0.0084493196,0.0036011878,0,179,15,14,15,True,5.4176072e-05,21.6,60.35,53027,8.6
146,16180,"Carson City, NV",unemployment_rate,179,179,0,0,9.4625698,7.7,4.8051115,4.1,4.7,14.5,17.5,4.1,17.5,9.8,3.1,0,179,15,14,15,True,5.4176072e-05,21.6,60.35,53027,8.6
146,16180,"Carson City, NV",educational_attainment_pct,179,179,0,0,21.925698,21.6,1.3418957,20.1,20.9,22.9,24.5,20.1,24.5,2,0.9,0,179,15,14,15,True,5.4176072e-05,21.6,60.35,53027,8.6
146,16180,"Carson City, NV",median_household_income,179,179,0,0,55398.564,53987,7097.6184,47668,50108,58305,71809,47668,71809,8197,4318,0,179,15,14,15,True,5.4176072e-05,21.6,60.35,53027,8.6
146,16180,"Carson City, NV",labor_force_participation_pct,179,179,0,0,60.80838,60.3,1.568649,59.2,59.7,61.4,64.7,59.2,64.7,1.7,0.6,0,179,15,14,15,True,5.4176072e-05,21.6,60.35,53027,8.6
147,16220,"Casper, WY",startup_rate,230,230,0,0,5.482532,5.6955708,3.9039207,0,2.8943742,7.7507796,12.385204,0,18.518519,4.8564054,2.4373618,19.130435,230,19,14,19,True,0.0028802858,22.5,68.85,58595.5,4.75
147,16220,"Casper, WY",employment_growth,230,213,17,7.3913043,0.013345171,0.013027158,0.088587774,-0.11440536,-0.020373871,0.054989817,0.13794846,-0.51741294,0.33557047,0.075363688,0.039287276,1.8779343,230,19,14,19,True,0.0028802858,22.5,68.85,58595.5,4.75
147,16220,"Casper, WY",establishment_growth,230,213,17,7.3913043,0.019453695,0.0072463768,0.062540165,-0.056578947,-0.014184397,0.042553191,0.1322449,-0.16666667,0.35048232,0.056737589,0.027236382,10.798122,230,19,14,19,True,0.0028802858,22.5,68.85,58595.5,4.75
147,16220,"Casper, WY",payroll_growth,230,213,17,7.3913043,0.041032309,0.041826685,0.1151815,-0.15332556,-0.0066465588,0.10125572,0.20933997,-0.50696649,0.49623977,0.10790228,0.056797778,0,230,19,14,19,True,0.0028802858,22.5,68.85,58595.5,4.75
147,16220,"Casper, WY",wage_growth,230,213,17,7.3913043,0.0265378,0.029561862,0.057030069,-0.073494983,0.0038752303,0.058175835,0.10727337,-0.20436539,0.17747211,0.054300605,0.028212874,0,230,19,14,19,True,0.0028802858,22.5,68.85,58595.5,4.75
147,16220,"Casper, WY",acs_population_growth,230,213,17,7.3913043,0.0059760625,0.0028802858,0.0097022245,-0.0085553349,-0.0033112171,0.016763819,0.019334177,-0.0085553349,0.019334177,0.020075036,0.0079776038,0,230,19,14,19,True,0.0028802858,22.5,68.85,58595.5,4.75
147,16220,"Casper, WY",unemployment_rate,230,230,0,0,4.6847826,4.6,0.66869076,3.5,4.3,5.1,5.8,3.5,5.8,0.8,0.5,0,230,19,14,19,True,0.0028802858,22.5,68.85,58595.5,4.75
147,16220,"Casper, WY",educational_attainment_pct,230,230,0,0,23.13,22.7,1.9154657,20.9,21.9,23.5,27.4,20.9,27.4,1.6,0.8,0,230,19,14,19,True,0.0028802858,22.5,68.85,58595.5,4.75
147,16220,"Casper, WY",median_household_income,230,230,0,0,60010.987,59400,5562.5561,50936,56769,62772,71247,50936,71247,6003,3372,0,230,19,14,19,True,0.0028802858,22.5,68.85,58595.5,4.75
147,16220,"Casper, WY",labor_force_participation_pct,230,230,0,0,68.865652,68.8,1.0894465,66.7,68.2,69.5,70.8,66.7,70.8,1.3,0.7,0,230,19,14,19,True,0.0028802858,22.5,68.85,58595.5,4.75
149,16300,"Cedar Rapids, IA",startup_rate,140,140,0,0,5.5741882,5.2896409,2.6904254,1.7869626,3.6487927,6.9518717,10.552737,0,14.218009,3.3030789,1.6622308,0.71428571,140,14,14,14,True,0.0062135261,30,69.35,61468,4
149,16300,"Cedar Rapids, IA",employment_growth,140,121,19,13.571429,0.00024128156,0.0064461408,0.062647931,-0.09652967,-0.020791221,0.022233503,0.078216047,-0.3024602,0.21750256,0.043024724,0.021569641,0,140,14,14,14,True,0.0062135261,30,69.35,61468,4
149,16300,"Cedar Rapids, IA",establishment_growth,140,121,19,13.571429,0.0094273902,0.0073800738,0.031640047,-0.028846154,-0.0065359477,0.023715415,0.059259259,-0.10225564,0.20379147,0.030251363,0.014334177,1.6528926,140,14,14,14,True,0.0062135261,30,69.35,61468,4
149,16300,"Cedar Rapids, IA",payroll_growth,140,121,19,13.571429,0.035766298,0.037027333,0.10927564,-0.10503217,9.6454069e-05,0.06949797,0.12678132,-0.47471233,0.8027157,0.069401516,0.033667927,0,140,14,14,14,True,0.0062135261,30,69.35,61468,4
149,16300,"Cedar Rapids, IA",wage_growth,140,121,19,13.571429,0.034457339,0.033033723,0.069108672,-0.036477221,0.01498708,0.054344476,0.093046942,-0.35004728,0.48065043,0.039357396,0.019462719,0,140,14,14,14,True,0.0062135261,30,69.35,61468,4
149,16300,"Cedar Rapids, IA",acs_population_growth,140,131,9,6.4285714,0.0060409831,0.0062135261,0.0025474162,0.00096846855,0.0052148567,0.0073403713,0.01165478,0.00096846855,0.01165478,0.0021255145,0.0011268452,0,140,14,14,14,True,0.0062135261,30,69.35,61468,4
149,16300,"Cedar Rapids, IA",unemployment_rate,140,140,0,0,4.2828571,3.8,0.71045055,3.5,3.6,5,5.5,3.5,5.5,1.4,0.3,0,140,14,14,14,True,0.0062135261,30,69.35,61468,4
149,16300,"Cedar Rapids, IA",educational_attainment_pct,140,140,0,0,30.152143,30.1,1.7477825,27.2,28.7,31.6,32.8,27.2,32.8,2.9,1.4,0,140,14,14,14,True,0.0062135261,30,69.35,61468,4
149,16300,"Cedar Rapids, IA",median_household_income,140,140,0,0,63242.314,62399,7233.9356,53334,57003,66620,77084,53334,77084,9617,4808.5,0,140,14,14,14,True,0.0062135261,30,69.35,61468,4
149,16300,"Cedar Rapids, IA",labor_force_participation_pct,140,140,0,0,69.194286,69.3,0.91673266,67.3,68.8,70,70.5,67.3,70.5,1.2,0.6,0,140,14,14,14,True,0.0062135261,30,69.35,61468,4
154,16540,"Chambersburg, PA",startup_rate,217,217,0,0,4.0284564,3.9106145,4.3413361,0,0,5.6603774,8.7582471,0,37.5,5.6603774,2.0353314,27.64977,217,19,14,19,True,0.0037949201,21,62.9,59713,5.3
154,16540,"Chambersburg, PA",employment_growth,217,200,17,7.8341014,0.01424363,0.011220221,0.08900498,-0.074690671,-0.0221829,0.04125776,0.10369541,-0.25974026,0.72277228,0.06344066,0.030623101,1,217,19,14,19,True,0.0037949201,21,62.9,59713,5.3
154,16540,"Chambersburg, PA",establishment_growth,217,200,17,7.8341014,0.01318538,0.0021209504,0.066025373,-0.061472089,-0.012592593,0.026869611,0.1310559,-0.22727273,0.45454545,0.039462203,0.018590832,14,217,19,14,19,True,0.0037949201,21,62.9,59713,5.3
154,16540,"Chambersburg, PA",payroll_growth,217,200,17,7.8341014,0.056845742,0.047259312,0.12462592,-0.084645875,0.0036465369,0.089247198,0.16955638,-0.15699342,0.9599746,0.085600661,0.042635137,0,217,19,14,19,True,0.0037949201,21,62.9,59713,5.3
154,16540,"Chambersburg, PA",wage_growth,217,200,17,7.8341014,0.04197938,0.031635619,0.079694542,-0.026073522,0.013447698,0.055112469,0.11865887,-0.10599294,0.88859776,0.041664771,0.020606635,0,217,19,14,19,True,0.0037949201,21,62.9,59713,5.3
154,16540,"Chambersburg, PA",acs_population_growth,217,159,58,26.728111,0.0039230057,0.004117351,0.0013151459,0.0019383525,0.0027711199,0.0050687382,0.0061290622,0.0019383525,0.0061290622,0.0022976182,0.0011179115,0,217,19,14,19,True,0.0037949201,21,62.9,59713,5.3
154,16540,"Chambersburg, PA",unemployment_rate,217,172,45,20.737327,5.3581395,5.3,1.4747754,3.4,3.8,6.9,7.9,3.4,7.9,3.1,1.5,0,217,19,14,19,True,0.0037949201,21,62.9,59713,5.3
154,16540,"Chambersburg, PA",educational_attainment_pct,217,172,45,20.737327,21.144186,21,1.6175286,19,19.3,23,24,19,24,3.7,1.7,0,217,19,14,19,True,0.0037949201,21,62.9,59713,5.3
154,16540,"Chambersburg, PA",median_household_income,217,172,45,20.737327,61063.593,59713,6950.7352,52637,53916,66329,74946,52637,74946,12413,5797,0,217,19,14,19,True,0.0037949201,21,62.9,59713,5.3
154,16540,"Chambersburg, PA",labor_force_participation_pct,217,172,45,20.737327,62.801163,62.9,0.48098198,62,62.3,63.3,63.6,62,63.6,1,0.4,0,217,19,14,19,True,0.0037949201,21,62.9,59713,5.3
155,16580,"Champaign-Urbana, IL",startup_rate,136,136,0,0,5.7122125,5.3149606,2.3586664,2.6366607,4.1086435,7.1428571,9.5932071,1.7094017,17.460317,3.0342137,1.3695791,0,136,14,14,14,True,0.0059744016,40.95,63.55,50494,5.4
155,16580,"Champaign-Urbana, IL",employment_growth,136,117,19,13.970588,0.00325498,0.003038674,0.049039177,-0.072933714,-0.020938023,0.024687855,0.087554149,-0.16045845,0.14367816,0.045625878,0.022675612,0.85470085,136,14,14,14,True,0.0059744016,40.95,63.55,50494,5.4
155,16580,"Champaign-Urbana, IL",establishment_growth,136,117,19,13.970588,0.0023001281,0.0036630037,0.037439153,-0.063459016,-0.017475728,0.023060797,0.059279977,-0.12022901,0.13253012,0.040536525,0.021138732,2.5641026,136,14,14,14,True,0.0059744016,40.95,63.55,50494,5.4
155,16580,"Champaign-Urbana, IL",payroll_growth,136,117,19,13.970588,0.040870518,0.038213484,0.11273846,-0.055037945,0.011421538,0.066127231,0.15045512,-0.43406107,0.80528158,0.054705693,0.027640123,0,136,14,14,14,True,0.0059744016,40.95,63.55,50494,5.4
155,16580,"Champaign-Urbana, IL",wage_growth,136,117,19,13.970588,0.03687722,0.03533848,0.094067492,-0.025545155,0.014843697,0.052580195,0.10482234,-0.44085219,0.78007665,0.037736499,0.018600867,0,136,14,14,14,True,0.0059744016,40.95,63.55,50494,5.4
155,16580,"Champaign-Urbana, IL",acs_population_growth,136,127,9,6.6176471,0.0027649768,0.0059744016,0.021854206,-0.054122279,0.00041975407,0.006141391,0.058116771,-0.054122279,0.058116771,0.0057216369,0.0010330092,0,136,14,14,14,True,0.0059744016,40.95,63.55,50494,5.4
155,16580,"Champaign-Urbana, IL",unemployment_rate,136,136,0,0,5.7639706,5.2,1.0711484,4.5,4.8,7.1,7.4,4.5,7.4,2.3,0.5,0,136,14,14,14,True,0.0059744016,40.95,63.55,50494,5.4
155,16580,"Champaign-Urbana, IL",educational_attainment_pct,136,136,0,0,41.259559,41,2.218721,37.9,39.2,43.6,44.3,37.9,44.3,4.4,2.5,0,136,14,14,14,True,0.0059744016,40.95,63.55,50494,5.4
155,16580,"Champaign-Urbana, IL",median_household_income,136,136,0,0,52276.588,50720,5726.9973,46152,47368,54897,64558,46152,64558,7529,3890,0,136,14,14,14,True,0.0059744016,40.95,63.55,50494,5.4
155,16580,"Champaign-Urbana, IL",labor_force_participation_pct,136,136,0,0,63.381618,63.2,1.2755363,61.5,62.1,64.6,65.3,61.5,65.3,2.5,1.2,0,136,14,14,14,True,0.0059744016,40.95,63.55,50494,5.4
156,16620,"Charleston, WV",startup_rate,67,67,0,0,5.0608615,4.6511628,2.1596603,2.6795437,3.5042362,6.2815839,9.2544758,0,11.074919,2.7773477,1.2978457,1.4925373,67,11,14,11,False,-0.007181072,22.6,55,45274.5,6.65
156,16620,"Charleston, WV",employment_growth,67,53,14,20.895522,-0.0085610381,-0.0013612851,0.076624871,-0.14022748,-0.029437575,0.017160686,0.079392197,-0.27272727,0.22086759,0.046598261,0.020709284,0,67,11,14,11,False,-0.007181072,22.6,55,45274.5,6.65
156,16620,"Charleston, WV",establishment_growth,67,53,14,20.895522,-0.0066380143,0,0.063287892,-0.049044289,-0.013274336,0.017274472,0.039915502,-0.39488966,0.097203728,0.030548808,0.017103763,5.6603774,67,11,14,11,False,-0.007181072,22.6,55,45274.5,6.65
156,16620,"Charleston, WV",payroll_growth,67,53,14,20.895522,0.0322678,0.017644659,0.096954661,-0.087186474,-0.0071378584,0.040422895,0.18924112,-0.19622498,0.44435669,0.047560754,0.023356983,0,67,11,14,11,False,-0.007181072,22.6,55,45274.5,6.65
156,16620,"Charleston, WV",wage_growth,67,53,14,20.895522,0.041416826,0.028005464,0.052577967,-0.0081860649,0.012378657,0.051169378,0.10726379,-0.022744204,0.26647253,0.038790722,0.017938069,0,67,11,14,11,False,-0.007181072,22.6,55,45274.5,6.65
156,16620,"Charleston, WV",acs_population_growth,67,59,8,11.940299,-0.029125102,-0.007181072,0.10863439,-0.2559746,-0.012056518,-0.00017432318,0.21536316,-0.2559746,0.21536316,0.011882195,0.0068131431,0,67,11,14,11,False,-0.007181072,22.6,55,45274.5,6.65
156,16620,"Charleston, WV",unemployment_rate,67,67,0,0,6.6626866,6.5,0.56295643,5.8,6.1,7,7.7,5.8,7.7,0.9,0.5,0,67,11,14,11,False,-0.007181072,22.6,55,45274.5,6.65
156,16620,"Charleston, WV",educational_attainment_pct,67,67,0,0,22.41791,22.5,1.4469325,20.7,21.5,22.8,25.94,20.7,26.9,1.3,0.9,0,67,11,14,11,False,-0.007181072,22.6,55,45274.5,6.65
156,16620,"Charleston, WV",median_household_income,67,67,0,0,46748.821,45324,4219.2107,42795,44140,46099,57004.2,42795,58089,1959,1184,0,67,11,14,11,False,-0.007181072,22.6,55,45274.5,6.65
156,16620,"Charleston, WV",labor_force_participation_pct,67,67,0,0,55.4,56.2,2.4268074,52.03,52.4,57.7,58.3,52,58.3,5.3,1.6,0,67,11,14,11,False,-0.007181072,22.6,55,45274.5,6.65
158,16700,"Charleston-North Charleston, SC",startup_rate,206,206,0,0,8.4367941,8.4009432,2.8289034,4.0913655,6.6676039,10.446673,13.008415,0,15.481172,3.7790689,1.8209339,2.4271845,206,18,14,18,True,0.020903005,33.75,65.6,56395.5,6.4
158,16700,"Charleston-North Charleston, SC",employment_growth,206,189,17,8.2524272,0.033702881,0.03242788,0.053708737,-0.045981518,0.009410163,0.062084883,0.1219068,-0.19211043,0.25842932,0.05267472,0.024011046,0,206,18,14,18,True,0.020903005,33.75,65.6,56395.5,6.4
158,16700,"Charleston-North Charleston, SC",establishment_growth,206,189,17,8.2524272,0.058726831,0.04995905,0.049671463,-0.0077890468,0.027738599,0.082750583,0.15264849,-0.051757812,0.2371134,0.055011984,0.026964027,0,206,18,14,18,True,0.020903005,33.75,65.6,56395.5,6.4
158,16700,"Charleston-North Charleston, SC",payroll_growth,206,189,17,8.2524272,0.076273582,0.067774997,0.081335886,-0.0028027098,0.037833516,0.10702693,0.18420876,-0.29494158,0.7046408,0.069193415,0.032868593,0,206,18,14,18,True,0.020903005,33.75,65.6,56395.5,6.4
158,16700,"Charleston-North Charleston, SC",wage_growth,206,189,17,8.2524272,0.041006555,0.035938723,0.049519657,-0.0097971864,0.021519949,0.060244986,0.10712389,-0.29199591,0.35458494,0.038725037,0.019367701,0,206,18,14,18,True,0.020903005,33.75,65.6,56395.5,6.4
158,16700,"Charleston-North Charleston, SC",acs_population_growth,206,193,13,6.3106796,0.018838253,0.020903005,0.0058432169,-0.0012933732,0.020100178,0.021235417,0.022519348,-0.0012933732,0.022519348,0.0011352383,0.00067712327,0,206,18,14,18,True,0.020903005,33.75,65.6,56395.5,6.4
158,16700,"Charleston-North Charleston, SC",unemployment_rate,206,206,0,0,6.6174757,5.8,2.4364679,3.8,4.2,9.1,10.4,3.8,10.4,4.9,1.7,0,206,18,14,18,True,0.020903005,33.75,65.6,56395.5,6.4
158,16700,"Charleston-North Charleston, SC",educational_attainment_pct,206,206,0,0,34.33301,34.1,3.172608,29.9,31.7,36.5,40,29.9,40,4.8,2.4,0,206,18,14,18,True,0.020903005,33.75,65.6,56395.5,6.4
158,16700,"Charleston-North Charleston, SC",median_household_income,206,206,0,0,60748.063,57666,10154.136,50335,51911,65894,82272,50335,82272,13983,6120,0,206,18,14,18,True,0.020903005,33.75,65.6,56395.5,6.4
158,16700,"Charleston-North Charleston, SC",labor_force_participation_pct,206,206,0,0,65.781553,65.6,0.6389393,64.9,65.3,66.4,67.2,64.9,67.2,1.1,0.4,0,206,18,14,18,True,0.020903005,33.75,65.6,56395.5,6.4
159,16740,"Charlotte-Concord-Gastonia, NC-SC",startup_rate,101,101,0,0,8.1294808,8.1038136,3.0324265,4.0836653,6.5840939,9.3180284,12.64637,3.4583536,20.781335,2.7339345,1.41908,0,101,11,14,11,True,0.018994868,33.4,67.25,56531,7.7
159,16740,"Charlotte-Concord-Gastonia, NC-SC",employment_growth,101,83,18,17.821782,0.028869967,0.028250377,0.031595006,-0.023355061,0.011348322,0.045545781,0.0772811,-0.070649711,0.094741589,0.034197459,0.017177102,0,101,11,14,11,True,0.018994868,33.4,67.25,56531,7.7
159,16740,"Charlotte-Concord-Gastonia, NC-SC",establishment_growth,101,83,18,17.821782,0.033495756,0.022618145,0.043598582,-0.014428533,0.0071351984,0.046323844,0.11017077,-0.0438086,0.21653085,0.039188645,0.018672664,3.6144578,101,11,14,11,True,0.018994868,33.4,67.25,56531,7.7
159,16740,"Charlotte-Concord-Gastonia, NC-SC",payroll_growth,101,83,18,17.821782,0.070882035,0.066373335,0.042241991,0.013598664,0.039859398,0.09254474,0.15570681,-0.042389314,0.16512346,0.052685342,0.026172917,0,101,11,14,11,True,0.018994868,33.4,67.25,56531,7.7
159,16740,"Charlotte-Concord-Gastonia, NC-SC",wage_growth,101,83,18,17.821782,0.040868132,0.039846183,0.02683699,0.0035328251,0.020960842,0.057899077,0.092233201,-0.014435146,0.10733176,0.036938234,0.018584507,0,101,11,14,11,True,0.018994868,33.4,67.25,56531,7.7
159,16740,"Charlotte-Concord-Gastonia, NC-SC",acs_population_growth,101,93,8,7.9207921,0.044524238,0.018994868,0.077665782,0.011658838,0.016536216,0.02519497,0.28014857,0.011658838,0.28014857,0.0086587543,0.0024586522,0,101,11,14,11,True,0.018994868,33.4,67.25,56531,7.7
159,16740,"Charlotte-Concord-Gastonia, NC-SC",unemployment_rate,101,101,0,0,7.6920792,8.3,2.584093,4.5,5.1,10,11.4,4.5,11.4,4.9,2.4,0,101,11,14,11,True,0.018994868,33.4,67.25,56531,7.7
159,16740,"Charlotte-Concord-Gastonia, NC-SC",educational_attainment_pct,101,101,0,0,34.244554,32.9,2.6569334,30.6,32.2,35.9,39,30.6,39,3.7,1.8,0,101,11,14,11,True,0.018994868,33.4,67.25,56531,7.7
159,16740,"Charlotte-Concord-Gastonia, NC-SC",median_household_income,101,101,0,0,61052.277,55191,9567.348,52051,53471,65725,80201,52051,80201,12254,3140,0,101,11,14,11,True,0.018994868,33.4,67.25,56531,7.7
159,16740,"Charlotte-Concord-Gastonia, NC-SC",labor_force_participation_pct,101,101,0,0,67.99703,67.3,1.3185944,66.9,67.2,67.7,70.7,66.9,70.7,0.5,0.2,0,101,11,14,11,True,0.018994868,33.4,67.25,56531,7.7
160,16820,"Charlottesville, VA",startup_rate,128,128,0,0,6.4884139,6.2411803,2.2706092,3.4684501,4.7789929,7.7230496,10.663101,2.7906977,15.09434,2.9440567,1.4678834,0,128,12,14,12,True,0.0090899159,42.9,61.85,62575,4.25
160,16820,"Charlottesville, VA",employment_growth,128,110,18,14.0625,0.015532331,0.015998543,0.060506838,-0.050044932,-0.0057956968,0.037764,0.087685942,-0.27398212,0.26196739,0.043559697,0.021914186,0,128,12,14,12,True,0.0090899159,42.9,61.85,62575,4.25
160,16820,"Charlottesville, VA",establishment_growth,128,110,18,14.0625,0.015556235,0.009133496,0.052134485,-0.049765415,-0.010579358,0.037454748,0.09145322,-0.23141762,0.23366556,0.048034106,0.02419813,0.90909091,128,12,14,12,True,0.0090899159,42.9,61.85,62575,4.25
160,16820,"Charlottesville, VA",payroll_growth,128,110,18,14.0625,0.050400602,0.05139457,0.073168336,-0.054128757,0.021252728,0.079724525,0.18170521,-0.22641258,0.26726735,0.058471797,0.030121204,0,128,12,14,12,True,0.0090899159,42.9,61.85,62575,4.25
160,16820,"Charlottesville, VA",wage_growth,128,110,18,14.0625,0.034692868,0.032679655,0.044681161,-0.047100111,0.010997123,0.059213719,0.11328887,-0.082407601,0.16150687,0.048216596,0.024578292,0,128,12,14,12,True,0.0090899159,42.9,61.85,62575,4.25
160,16820,"Charlottesville, VA",acs_population_growth,128,118,10,7.8125,0.0099291647,0.0090899159,0.031577345,-0.066953942,0.0077620296,0.011188181,0.093571857,-0.066953942,0.093571857,0.0034261512,0.0020982649,0,128,12,14,12,True,0.0090899159,42.9,61.85,62575,4.25
160,16820,"Charlottesville, VA",unemployment_rate,128,128,0,0,4.3304687,4.4,0.75696853,3.2,3.6,5,5.6,3.2,5.6,1.4,0.7,0,128,12,14,12,True,0.0090899159,42.9,61.85,62575,4.25
160,16820,"Charlottesville, VA",educational_attainment_pct,128,128,0,0,45.064063,42.8,4.1664716,41.1,41.6,50.3,52.2,41.1,52.2,8.7,1.4,0,128,12,14,12,True,0.0090899159,42.9,61.85,62575,4.25
160,16820,"Charlottesville, VA",median_household_income,128,128,0,0,67522.805,61664,10853.01,56592,59189,75176,90552,56592,90552,15987,4360.5,0,128,12,14,12,True,0.0090899159,42.9,61.85,62575,4.25
160,16820,"Charlottesville, VA",labor_force_participation_pct,128,128,0,0,61.652344,61.85,1.1975674,59,61,62.7,63.3,59,63.3,1.7,0.85,0,128,12,14,12,True,0.0090899159,42.9,61.85,62575,4.25
161,16860,"Chattanooga, TN-GA",startup_rate,65,65,0,0,6.3351939,5.9850374,2.2452536,3.4348478,4.6153846,7.5303644,11.096223,2.970297,11.792453,2.9149798,1.4075726,0,65,10,14,10,False,0.0078959164,25.1,61.8,48611,6.5
161,16860,"Chattanooga, TN-GA",employment_growth,65,43,22,33.846154,0.027595903,0.021270084,0.052218304,-0.031882471,0.0019639701,0.041664509,0.076033554,-0.044993895,0.29873848,0.039700539,0.020427203,0,65,10,14,10,False,0.0078959164,25.1,61.8,48611,6.5
161,16860,"Chattanooga, TN-GA",establishment_growth,65,43,22,33.846154,0.025831026,0.025914634,0.029028714,-0.018798847,0.0076473892,0.04083187,0.065047181,-0.02533532,0.12345679,0.033184481,0.015977258,0,65,10,14,10,False,0.0078959164,25.1,61.8,48611,6.5
161,16860,"Chattanooga, TN-GA",payroll_growth,65,43,22,33.846154,0.060485006,0.049250101,0.062550813,0.0045023362,0.025252347,0.074168141,0.14432298,-0.010182976,0.35686243,0.048915794,0.025288644,0,65,10,14,10,False,0.0078959164,25.1,61.8,48611,6.5
161,16860,"Chattanooga, TN-GA",wage_growth,65,43,22,33.846154,0.032035211,0.02682533,0.03081851,-0.0049385647,0.015518838,0.045575143,0.089394944,-0.032293284,0.12714538,0.030056305,0.012689214,0,65,10,14,10,False,0.0078959164,25.1,61.8,48611,6.5
161,16860,"Chattanooga, TN-GA",acs_population_growth,65,59,6,9.2307692,0.0073042099,0.0082270568,0.0031403137,-0.002129916,0.0069352825,0.0086674304,0.010463295,-0.002129916,0.010463295,0.0017321479,0.0012361777,0,65,10,14,10,False,0.0078959164,25.1,61.8,48611,6.5
161,16860,"Chattanooga, TN-GA",unemployment_rate,65,65,0,0,6.9553846,7,2.1997891,4.4,4.8,9.1,10,4.4,10,4.3,2.2,0,65,10,14,10,False,0.0078959164,25.1,61.8,48611,6.5
161,16860,"Chattanooga, TN-GA",educational_attainment_pct,65,65,0,0,25.929231,24.7,2.9602958,22.6,23.3,28.8,31.3,22.6,31.3,5.5,1.6,0,65,10,14,10,False,0.0078959164,25.1,61.8,48611,6.5
161,16860,"Chattanooga, TN-GA",median_household_income,65,65,0,0,51830.138,47751,8465.611,43623,44306,58277,68666,43623,68666,13971,3722,0,65,10,14,10,False,0.0078959164,25.1,61.8,48611,6.5
161,16860,"Chattanooga, TN-GA",labor_force_participation_pct,65,65,0,0,62.016923,61.9,1.0654473,60.7,61.1,63,63.9,60.7,63.9,1.9,0.9,0,65,10,14,10,False,0.0078959164,25.1,61.8,48611,6.5
162,16940,"Cheyenne, WY",startup_rate,231,231,0,0,8.517653,8.3333333,4.8908257,0,5.6436488,11.532471,17.192118,0,23.076923,5.8888219,3.0516432,11.688312,231,19,14,19,True,0.0096826688,28.15,67.5,62040,5.1
162,16940,"Cheyenne, WY",employment_growth,231,215,16,6.9264069,0.021338771,0.014814815,0.09634234,-0.078148891,-0.015608155,0.042164087,0.13387408,-0.40203193,0.86938776,0.057772242,0.02820328,1.8604651,231,19,14,19,True,0.0096826688,28.15,67.5,62040,5.1
162,16940,"Cheyenne, WY",establishment_growth,231,215,16,6.9264069,0.035011205,0.023255814,0.067654182,-0.04624705,0,0.058559747,0.15643373,-0.2,0.375,0.058559747,0.029375765,8.8372093,231,19,14,19,True,0.0096826688,28.15,67.5,62040,5.1
162,16940,"Cheyenne, WY",payroll_growth,231,215,16,6.9264069,0.063188022,0.052956402,0.12210815,-0.084248582,0.0090401119,0.10825842,0.2067174,-0.42445359,1.0111652,0.099218308,0.048011687,0,231,19,14,19,True,0.0096826688,28.15,67.5,62040,5.1
162,16940,"Cheyenne, WY",wage_growth,231,215,16,6.9264069,0.040290738,0.037136215,0.051743761,-0.036648559,0.013926142,0.065375438,0.1241968,-0.16371839,0.24121511,0.051449296,0.024769843,0.46511628,231,19,14,19,True,0.0096826688,28.15,67.5,62040,5.1
162,16940,"Cheyenne, WY",acs_population_growth,231,215,16,6.9264069,0.0093712111,0.0096826688,0.0039627044,0.0034391323,0.0063764203,0.013147129,0.014762481,0.0034391323,0.014762481,0.0067707087,0.0034644602,0,231,19,14,19,True,0.0096826688,28.15,67.5,62040,5.1
162,16940,"Cheyenne, WY",unemployment_rate,231,231,0,0,4.8285714,5.1,0.70769506,3.3,4.8,5.3,5.7,3.3,5.7,0.5,0.2,0,231,19,14,19,True,0.0096826688,28.15,67.5,62040,5.1
162,16940,"Cheyenne, WY",educational_attainment_pct,231,231,0,0,27.722511,28.5,2.6227126,22.9,25.1,30.2,32,22.9,32,5.1,1.7,0,231,19,14,19,True,0.0096826688,28.15,67.5,62040,5.1
162,16940,"Cheyenne, WY",median_household_income,231,231,0,0,63442.532,62879,7899.1985,52824,55864,69369,77884,52824,77884,13505,7015,0,231,19,14,19,True,0.0096826688,28.15,67.5,62040,5.1
162,16940,"Cheyenne, WY",labor_force_participation_pct,231,231,0,0,67.969264,67.5,1.3740321,66.4,66.9,68.6,71.2,66.4,71.2,1.7,0.7,0,231,19,14,19,True,0.0096826688,28.15,67.5,62040,5.1
163,16980,"Chicago-Naperville-Elgin, IL-IN",startup_rate,95,95,0,0,7.0985696,7.5479287,1.8031884,3.4492532,6.1314743,8.3565645,9.3576805,3.150315,10.00847,2.2250902,1.1803531,0,95,11,14,11,False,0.0018452263,36.4,67,64542,8.05
163,16980,"Chicago-Naperville-Elgin, IL-IN",employment_growth,95,77,18,18.947368,0.0081491484,0.0098117594,0.025413286,-0.046317613,-0.0010733204,0.017758102,0.048575325,-0.069167235,0.058646495,0.018831423,0.010176986,0,95,11,14,11,False,0.0018452263,36.4,67,64542,8.05
163,16980,"Chicago-Naperville-Elgin, IL-IN",establishment_growth,95,77,18,18.947368,-0.0036112229,0.0019389866,0.026851959,-0.051027705,-0.0083210362,0.013361278,0.029615783,-0.11300699,0.033995793,0.021682315,0.011422292,0,95,11,14,11,False,0.0018452263,36.4,67,64542,8.05
163,16980,"Chicago-Naperville-Elgin, IL-IN",payroll_growth,95,77,18,18.947368,0.043586419,0.043527951,0.033078457,-0.01368506,0.024665458,0.064336278,0.098647595,-0.045942136,0.14282969,0.03967082,0.019772445,0,95,11,14,11,False,0.0018452263,36.4,67,64542,8.05
163,16980,"Chicago-Naperville-Elgin, IL-IN",wage_growth,95,77,18,18.947368,0.035237449,0.032267987,0.023951166,0.0048739697,0.020461253,0.045524141,0.080133806,-0.02629353,0.10424716,0.025062888,0.01215785,0,95,11,14,11,False,0.0018452263,36.4,67,64542,8.05
163,16980,"Chicago-Naperville-Elgin, IL-IN",acs_population_growth,95,86,9,9.4736842,-0.00065423948,0.0018452263,0.0080255822,-0.021678789,-0.0030802054,0.0029462002,0.013599821,-0.021678789,0.013599821,0.0060264056,0.0025284,0,95,11,14,11,False,0.0018452263,36.4,67,64542,8.05
163,16980,"Chicago-Naperville-Elgin, IL-IN",unemployment_rate,95,95,0,0,8.1515789,8.5,1.8249374,6.1,6.2,9.8,11,6.1,11,3.6,2,0,95,11,14,11,False,0.0018452263,36.4,67,64542,8.05
163,16980,"Chicago-Naperville-Elgin, IL-IN",educational_attainment_pct,95,95,0,0,36.750526,36.1,2.4791846,33.4,34.6,39,40.9,33.4,40.9,4.4,1.9,0,95,11,14,11,False,0.0018452263,36.4,67,64542,8.05
163,16980,"Chicago-Naperville-Elgin, IL-IN",median_household_income,95,95,0,0,69050.337,63327,9563.4589,60574,61367,74621,88850,60574,88850,13254,2753,0,95,11,14,11,False,0.0018452263,36.4,67,64542,8.05
163,16980,"Chicago-Naperville-Elgin, IL-IN",labor_force_participation_pct,95,95,0,0,67.294737,67.1,0.52193756,66.8,66.9,67.8,68.1,66.8,68.1,0.9,0.3,0,95,11,14,11,False,0.0018452263,36.4,67,64542,8.05
164,17020,"Chico, CA",startup_rate,239,239,0,0,5.9802861,5.988024,4.1136154,0,3.8585608,8,11.597573,0,30,4.1414392,2.1170562,16.736402,239,19,14,19,True,0.0030827635,26.3,56.5,45441,9.9
164,17020,"Chico, CA",employment_growth,239,222,17,7.1129707,0.01309616,0.010330122,0.12038496,-0.10177728,-0.033768045,0.047158177,0.19808117,-0.51001879,0.86206897,0.080926222,0.040050913,0.45045045,239,19,14,19,True,0.0030827635,26.3,56.5,45441,9.9
164,17020,"Chico, CA",establishment_growth,239,222,17,7.1129707,0.011484757,0,0.23103547,-0.10714286,-0.024202992,0.030340079,0.096845747,-0.84768212,3.1654357,0.05454307,0.026846847,9.9099099,239,19,14,19,True,0.0030827635,26.3,56.5,45441,9.9
164,17020,"Chico, CA",payroll_growth,239,222,17,7.1129707,0.057261553,0.054244448,0.14191928,-0.098551183,0.010929903,0.088137449,0.25045711,-0.55777634,1.0167153,0.077207546,0.037655906,0,239,19,14,19,True,0.0030827635,26.3,56.5,45441,9.9
164,17020,"Chico, CA",wage_growth,239,222,17,7.1129707,0.043183264,0.040301097,0.059853385,-0.036108391,0.014639281,0.065909703,0.12323492,-0.11670013,0.5127837,0.051270422,0.025657249,0,239,19,14,19,True,0.0030827635,26.3,56.5,45441,9.9
164,17020,"Chico, CA",acs_population_growth,239,222,17,7.1129707,-0.0029679877,0.0030827635,0.010941516,-0.024446594,-0.010951346,0.0046975179,0.0082945912,-0.024446594,0.0082945912,0.015648863,0.0028579986,0,239,19,14,19,True,0.0030827635,26.3,56.5,45441,9.9
164,17020,"Chico, CA",unemployment_rate,239,239,0,0,10.255649,9.1,2.6428673,7.1,7.4,13.1,14.4,7.1,14.4,5.7,2,0,239,19,14,19,True,0.0030827635,26.3,56.5,45441,9.9
164,17020,"Chico, CA",educational_attainment_pct,239,239,0,0,26.712552,26.5,2.3960247,24,24.4,28.3,31.7,24,31.7,3.9,1.8,0,239,19,14,19,True,0.0030827635,26.3,56.5,45441,9.9
164,17020,"Chico, CA",median_household_income,239,239,0,0,49889.201,46516,8427.364,42971,43339,54972,68574,42971,68574,11633,3346,0,239,19,14,19,True,0.0030827635,26.3,56.5,45441,9.9
164,17020,"Chico, CA",labor_force_participation_pct,239,239,0,0,56.724268,56.4,1.0851156,55.5,55.8,57.5,59.1,55.5,59.1,1.7,0.6,0,239,19,14,19,True,0.0030827635,26.3,56.5,45441,9.9
166,17140,"Cincinnati, OH-KY-IN",startup_rate,17,17,0,0,6.6677915,6.7144907,0.87438106,5.1779359,6.5005727,7.1806945,7.8692133,4.8089592,8.282476,0.68012179,0.46620385,0,17,3,14,3,False,0.0041701602,32.05,65.9,58169.5,6.2
166,17140,"Cincinnati, OH-KY-IN",employment_growth,17,13,4,23.529412,-8.7234612e-05,0.0035738832,0.019151904,-0.032916145,0.0020186006,0.012790313,0.013724644,-0.054997564,0.01421951,0.010771712,0.0092164295,0,17,3,14,3,False,0.0041701602,32.05,65.9,58169.5,6.2
166,17140,"Cincinnati, OH-KY-IN",establishment_growth,17,13,4,23.529412,0.00257155,0.0026796974,0.0083529886,-0.0067382858,-0.0040886932,0.0055266067,0.015623938,-0.0081110591,0.021783103,0.0096152999,0.0067683905,0,17,3,14,3,False,0.0041701602,32.05,65.9,58169.5,6.2
166,17140,"Cincinnati, OH-KY-IN",payroll_growth,17,13,4,23.529412,0.033003926,0.028092146,0.018085312,0.012041712,0.021844826,0.041524446,0.064904147,0.0076396509,0.066771239,0.01967962,0.013115726,0,17,3,14,3,False,0.0041701602,32.05,65.9,58169.5,6.2
166,17140,"Cincinnati, OH-KY-IN",wage_growth,17,13,4,23.529412,0.033368963,0.028163639,0.023474191,0.0092485467,0.018266542,0.044196503,0.069797289,0.0042470359,0.093837714,0.025929961,0.013016233,0,17,3,14,3,False,0.0041701602,32.05,65.9,58169.5,6.2
166,17140,"Cincinnati, OH-KY-IN",acs_population_growth,17,16,1,5.8823529,0.0048281839,0.0044874636,0.0043805196,-0.00022337349,0.0035109056,0.0051435863,0.013977283,-0.0031952182,0.015176881,0.0016326807,0.0010059866,0,17,3,14,3,False,0.0041701602,32.05,65.9,58169.5,6.2
166,17140,"Cincinnati, OH-KY-IN",unemployment_rate,17,17,0,0,6.2823529,5.8,1.7396966,4.3,4.5,8,8.68,4.3,9,3.5,1.5,0,17,3,14,3,False,0.0041701602,32.05,65.9,58169.5,6.2
166,17140,"Cincinnati, OH-KY-IN",educational_attainment_pct,17,17,0,0,32.347059,32.4,2.8341925,28.9,29.9,34.5,36.9,28.5,36.9,4.6,2.5,0,17,3,14,3,False,0.0041701602,32.05,65.9,58169.5,6.2
166,17140,"Cincinnati, OH-KY-IN",median_household_income,17,17,0,0,62163.118,59478,9075.3996,54451,54779,66435,79490,53651,79490,11656,4786,0,17,3,14,3,False,0.0041701602,32.05,65.9,58169.5,6.2
166,17140,"Cincinnati, OH-KY-IN",labor_force_participation_pct,17,17,0,0,66.229412,65.9,0.61721624,65.68,65.8,66.6,67.3,65.6,67.3,0.8,0.2,0,17,3,14,3,False,0.0041701602,32.05,65.9,58169.5,6.2
169,17300,"Clarksville, TN-KY",startup_rate,97,97,0,0,6.4860498,6.2770563,2.8560457,2.4163358,4.519774,8.0168776,11.404929,0,14.98829,3.4971036,1.7572823,1.0309278,97,10,14,10,False,0.017486039,23.05,64.6,49092.5,8.25
169,17300,"Clarksville, TN-KY",employment_growth,97,79,18,18.556701,0.020872006,0.019750702,0.038438518,-0.050851225,0.0047651394,0.04126556,0.085791679,-0.090881482,0.1030315,0.036500421,0.019110907,0,97,10,14,10,False,0.017486039,23.05,64.6,49092.5,8.25
169,17300,"Clarksville, TN-KY",establishment_growth,97,79,18,18.556701,0.040047111,0.032786885,0.042881071,-0.01921318,0.0094119731,0.0716526,0.10983958,-0.033333333,0.20118343,0.062240627,0.030593396,3.7974684,97,10,14,10,False,0.017486039,23.05,64.6,49092.5,8.25
169,17300,"Clarksville, TN-KY",payroll_growth,97,79,18,18.556701,0.056721102,0.057728944,0.05409219,-0.026380996,0.026221432,0.092228061,0.14834317,-0.080746702,0.19510489,0.066006629,0.033807166,0,97,10,14,10,False,0.017486039,23.05,64.6,49092.5,8.25
169,17300,"Clarksville, TN-KY",wage_growth,97,79,18,18.556701,0.035144184,0.028266135,0.036756267,-0.017805869,0.010738613,0.060514935,0.095965722,-0.043228671,0.1391027,0.049776322,0.024131122,0,97,10,14,10,False,0.017486039,23.05,64.6,49092.5,8.25
169,17300,"Clarksville, TN-KY",acs_population_growth,97,91,6,6.185567,0.016309877,0.017486039,0.019136251,-0.030269238,0.0134367,0.020756571,0.058220316,-0.030269238,0.058220316,0.0073198712,0.0039065002,0,97,10,14,10,False,0.017486039,23.05,64.6,49092.5,8.25
169,17300,"Clarksville, TN-KY",unemployment_rate,97,97,0,0,8.4309278,7.7,2.0151696,5.7,6.4,10.6,11.2,5.7,11.2,4.2,1.8,0,97,10,14,10,False,0.017486039,23.05,64.6,49092.5,8.25
169,17300,"Clarksville, TN-KY",educational_attainment_pct,97,97,0,0,23.331959,23.4,2.8688538,19,20.9,26,28,19,28,5.1,2.5,0,97,10,14,10,False,0.017486039,23.05,64.6,49092.5,8.25
169,17300,"Clarksville, TN-KY",median_household_income,97,97,0,0,51589.598,50369,6761.234,44415,46069,54911,66210,44415,66210,8842,4300,0,97,10,14,10,False,0.017486039,23.05,64.6,49092.5,8.25
169,17300,"Clarksville, TN-KY",labor_force_participation_pct,97,97,0,0,64.594845,64.7,0.33984406,64.1,64.3,64.9,65.12,64.1,65.2,0.6,0.4,0,97,10,14,10,False,0.017486039,23.05,64.6,49092.5,8.25
172,17410,"Cleveland, OH",startup_rate,207,207,0,0,5.8648771,6.0708263,2.2859506,2.1247462,4.5288601,7.39323,9.131223,0,13.136289,2.8643699,1.4771867,0.48309179,207,17,14,17,True,,33.4,63.5,68507,5.8
172,17410,"Cleveland, OH",employment_growth,207,190,17,8.2125604,0.0051786377,0.0060595813,0.045968557,-0.061365329,-0.0084853389,0.023064787,0.069707656,-0.26527778,0.16629712,0.031550126,0.015962545,0,207,17,14,17,True,,33.4,63.5,68507,5.8
172,17410,"Cleveland, OH",establishment_growth,207,190,17,8.2125604,0.012263267,0.0048619846,0.032600586,-0.020313785,-0.0052243059,0.020058167,0.061633117,-0.036325678,0.21820062,0.025282473,0.011629017,0.52631579,207,17,14,17,True,,33.4,63.5,68507,5.8
172,17410,"Cleveland, OH",payroll_growth,207,190,17,8.2125604,0.037973129,0.036776523,0.052300604,-0.03027287,0.011542614,0.062488871,0.13427724,-0.20292507,0.21870926,0.050946257,0.025474103,0,207,17,14,17,True,,33.4,63.5,68507,5.8
172,17410,"Cleveland, OH",wage_growth,207,190,17,8.2125604,0.032900965,0.02960035,0.031046789,-0.011226093,0.017676723,0.046400335,0.091007078,-0.065676534,0.14428605,0.028723612,0.01501402,0,207,17,14,17,True,,33.4,63.5,68507,5.8
172,17410,"Cleveland, OH",acs_population_growth,207,0,207,100,,,,,,,,,,,,,207,17,14,17,True,,33.4,63.5,68507,5.8
172,17410,"Cleveland, OH",unemployment_rate,207,17,190,91.78744,5.8,5.8,0,5.8,5.8,5.8,5.8,5.8,5.8,0,0,0,207,17,14,17,True,,33.4,63.5,68507,5.8
172,17410,"Cleveland, OH",educational_attainment_pct,207,17,190,91.78744,33.4,33.4,0,33.4,33.4,33.4,33.4,33.4,33.4,0,0,0,207,17,14,17,True,,33.4,63.5,68507,5.8
172,17410,"Cleveland, OH",median_household_income,207,17,190,91.78744,68507,68507,0,68507,68507,68507,68507,68507,68507,0,0,0,207,17,14,17,True,,33.4,63.5,68507,5.8
172,17410,"Cleveland, OH",labor_force_participation_pct,207,17,190,91.78744,63.5,63.5,0,63.5,63.5,63.5,63.5,63.5,63.5,0,0,0,207,17,14,17,True,,33.4,63.5,68507,5.8
173,17420,"Cleveland, TN",startup_rate,110,110,0,0,6.7536426,6.1278688,4.1424517,0,4.2288467,8.3928227,12.573913,0,26.315789,4.163976,2.0861979,6.3636364,110,12,14,12,True,0.0083372455,19.7,60,44431.5,8.2
173,17420,"Cleveland, TN",employment_growth,110,88,22,20,0.03579857,0.022678605,0.11460254,-0.087573144,-0.012058048,0.072989637,0.19376111,-0.37182771,0.46205357,0.085047685,0.045459351,2.2727273,110,12,14,12,True,0.0083372455,19.7,60,44431.5,8.2
173,17420,"Cleveland, TN",establishment_growth,110,88,22,20,0.03356476,0.021359076,0.053071928,-0.022850242,0,0.04577573,0.13141314,-0.047619048,0.3,0.04577573,0.021359076,14.772727,110,12,14,12,True,0.0083372455,19.7,60,44431.5,8.2
173,17420,"Cleveland, TN",payroll_growth,110,88,22,20,0.073471476,0.054487998,0.12480292,-0.070304427,0.0092457818,0.10692117,0.24743967,-0.20062077,0.74941776,0.097675388,0.047296828,0,110,12,14,12,True,0.0083372455,19.7,60,44431.5,8.2
173,17420,"Cleveland, TN",wage_growth,110,88,22,20,0.039088588,0.032041216,0.074275729,-0.064593979,0.014335459,0.059969677,0.13863277,-0.31092359,0.27693353,0.045634218,0.024550828,0,110,12,14,12,True,0.0083372455,19.7,60,44431.5,8.2
173,17420,"Cleveland, TN",acs_population_growth,110,101,9,8.1818182,0.0087724897,0.0083372455,0.0017065857,0.0068042678,0.0076376315,0.0095297928,0.013060591,0.0068042678,0.013060591,0.0018921613,0.0011925473,0,110,12,14,12,True,0.0083372455,19.7,60,44431.5,8.2
173,17420,"Cleveland, TN",unemployment_rate,110,110,0,0,8.4318182,9.3,2.6091909,5.4,5.7,11.1,12.1,5.4,12.1,5.4,2.8,0,110,12,14,12,True,0.0083372455,19.7,60,44431.5,8.2
173,17420,"Cleveland, TN",educational_attainment_pct,110,110,0,0,19.602727,19.2,2.1059313,16.8,17.8,21.6,23.2,16.8,23.2,3.8,1.8,0,110,12,14,12,True,0.0083372455,19.7,60,44431.5,8.2
173,17420,"Cleveland, TN",median_household_income,110,110,0,0,47112.291,43293,7879.3205,39501,40811,51015,63490,39501,63490,10204,3753,0,110,12,14,12,True,0.0083372455,19.7,60,44431.5,8.2
173,17420,"Cleveland, TN",labor_force_participation_pct,110,110,0,0,59.94,60.2,0.67173608,58.935,59.2,60.6,60.7,58.8,60.7,1.4,0.5,0,110,12,14,12,True,0.0083372455,19.7,60,44431.5,8.2
180,17660,"Coeur d'Alene, ID",startup_rate,241,241,0,0,8.1277802,8.2802548,4.5464975,0,5.7142857,10.795455,14.705882,0,23.076923,5.0811688,2.5659691,12.033195,241,19,14,19,True,0.018407953,24.25,61.1,52056.5,6.6
180,17660,"Coeur d'Alene, ID",employment_growth,241,226,15,6.2240664,0.031603055,0.026539295,0.1034693,-0.089310913,-0.0081035011,0.063957578,0.15334109,-0.30201342,1.0980392,0.072061079,0.035401336,0,241,19,14,19,True,0.018407953,24.25,61.1,52056.5,6.6
180,17660,"Coeur d'Alene, ID",establishment_growth,241,226,15,6.2240664,0.039253295,0.028622632,0.074832823,-0.066070293,-0.0083802237,0.087273111,0.17138608,-0.20689655,0.28787879,0.095653335,0.044124577,5.3097345,241,19,14,19,True,0.018407953,24.25,61.1,52056.5,6.6
180,17660,"Coeur d'Alene, ID",payroll_growth,241,226,15,6.2240664,0.072998072,0.069895577,0.12111271,-0.072483458,0.02489916,0.11197418,0.22726075,-0.4874042,0.93816283,0.087075024,0.043005753,0,241,19,14,19,True,0.018407953,24.25,61.1,52056.5,6.6
180,17660,"Coeur d'Alene, ID",wage_growth,241,226,15,6.2240664,0.041720077,0.036190985,0.083678815,-0.041519044,0.013540884,0.072867452,0.12379427,-0.52169012,0.58951106,0.059326568,0.027189002,0,241,19,14,19,True,0.018407953,24.25,61.1,52056.5,6.6
180,17660,"Coeur d'Alene, ID",acs_population_growth,241,226,15,6.2240664,0.021419012,0.018407953,0.0079355312,0.012237297,0.015849226,0.025029412,0.041075979,0.012237297,0.041075979,0.0091801867,0.0047522833,0,241,19,14,19,True,0.018407953,24.25,61.1,52056.5,6.6
180,17660,"Coeur d'Alene, ID",unemployment_rate,241,241,0,0,6.346888,7.1,2.3631196,3.1,4,8.3,9.6,3.1,9.6,4.3,2.4,0,241,19,14,19,True,0.018407953,24.25,61.1,52056.5,6.6
180,17660,"Coeur d'Alene, ID",educational_attainment_pct,241,241,0,0,24.791701,24,1.7072925,23.1,23.3,26.5,28.8,23.1,28.8,3.2,0.9,0,241,19,14,19,True,0.018407953,24.25,61.1,52056.5,6.6
180,17660,"Coeur d'Alene, ID",median_household_income,241,241,0,0,55921.062,50924,9233.5555,46336,49151,60903,77034,46336,77034,11752,2849,0,241,19,14,19,True,0.018407953,24.25,61.1,52056.5,6.6
180,17660,"Coeur d'Alene, ID",labor_force_participation_pct,241,241,0,0,61.953942,61.1,1.4836873,60.5,60.8,62.8,65.3,60.5,65.3,2,0.4,0,241,19,14,19,True,0.018407953,24.25,61.1,52056.5,6.6
182,17780,"College Station-Bryan, TX",startup_rate,166,166,0,0,7.1112283,7.1714286,3.3876686,0,5.0905718,9.3645833,11.260657,0,20,4.2740115,2.1293722,6.0240964,166,16,14,16,True,0.016078221,35.45,61.8,44013,5.45
182,17780,"College Station-Bryan, TX",employment_growth,166,146,20,12.048193,0.028316937,0.029486862,0.08148151,-0.10729958,-0.0062810248,0.064152551,0.15342941,-0.32967515,0.2708559,0.070433575,0.035151584,0,166,16,14,16,True,0.016078221,35.45,61.8,44013,5.45
182,17780,"College Station-Bryan, TX",establishment_growth,166,146,20,12.048193,0.024480327,0.022246941,0.042809916,-0.033501119,0,0.051474263,0.09400047,-0.15789474,0.14666667,0.051474263,0.024831127,4.109589,166,16,14,16,True,0.016078221,35.45,61.8,44013,5.45
182,17780,"College Station-Bryan, TX",payroll_growth,166,146,20,12.048193,0.071339905,0.063036698,0.10816325,-0.09425228,0.024542651,0.1260283,0.24534235,-0.34525563,0.40289879,0.10148565,0.049474424,0,166,16,14,16,True,0.016078221,35.45,61.8,44013,5.45
182,17780,"College Station-Bryan, TX",wage_growth,166,146,20,12.048193,0.040961122,0.038175489,0.049233996,-0.040517525,0.013919433,0.070038488,0.12334627,-0.10644044,0.18818481,0.056119055,0.026426611,0,166,16,14,16,True,0.016078221,35.45,61.8,44013,5.45
182,17780,"College Station-Bryan, TX",acs_population_growth,166,153,13,7.8313253,0.017346256,0.016848373,0.0025579873,0.014230959,0.014978926,0.019290547,0.021693475,0.014230959,0.021693475,0.0043116211,0.0024421742,0,166,16,14,16,True,0.016078221,35.45,61.8,44013,5.45
182,17780,"College Station-Bryan, TX",unemployment_rate,166,166,0,0,5.9337349,5.9,1.3844835,4.2,4.7,7,8.3,4.2,8.3,2.3,1.2,0,166,16,14,16,True,0.016078221,35.45,61.8,44013,5.45
182,17780,"College Station-Bryan, TX",educational_attainment_pct,166,166,0,0,35.937349,35.3,1.9947635,33.8,34,37.8,39.4,33.8,39.4,3.8,1.4,0,166,16,14,16,True,0.016078221,35.45,61.8,44013,5.45
182,17780,"College Station-Bryan, TX",median_household_income,166,166,0,0,45745.175,42948,7246.0335,37899,39266,51261,59691,37899,59691,11995,4522,0,166,16,14,16,True,0.016078221,35.45,61.8,44013,5.45
182,17780,"College Station-Bryan, TX",labor_force_participation_pct,166,166,0,0,61.700602,61.9,0.56702274,60.5,61.1,62.2,62.4,60.5,62.4,1.1,0.4,0,166,16,14,16,True,0.016078221,35.45,61.8,44013,5.45
183,17820,"Colorado Springs, CO",startup_rate,221,221,0,0,8.6079798,8.5597826,4.5344143,0,6.8493151,10.228401,13.898305,0,33.333333,3.3790861,1.7063771,8.1447964,221,18,14,18,True,0.016129602,36.8,68.1,61543,7.1
183,17820,"Colorado Springs, CO",employment_growth,221,200,21,9.5022624,0.025349532,0.026279138,0.061779368,-0.049299734,0.0010127345,0.045757321,0.10190746,-0.26396352,0.29780521,0.044744587,0.022861756,0,221,18,14,18,True,0.016129602,36.8,68.1,61543,7.1
183,17820,"Colorado Springs, CO",establishment_growth,221,200,21,9.5022624,0.034266776,0.030769522,0.041459831,-0.021017603,0.0079671911,0.056568596,0.10870305,-0.13043478,0.1752988,0.048601405,0.023901156,2,221,18,14,18,True,0.016129602,36.8,68.1,61543,7.1
183,17820,"Colorado Springs, CO",payroll_growth,221,200,21,9.5022624,0.058024422,0.058069469,0.087983515,-0.04316338,0.029729896,0.092613777,0.16526542,-0.65331054,0.48038095,0.062883881,0.03122835,0,221,18,14,18,True,0.016129602,36.8,68.1,61543,7.1
183,17820,"Colorado Springs, CO",wage_growth,221,200,21,9.5022624,0.031513498,0.029893011,0.059645182,-0.021380473,0.012509993,0.053658471,0.10297808,-0.57972898,0.23712837,0.041148479,0.019142356,0,221,18,14,18,True,0.016129602,36.8,68.1,61543,7.1
183,17820,"Colorado Springs, CO",acs_population_growth,221,205,16,7.239819,0.015668207,0.016129602,0.0031987185,0.0075501834,0.01445161,0.018143005,0.019569278,0.0075501834,0.019569278,0.0036913947,0.0020134022,0,221,18,14,18,True,0.016129602,36.8,68.1,61543,7.1
183,17820,"Colorado Springs, CO",unemployment_rate,221,221,0,0,7.2837104,7.4,1.4226118,5.4,5.9,8.4,9.5,5.4,9.5,2.5,1.5,0,221,18,14,18,True,0.016129602,36.8,68.1,61543,7.1
183,17820,"Colorado Springs, CO",educational_attainment_pct,221,221,0,0,37.028959,36.4,2.0286971,34.8,35.1,38.6,41,34.8,41,3.5,1.4,0,221,18,14,18,True,0.016129602,36.8,68.1,61543,7.1
183,17820,"Colorado Springs, CO",median_household_income,221,221,0,0,65133.982,60335,9541.0917,56358,57549,71171,87180,56358,87180,13622,3224,0,221,18,14,18,True,0.016129602,36.8,68.1,61543,7.1
183,17820,"Colorado Springs, CO",labor_force_participation_pct,221,221,0,0,68.362443,68.2,0.7782214,67.5,67.8,68.8,70.1,67.5,70.1,1,0.6,0,221,18,14,18,True,0.016129602,36.8,68.1,61543,7.1
184,17860,"Columbia, MO",startup_rate,91,91,0,0,6.6023127,6.0483871,2.2638909,3.7037037,4.8193051,8.3940892,10.342481,1.9230769,12.5,3.5747841,1.4612311,0,91,11,14,11,False,0.011729226,45.95,68.1,51409,4.5
184,17860,"Columbia, MO",employment_growth,91,75,16,17.582418,0.025623531,0.022627737,0.056107033,-0.03886138,-0.0095106153,0.047957816,0.10798545,-0.14216957,0.28109453,0.057468431,0.026668037,0,91,11,14,11,False,0.011729226,45.95,68.1,51409,4.5
184,17860,"Columbia, MO",establishment_growth,91,75,16,17.582418,0.00019775077,0.0084033613,0.06737212,-0.057807929,-0.010392111,0.032605047,0.062682927,-0.40233723,0.097069597,0.042997158,0.023596639,1.3333333,91,11,14,11,False,0.011729226,45.95,68.1,51409,4.5
184,17860,"Columbia, MO",payroll_growth,91,75,16,17.582418,0.06262272,0.061427781,0.076386434,-0.022361682,0.021650954,0.097199031,0.17940779,-0.19273596,0.32935699,0.075548077,0.037161634,0,91,11,14,11,False,0.011729226,45.95,68.1,51409,4.5
184,17860,"Columbia, MO",wage_growth,91,75,16,17.582418,0.035607166,0.036710682,0.037045137,-0.0014060663,0.020004307,0.053470995,0.086557637,-0.1697841,0.1223879,0.033466688,0.017322733,0,91,11,14,11,False,0.011729226,45.95,68.1,51409,4.5
184,17860,"Columbia, MO",acs_population_growth,91,87,4,4.3956044,0.020241172,0.011729226,0.045010239,-0.044111033,0.0091493848,0.015032333,0.16346486,-0.044111033,0.16346486,0.005882948,0.0033031063,0,91,11,14,11,False,0.011729226,45.95,68.1,51409,4.5
184,17860,"Columbia, MO",unemployment_rate,91,91,0,0,4.8505495,4.4,0.94767243,3.7,4,6,6.4,3.6,6.4,2,0.6,0,91,11,14,11,False,0.011729226,45.95,68.1,51409,4.5
184,17860,"Columbia, MO",educational_attainment_pct,91,91,0,0,45.832967,46,1.4797939,42.7,45.1,47.3,47.7,42.7,47.7,2.2,1.3,0,91,11,14,11,False,0.011729226,45.95,68.1,51409,4.5
184,17860,"Columbia, MO",median_household_income,91,91,0,0,54251,52005,7237.3951,47118,48627,57980,69463,45556,69463,9353,3378,0,91,11,14,11,False,0.011729226,45.95,68.1,51409,4.5
184,17860,"Columbia, MO",labor_force_participation_pct,91,91,0,0,67.626374,68.1,1.6277343,65.3,65.9,69.1,69.7,65.3,69.7,3.2,1.3,0,91,11,14,11,False,0.011729226,45.95,68.1,51409,4.5
185,17900,"Columbia, SC",startup_rate,83,83,0,0,6.124274,5.9796438,2.0630436,3.2983583,4.4597061,7.5932294,9.252845,2.892562,12.863706,3.1335232,1.5485871,0,83,11,14,11,False,0.010130847,31.8,64.85,52007.5,7.45
185,17900,"Columbia, SC",employment_growth,83,65,18,21.686747,0.01356752,0.010512654,0.0478403,-0.037104194,-0.0051124991,0.031170663,0.073277792,-0.11497881,0.216994,0.036283162,0.017030731,1.5384615,83,11,14,11,False,0.010130847,31.8,64.85,52007.5,7.45
185,17900,"Columbia, SC",establishment_growth,83,65,18,21.686747,0.018406011,0.02019544,0.034863939,-0.028878233,0.0031055901,0.034768212,0.065093674,-0.13470205,0.12806673,0.031662622,0.01550794,0,83,11,14,11,False,0.010130847,31.8,64.85,52007.5,7.45
185,17900,"Columbia, SC",payroll_growth,83,65,18,21.686747,0.047439248,0.042155706,0.066500346,-0.010802867,0.022620144,0.069999224,0.11693039,-0.17823911,0.40432844,0.04737908,0.023832631,0,83,11,14,11,False,0.010130847,31.8,64.85,52007.5,7.45
185,17900,"Columbia, SC",wage_growth,83,65,18,21.686747,0.033154902,0.030166926,0.03506487,-0.0060548818,0.021033415,0.04467738,0.084064549,-0.08158955,0.15393123,0.023643965,0.012625883,0,83,11,14,11,False,0.010130847,31.8,64.85,52007.5,7.45
185,17900,"Columbia, SC",acs_population_growth,83,76,7,8.4337349,0.0093588993,0.010130847,0.0057707457,-0.008526578,0.009562298,0.010490393,0.016670138,-0.008526578,0.016670138,0.00092809482,0.0005685488,0,83,11,14,11,False,0.010130847,31.8,64.85,52007.5,7.45
185,17900,"Columbia, SC",unemployment_rate,83,83,0,0,7.5072289,7,1.7771437,5.5,5.7,9.1,10.5,5.5,10.5,3.4,1.4,0,83,11,14,11,False,0.010130847,31.8,64.85,52007.5,7.45
185,17900,"Columbia, SC",educational_attainment_pct,83,83,0,0,31.831325,31.9,1.6356492,29.8,30.3,33,35,29.8,35,2.7,1.6,0,83,11,14,11,False,0.010130847,31.8,64.85,52007.5,7.45
185,17900,"Columbia, SC",median_household_income,83,83,0,0,53956.048,52728,5581.6452,48311,49238,56680,66146,48311,66146,7442,3528,0,83,11,14,11,False,0.010130847,31.8,64.85,52007.5,7.45
185,17900,"Columbia, SC",labor_force_participation_pct,83,83,0,0,65.268675,64.7,1.2467448,63.9,64.2,66.4,67.5,63.9,67.5,2.2,0.8,0,83,11,14,11,False,0.010130847,31.8,64.85,52007.5,7.45
186,17980,"Columbus, GA-AL",startup_rate,13,13,0,0,6.9557071,6.7476383,1.4277948,5.2043956,5.6987788,8.2152975,8.9030401,5.0824176,8.9795918,2.5165186,1.4255095,0,13,1,13,1,False,0.010156443,23.4,62.3,43307,9.8
186,17980,"Columbus, GA-AL",employment_growth,13,11,2,15.384615,-0.0025692481,0.0079147641,0.02116019,-0.03357582,-0.022228683,0.01366265,0.017524269,-0.039197286,0.019202472,0.035891333,0.0079313027,0,13,1,13,1,False,0.010156443,23.4,62.3,43307,9.8
186,17980,"Columbus, GA-AL",establishment_growth,13,11,2,15.384615,0.00324013,0.0020491803,0.030365546,-0.042793554,-0.0049337461,0.024779528,0.037142756,-0.070881226,0.037832311,0.029713274,0.016755063,0,13,1,13,1,False,0.010156443,23.4,62.3,43307,9.8
186,17980,"Columbus, GA-AL",payroll_growth,13,11,2,15.384615,0.02516568,0.023801056,0.031454892,-0.012216085,0.0051581825,0.03526829,0.072561453,-0.016029854,0.098789701,0.030110107,0.012853638,0,13,1,13,1,False,0.010156443,23.4,62.3,43307,9.8
186,17980,"Columbus, GA-AL",wage_growth,13,11,2,15.384615,0.027869228,0.022068292,0.025448513,0.0082109663,0.012619821,0.024257657,0.077668438,0.0065600834,0.081674796,0.011637836,0.007634539,0,13,1,13,1,False,0.010156443,23.4,62.3,43307,9.8
186,17980,"Columbus, GA-AL",acs_population_growth,13,12,1,7.6923077,0.0097246144,0.010156443,0.013237954,-0.0075727461,0.00054827184,0.017406949,0.028180139,-0.0079370413,0.037949591,0.016858677,0.0090692759,0,13,1,13,1,False,0.010156443,23.4,62.3,43307,9.8
186,17980,"Columbus, GA-AL",unemployment_rate,13,13,0,0,9.4307692,9.8,1.623979,7.02,8.3,10.5,11.46,6.3,11.7,2.2,1.1,0,13,1,13,1,False,0.010156443,23.4,62.3,43307,9.8
186,17980,"Columbus, GA-AL",educational_attainment_pct,13,13,0,0,23.261538,23.4,1.9763343,20.46,21.7,24.5,25.94,20.4,26.9,2.8,1.7,0,13,1,13,1,False,0.010156443,23.4,62.3,43307,9.8
186,17980,"Columbus, GA-AL",median_household_income,13,13,0,0,45549,43307,4889.8041,41537.2,42278,47571,54121.2,41323,57762,5293,1627,0,13,1,13,1,False,0.010156443,23.4,62.3,43307,9.8
186,17980,"Columbus, GA-AL",labor_force_participation_pct,13,13,0,0,61.692308,62.3,1.5924099,59.54,59.7,62.7,63.72,59.3,63.9,3,0.8,0,13,1,13,1,False,0.010156443,23.4,62.3,43307,9.8
187,18020,"Columbus, IN",startup_rate,180,180,0,0,4.5823427,4.3209877,3.866274,0,1.8591862,6.4954594,10.269906,0,20,4.6362731,2.356418,23.888889,180,18,14,18,True,0.0089776547,30.45,65.85,56602.5,5.1
187,18020,"Columbus, IN",employment_growth,180,166,14,7.7777778,0.014534971,0.016092697,0.067528472,-0.090497425,-0.015128037,0.044150306,0.12925806,-0.21379573,0.25026738,0.059278343,0.030249233,0.60240964,180,18,14,18,True,0.0089776547,30.45,65.85,56602.5,5.1
187,18020,"Columbus, IN",establishment_growth,180,166,14,7.7777778,0.010857047,0.0082604633,0.052171902,-0.061580882,-0.0088935089,0.035650963,0.093024901,-0.25,0.21052632,0.044544471,0.022476814,15.060241,180,18,14,18,True,0.0089776547,30.45,65.85,56602.5,5.1
187,18020,"Columbus, IN",payroll_growth,180,166,14,7.7777778,0.048658196,0.04392363,0.093492515,-0.077190103,-6.3635805e-05,0.079013111,0.20492209,-0.19686855,0.57512333,0.079076747,0.039649752,0,180,18,14,18,True,0.0089776547,30.45,65.85,56602.5,5.1
187,18020,"Columbus, IN",wage_growth,180,166,14,7.7777778,0.033707933,0.028795783,0.061694391,-0.034607696,0.0058831551,0.060761037,0.10787333,-0.17324038,0.54267065,0.054877882,0.02719077,0,180,18,14,18,True,0.0089776547,30.45,65.85,56602.5,5.1
187,18020,"Columbus, IN",acs_population_growth,180,166,14,7.7777778,0.0068253544,0.0089776547,0.007462836,-0.018263689,0.0074854144,0.0099430333,0.010937579,-0.018263689,0.010937579,0.0024576189,0.0012588701,0,180,18,14,18,True,0.0089776547,30.45,65.85,56602.5,5.1
187,18020,"Columbus, IN",unemployment_rate,180,180,0,0,5.2577778,5.2,1.1941176,3.6,4.2,6.7,6.9,3.6,6.9,2.5,1.4,0,180,18,14,18,True,0.0089776547,30.45,65.85,56602.5,5.1
187,18020,"Columbus, IN",educational_attainment_pct,180,180,0,0,30.643889,29.7,3.3269538,26.5,27.2,33.9,35.4,26.5,35.4,6.7,3,0,180,18,14,18,True,0.0089776547,30.45,65.85,56602.5,5.1
187,18020,"Columbus, IN",median_household_income,180,180,0,0,60916.017,55874,8920.7747,52742,54481,66978,80365,52742,80365,12497,2182,0,180,18,14,18,True,0.0089776547,30.45,65.85,56602.5,5.1
187,18020,"Columbus, IN",labor_force_participation_pct,180,180,0,0,65.901111,65.9,0.92916668,64,65.4,66.3,67.6,64,67.6,0.9,0.4,0,180,18,14,18,True,0.0089776547,30.45,65.85,56602.5,5.1
190,18140,"Columbus, OH",startup_rate,134,134,0,0,7.3038318,7.4007743,2.3664853,3.7603752,5.2040527,9.131439,10.899118,2.67335,12.198142,3.9273863,2.0167951,0,134,11,14,11,True,0.01147297,35.05,67.7,58805,5.65
190,18140,"Columbus, OH",employment_growth,134,114,20,14.925373,0.015807736,0.018157584,0.05165316,-0.06409016,0.00027960266,0.04151102,0.085110393,-0.2447622,0.13567432,0.041231417,0.021934495,0,134,11,14,11,True,0.01147297,35.05,67.7,58805,5.65
190,18140,"Columbus, OH",establishment_growth,134,114,20,14.925373,0.023471579,0.01877385,0.033722693,-0.0095191216,0.0066873843,0.032301291,0.062316979,-0.035735736,0.22276822,0.025613906,0.012586999,0,134,11,14,11,True,0.01147297,35.05,67.7,58805,5.65
190,18140,"Columbus, OH",payroll_growth,134,114,20,14.925373,0.054577593,0.052578053,0.053591788,-0.019065748,0.027961202,0.085936204,0.14179119,-0.16363488,0.21909088,0.057975002,0.029073497,0,134,11,14,11,True,0.01147297,35.05,67.7,58805,5.65
190,18140,"Columbus, OH",wage_growth,134,114,20,14.925373,0.038649159,0.034410221,0.029919501,-0.0019340689,0.015576909,0.055727973,0.090718975,-0.020635769,0.14506021,0.040151064,0.020101629,0,134,11,14,11,True,0.01147297,35.05,67.7,58805,5.65
190,18140,"Columbus, OH",acs_population_growth,134,124,10,7.4626866,0.013749572,0.01147297,0.0095259865,0.0068425242,0.011375777,0.012415126,0.046718764,0.0068425242,0.046718764,0.0010393492,0.00094215586,0,134,11,14,11,True,0.01147297,35.05,67.7,58805,5.65
190,18140,"Columbus, OH",unemployment_rate,134,134,0,0,5.85,5.3,1.5158188,4.1,4.4,7.6,8.2,4.1,8.2,3.2,1.1,0,134,11,14,11,True,0.01147297,35.05,67.7,58805,5.65
190,18140,"Columbus, OH",educational_attainment_pct,134,134,0,0,35.549254,35.3,2.3008578,32.5,33.3,37.3,39.4,32.5,39.4,4,2,0,134,11,14,11,True,0.01147297,35.05,67.7,58805,5.65
190,18140,"Columbus, OH",median_household_income,134,134,0,0,62183.776,60170,8480.7753,52910,54628,66715,79847,52910,79847,12087,5778,0,134,11,14,11,True,0.01147297,35.05,67.7,58805,5.65
190,18140,"Columbus, OH",labor_force_participation_pct,134,134,0,0,67.885075,67.7,0.47864273,67.5,67.6,68,69,67.5,69,0.4,0.1,0,134,11,14,11,True,0.01147297,35.05,67.7,58805,5.65
200,18580,"Corpus Christi, TX",startup_rate,169,169,0,0,6.5236772,6.2857143,2.3919068,3.2876818,4.8684211,8.1469649,10.341248,0,14.655172,3.2785438,1.7024514,1.183432,169,16,14,16,True,0.006891045,19.85,62.7,52279,5.95
200,18580,"Corpus Christi, TX",employment_growth,169,150,19,11.242604,0.011594441,0.012266414,0.064375686,-0.083577258,-0.015575143,0.041305332,0.099042903,-0.28405018,0.2747184,0.056880475,0.028790102,0,169,16,14,16,True,0.006891045,19.85,62.7,52279,5.95
200,18580,"Corpus Christi, TX",establishment_growth,169,150,19,11.242604,0.0025985871,0.005340111,0.031417766,-0.053103875,-0.014100007,0.022679257,0.040625244,-0.096491228,0.12442396,0.036779265,0.019023702,3.3333333,169,16,14,16,True,0.006891045,19.85,62.7,52279,5.95
200,18580,"Corpus Christi, TX",payroll_growth,169,150,19,11.242604,0.047977495,0.05142366,0.079869003,-0.084931644,0.0068099276,0.086738136,0.16892498,-0.25374455,0.27448304,0.079928208,0.040946396,0,169,16,14,16,True,0.006891045,19.85,62.7,52279,5.95
200,18580,"Corpus Christi, TX",wage_growth,169,150,19,11.242604,0.035583411,0.034842355,0.034430171,-0.018420083,0.014162821,0.059091996,0.089542414,-0.092439986,0.1309014,0.044929176,0.022647296,0,169,16,14,16,True,0.006891045,19.85,62.7,52279,5.95
200,18580,"Corpus Christi, TX",acs_population_growth,169,158,11,6.5088757,0.004472369,0.006891045,0.023504729,-0.052503344,0.0013347396,0.010237962,0.058291705,-0.052503344,0.058291705,0.0089032226,0.0036870908,0,169,16,14,16,True,0.006891045,19.85,62.7,52279,5.95
200,18580,"Corpus Christi, TX",unemployment_rate,169,169,0,0,6.4426036,5.8,0.98359537,5.4,5.7,7.8,8,5.4,8,2.1,0.3,0,169,16,14,16,True,0.006891045,19.85,62.7,52279,5.95
200,18580,"Corpus Christi, TX",educational_attainment_pct,169,169,0,0,20.349704,19.9,1.0686064,19.3,19.5,20.9,23,19.3,23,1.4,0.6,0,169,16,14,16,True,0.006891045,19.85,62.7,52279,5.95
200,18580,"Corpus Christi, TX",median_household_income,169,169,0,0,53369.994,52883,6516.6886,43534,47373,56714,65801,43534,65801,9341,3831,0,169,16,14,16,True,0.006891045,19.85,62.7,52279,5.95
200,18580,"Corpus Christi, TX",labor_force_participation_pct,169,169,0,0,62.30355,62.5,0.87816729,60.3,61.5,63,63.2,60.3,63.2,1.5,0.5,0,169,16,14,16,True,0.006891045,19.85,62.7,52279,5.95
203,18700,"Corvallis, OR",startup_rate,179,179,0,0,6.2029296,6.043956,3.6278864,0,4.2796093,8.6101998,12.072785,0,17.241379,4.3305905,2.1082179,13.96648,179,18,14,18,True,0.0093276931,53.35,60.45,53348.5,6.75
203,18700,"Corvallis, OR",employment_growth,179,158,21,11.731844,0.011846076,0.017096357,0.079682224,-0.0885313,-0.020395934,0.052350255,0.1097585,-0.31,0.31436314,0.072746189,0.035853628,0.63291139,179,18,14,18,True,0.0093276931,53.35,60.45,53348.5,6.75
203,18700,"Corvallis, OR",establishment_growth,179,158,21,11.731844,0.027025077,0.019708738,0.07737813,-0.03760393,0,0.05,0.11866774,-0.33265306,0.61842105,0.05,0.025490445,10.126582,179,18,14,18,True,0.0093276931,53.35,60.45,53348.5,6.75
203,18700,"Corvallis, OR",payroll_growth,179,158,21,11.731844,0.050683867,0.048239314,0.092203481,-0.088672741,0.0047928983,0.098246636,0.20524272,-0.27794571,0.36152555,0.093453738,0.045571922,0,179,18,14,18,True,0.0093276931,53.35,60.45,53348.5,6.75
203,18700,"Corvallis, OR",wage_growth,179,158,21,11.731844,0.038733503,0.037899662,0.047087789,-0.030476251,0.012800646,0.064069636,0.1076777,-0.14516421,0.22006128,0.05126899,0.025468675,0,179,18,14,18,True,0.0093276931,53.35,60.45,53348.5,6.75
203,18700,"Corvallis, OR",acs_population_growth,179,165,14,7.8212291,0.010455514,0.0093276931,0.0066087538,0.00052332275,0.0057075356,0.011645647,0.027113532,0.00052332275,0.027113532,0.0059381118,0.0027585821,0,179,18,14,18,True,0.0093276931,53.35,60.45,53348.5,6.75
203,18700,"Corvallis, OR",unemployment_rate,179,179,0,0,7.1335196,6.8,1.0830639,5.4,6.2,8.3,8.7,5.4,8.7,2.1,0.8,0,179,18,14,18,True,0.0093276931,53.35,60.45,53348.5,6.75
203,18700,"Corvallis, OR",educational_attainment_pct,179,179,0,0,52.114525,53.4,2.3035418,47.85,50,53.8,54.4,47.4,54.4,3.8,0.6,0,179,18,14,18,True,0.0093276931,53.35,60.45,53348.5,6.75
203,18700,"Corvallis, OR",median_household_income,179,179,0,0,57355.894,52015,9659.8133,47982.4,48635,65142,76011,47716,76011,16507,4003,0,179,18,14,18,True,0.0093276931,53.35,60.45,53348.5,6.75
203,18700,"Corvallis, OR",labor_force_participation_pct,179,179,0,0,60.303352,60.4,0.89045497,59.2,59.4,61,62.1,59.2,62.1,1.6,0.7,0,179,18,14,18,True,0.0093276931,53.35,60.45,53348.5,6.75
207,18880,"Crestview-Fort Walton Beach-Destin, FL",startup_rate,235,235,0,0,8.5939169,8.7980173,4.8529709,0,6.0070219,11.628814,15.318289,0,37.5,5.6217923,2.8171561,11.489362,235,19,14,19,True,0.019930715,28.85,63,56310,6.35
207,18880,"Crestview-Fort Walton Beach-Destin, FL",employment_growth,235,215,20,8.5106383,0.023544791,0.021129348,0.063278819,-0.075576542,-0.0054922148,0.057529496,0.11844256,-0.26923077,0.18522409,0.063021711,0.030625463,0.46511628,235,19,14,19,True,0.019930715,28.85,63,56310,6.35
207,18880,"Crestview-Fort Walton Beach-Destin, FL",establishment_growth,235,215,20,8.5106383,0.035852491,0.027704485,0.05724685,-0.029448995,0.0028975157,0.062154815,0.11211094,-0.13333333,0.4295302,0.059257299,0.027704485,6.0465116,235,19,14,19,True,0.019930715,28.85,63,56310,6.35
207,18880,"Crestview-Fort Walton Beach-Destin, FL",payroll_growth,235,215,20,8.5106383,0.072651332,0.057414013,0.1420616,-0.064038602,0.025136313,0.10845523,0.21464294,-0.65943668,1.3871585,0.083318913,0.045500574,0,235,19,14,19,True,0.019930715,28.85,63,56310,6.35
207,18880,"Crestview-Fort Walton Beach-Destin, FL",wage_growth,235,215,20,8.5106383,0.046904364,0.035029224,0.11595987,-0.037296143,0.011312677,0.061890706,0.15491206,-0.5339709,1.2035324,0.050578029,0.024871037,0,235,19,14,19,True,0.019930715,28.85,63,56310,6.35
207,18880,"Crestview-Fort Walton Beach-Destin, FL",acs_population_growth,235,219,16,6.8085106,0.043424505,0.019930715,0.086268131,-0.00056569784,0.015107064,0.021248966,0.32193021,-0.00056569784,0.32193021,0.006141902,0.0023238182,0,235,19,14,19,True,0.019930715,28.85,63,56310,6.35
207,18880,"Crestview-Fort Walton Beach-Destin, FL",unemployment_rate,235,235,0,0,6.3004255,6.7,1.8212539,3.7,4.4,8.1,9.1,3.7,9.1,3.7,1.5,0,235,19,14,19,True,0.019930715,28.85,63,56310,6.35
207,18880,"Crestview-Fort Walton Beach-Destin, FL",educational_attainment_pct,235,235,0,0,29.479149,28.7,2.5218768,26.6,27.2,31.6,34.2,26.6,34.2,4.4,1.7,0,235,19,14,19,True,0.019930715,28.85,63,56310,6.35
207,18880,"Crestview-Fort Walton Beach-Destin, FL",median_household_income,235,235,0,0,60036.349,55199,8228.7885,52303,54118,65075,79150,52303,79150,10957,2896,0,235,19,14,19,True,0.019930715,28.85,63,56310,6.35
207,18880,"Crestview-Fort Walton Beach-Destin, FL",labor_force_participation_pct,235,235,0,0,63.755745,62.9,1.8744569,62.1,62.4,64,67.5,62.1,67.5,1.6,0.5,0,235,19,14,19,True,0.019930715,28.85,63,56310,6.35
211,19100,"Dallas-Fort Worth-Arlington, TX",startup_rate,206,206,0,0,9.7983475,9.9512647,2.9030377,5.0611319,8.0997169,11.78377,14.102657,2.34375,19.37514,3.684053,1.8466688,0,206,17,14,17,True,0.019135761,33.4,69.15,62600,5.65
211,19100,"Dallas-Fort Worth-Arlington, TX",employment_growth,206,181,25,12.135922,0.024818397,0.028142442,0.044290397,-0.037119114,0.011214435,0.047811072,0.074789512,-0.23637871,0.12057964,0.036596637,0.018183333,0,206,17,14,17,True,0.019135761,33.4,69.15,62600,5.65
211,19100,"Dallas-Fort Worth-Arlington, TX",establishment_growth,206,181,25,12.135922,0.026696286,0.026613843,0.028959409,-0.018026706,0.011805079,0.045276989,0.070976985,-0.069305593,0.12647956,0.03347191,0.01716071,1.1049724,206,17,14,17,True,0.019135761,33.4,69.15,62600,5.65
211,19100,"Dallas-Fort Worth-Arlington, TX",payroll_growth,206,181,25,12.135922,0.060753058,0.059578105,0.056640771,-0.0098087895,0.037999204,0.085760314,0.15242501,-0.27012062,0.23953203,0.04776111,0.024730172,0,206,17,14,17,True,0.019135761,33.4,69.15,62600,5.65
211,19100,"Dallas-Fort Worth-Arlington, TX",wage_growth,206,181,25,12.135922,0.035168259,0.032942362,0.03573603,-0.012935793,0.018114655,0.051618548,0.094906277,-0.071521543,0.20823408,0.033503893,0.01625383,0,206,17,14,17,True,0.019135761,33.4,69.15,62600,5.65
211,19100,"Dallas-Fort Worth-Arlington, TX",acs_population_growth,206,191,15,7.2815534,0.018307172,0.019135761,0.0043561537,0.0090468293,0.017485908,0.020527553,0.027348538,0.0090468293,0.027348538,0.0030416447,0.0016498524,0,206,17,14,17,True,0.019135761,33.4,69.15,62600,5.65
211,19100,"Dallas-Fort Worth-Arlington, TX",unemployment_rate,206,206,0,0,5.9145631,5.3,1.3853173,4.4,4.6,7.5,8.1,4.4,8.1,2.9,0.8,0,206,17,14,17,True,0.019135761,33.4,69.15,62600,5.65
211,19100,"Dallas-Fort Worth-Arlington, TX",educational_attainment_pct,206,206,0,0,34.076699,33.7,2.5027284,30.9,31.7,36,38.5,30.9,38.5,4.3,2.3,0,206,17,14,17,True,0.019135761,33.4,69.15,62600,5.65
211,19100,"Dallas-Fort Worth-Arlington, TX",median_household_income,206,206,0,0,67185.539,63870,9954.8949,56349,58356,72882,87155,56349,87155,14526,6212,0,206,17,14,17,True,0.019135761,33.4,69.15,62600,5.65
211,19100,"Dallas-Fort Worth-Arlington, TX",labor_force_participation_pct,206,206,0,0,69.232524,69.15,0.52985082,68.6,68.8,69.6,70.3,68.6,70.3,0.8,0.35,0,206,17,14,17,True,0.019135761,33.4,69.15,62600,5.65
212,19140,"Dalton, GA",startup_rate,118,118,0,0,6.3203127,5.3452381,3.5825325,2.3378096,3.9527559,8.4086345,13.337615,0,21,4.4558786,1.7808677,1.6949153,118,12,14,12,True,0.0021244479,13.05,62.8,42093.5,8.55
212,19140,"Dalton, GA",employment_growth,118,106,12,10.169492,0.01248765,0.010678974,0.09014637,-0.088566424,-0.024702287,0.044654011,0.11844869,-0.24946604,0.5885798,0.069356298,0.035211682,0,118,12,14,12,True,0.0021244479,13.05,62.8,42093.5,8.55
212,19140,"Dalton, GA",establishment_growth,118,106,12,10.169492,0.0063131116,0,0.044288029,-0.056857639,-0.02227558,0.038182195,0.072735192,-0.15846995,0.11235955,0.060457776,0.02910977,7.5471698,118,12,14,12,True,0.0021244479,13.05,62.8,42093.5,8.55
212,19140,"Dalton, GA",payroll_growth,118,106,12,10.169492,0.043914635,0.040956049,0.089985611,-0.068181012,-0.011156869,0.083465781,0.20042622,-0.1484187,0.50191396,0.09462265,0.047315952,0,118,12,14,12,True,0.0021244479,13.05,62.8,42093.5,8.55
212,19140,"Dalton, GA",wage_growth,118,106,12,10.169492,0.032473987,0.031827643,0.051510536,-0.05449778,-0.0019400186,0.058599877,0.11551221,-0.087127446,0.23925346,0.060539896,0.028252561,0,118,12,14,12,True,0.0021244479,13.05,62.8,42093.5,8.55
212,19140,"Dalton, GA",acs_population_growth,118,112,6,5.0847458,0.0016944019,0.0021244479,0.0032942007,-0.0068236618,-6.9731603e-06,0.0034351682,0.006795002,-0.0068236618,0.0085743912,0.0034421414,0.0013107203,0,118,12,14,12,True,0.0021244479,13.05,62.8,42093.5,8.55
212,19140,"Dalton, GA",unemployment_rate,118,118,0,0,8.2966102,6.7,2.5963792,5.3,6,10.725,12.9,5.3,12.9,4.725,1.4,0,118,12,14,12,True,0.0021244479,13.05,62.8,42093.5,8.55
212,19140,"Dalton, GA",educational_attainment_pct,118,118,0,0,14.165254,13.9,1.6543327,12.685,12.8,15.325,17.7,12.6,17.7,2.525,1.1,0,118,12,14,12,True,0.0021244479,13.05,62.8,42093.5,8.55
212,19140,"Dalton, GA",median_household_income,118,118,0,0,47437.373,46381,8579.4524,38818,40654,52254,65715,38818,65715,11600,5727,0,118,12,14,12,True,0.0021244479,13.05,62.8,42093.5,8.55
212,19140,"Dalton, GA",labor_force_participation_pct,118,118,0,0,62.824576,62.8,0.76593459,62,62.125,63.2,64.19,62,64.7,1.075,0.5,0,118,12,14,12,True,0.0021244479,13.05,62.8,42093.5,8.55
216,19300,"Daphne-Fairhope-Foley, AL",startup_rate,233,233,0,0,7.5013776,7.518797,4.9125308,0,5,10.305344,13.52381,0,33.333333,5.3053435,2.6168362,15.879828,233,19,14,19,True,0.023018948,31.3,58.6,55962,4.4
216,19300,"Daphne-Fairhope-Foley, AL",employment_growth,233,216,17,7.2961373,0.029194019,0.028500529,0.064317826,-0.076630668,-0.0058612975,0.0565486,0.11929723,-0.14942529,0.4280397,0.062409898,0.030862874,0,233,19,14,19,True,0.023018948,31.3,58.6,55962,4.4
216,19300,"Daphne-Fairhope-Foley, AL",establishment_growth,233,216,17,7.2961373,0.040000856,0.039964035,0.05982037,-0.042899285,0.010394182,0.064647259,0.11690216,-0.13127413,0.40909091,0.054253077,0.026729514,5.0925926,233,19,14,19,True,0.023018948,31.3,58.6,55962,4.4
216,19300,"Daphne-Fairhope-Foley, AL",payroll_growth,233,216,17,7.2961373,0.07111045,0.065211145,0.077920963,-0.050918096,0.036223537,0.10150287,0.18422168,-0.13894758,0.67764456,0.06527933,0.031828533,0,233,19,14,19,True,0.023018948,31.3,58.6,55962,4.4
216,19300,"Daphne-Fairhope-Foley, AL",wage_growth,233,216,17,7.2961373,0.040882808,0.041517423,0.039956525,-0.014999689,0.018745644,0.058113332,0.09790585,-0.12005832,0.18507927,0.039367688,0.021377059,0,233,19,14,19,True,0.023018948,31.3,58.6,55962,4.4
216,19300,"Daphne-Fairhope-Foley, AL",acs_population_growth,233,168,65,27.896996,0.02494121,0.02334284,0.0054199149,0.019297278,0.021863677,0.027688867,0.040505935,0.019297278,0.040505935,0.0058251901,0.0023067392,0,233,19,14,19,True,0.023018948,31.3,58.6,55962,4.4
216,19300,"Daphne-Fairhope-Foley, AL",unemployment_rate,233,185,48,20.600858,5.5081081,4.4,2.0666843,3.2,3.7,7.5,9.2,3.2,9.2,3.8,1.1,0,233,19,14,19,True,0.023018948,31.3,58.6,55962,4.4
216,19300,"Daphne-Fairhope-Foley, AL",educational_attainment_pct,233,185,48,20.600858,30.717838,31.3,1.7148823,27.7,29,32.5,32.8,27.7,32.8,3.5,1.3,0,233,19,14,19,True,0.023018948,31.3,58.6,55962,4.4
216,19300,"Daphne-Fairhope-Foley, AL",median_household_income,233,185,48,20.600858,58051.519,55962,8313.6155,50183,50254,64346,75019,50183,75019,14092,5741,0,233,19,14,19,True,0.023018948,31.3,58.6,55962,4.4
216,19300,"Daphne-Fairhope-Foley, AL",labor_force_participation_pct,233,185,48,20.600858,58.914595,58.6,0.84599631,57.7,58.3,59.6,60.6,57.7,60.6,1.3,0.6,0,233,19,14,19,True,0.023018948,31.3,58.6,55962,4.4
217,19340,"Davenport-Moline-Rock Island, IA-IL",startup_rate,159,159,0,0,5.3071285,4.9717514,2.4405271,2.0142602,3.6574074,6.7219917,9.5366795,0,13.617021,3.0645843,1.5371243,0.62893082,159,13,14,13,True,0.00041498649,26.3,63.85,54082,5.8
217,19340,"Davenport-Moline-Rock Island, IA-IL",employment_growth,159,137,22,13.836478,0.0023561174,0.0034793041,0.066548493,-0.098360714,-0.011913972,0.021904762,0.066757136,-0.2745283,0.46615139,0.033818734,0.016934067,0,159,13,14,13,True,0.00041498649,26.3,63.85,54082,5.8
217,19340,"Davenport-Moline-Rock Island, IA-IL",establishment_growth,159,137,22,13.836478,-0.00090840368,-0.0023724792,0.030033567,-0.050546029,-0.014851485,0.016513761,0.038708859,-0.12172088,0.12820513,0.031365247,0.015845533,2.189781,159,13,14,13,True,0.00041498649,26.3,63.85,54082,5.8
217,19340,"Davenport-Moline-Rock Island, IA-IL",payroll_growth,159,137,22,13.836478,0.038357483,0.032329187,0.12640919,-0.088904731,0.0050991184,0.0661367,0.16245675,-0.3423147,1.2462716,0.061037582,0.03064134,0,159,13,14,13,True,0.00041498649,26.3,63.85,54082,5.8
217,19340,"Davenport-Moline-Rock Island, IA-IL",wage_growth,159,137,22,13.836478,0.034200562,0.028882744,0.063558792,-0.022423707,0.015349567,0.047468779,0.11573456,-0.26265739,0.53208474,0.032119213,0.015520263,0,159,13,14,13,True,0.00041498649,26.3,63.85,54082,5.8
217,19340,"Davenport-Moline-Rock Island, IA-IL",acs_population_growth,159,146,13,8.1761006,0.0012026701,0.00041498649,0.0037422278,-0.0040368938,-0.0023637437,0.0038628227,0.0099428307,-0.0040368938,0.0099428307,0.0062265664,0.0032062534,0,159,13,14,13,True,0.00041498649,26.3,63.85,54082,5.8
217,19340,"Davenport-Moline-Rock Island, IA-IL",unemployment_rate,159,159,0,0,5.7647799,6.1,0.82907134,4.5,4.8,6.5,6.8,4.5,6.8,1.7,0.7,0,159,13,14,13,True,0.00041498649,26.3,63.85,54082,5.8
217,19340,"Davenport-Moline-Rock Island, IA-IL",educational_attainment_pct,159,159,0,0,26.40566,26.1,1.4424507,24.4,25.4,27.5,29.4,24.4,29.4,2.1,1.2,0,159,13,14,13,True,0.00041498649,26.3,63.85,54082,5.8
217,19340,"Davenport-Moline-Rock Island, IA-IL",median_household_income,159,159,0,0,56026.308,53535,6888.2479,48410,51151,59876,71925,48410,71925,8725,2530,0,159,13,14,13,True,0.00041498649,26.3,63.85,54082,5.8
217,19340,"Davenport-Moline-Rock Island, IA-IL",labor_force_participation_pct,159,159,0,0,64.269811,64,0.9220749,63.2,63.4,64.6,65.9,63.2,65.9,1.2,0.6,0,159,13,14,13,True,0.00041498649,26.3,63.85,54082,5.8
218,19430,"Dayton-Kettering-Beavercreek, OH",startup_rate,186,186,0,0,5.6487877,5.6798055,2.299732,2.0479827,4.1769802,7.1428571,9.2361194,0,12.359551,2.9658769,1.4809453,3.7634409,186,16,14,16,True,0.0023649847,31,62.8,61763,5.5
218,19430,"Dayton-Kettering-Beavercreek, OH",employment_growth,186,165,21,11.290323,0.0018574864,0.0088394381,0.052247239,-0.087239539,-0.018941941,0.025372692,0.059937231,-0.29680151,0.17947977,0.044314634,0.021268355,0,186,16,14,16,True,0.0023649847,31,62.8,61763,5.5
218,19430,"Dayton-Kettering-Beavercreek, OH",establishment_growth,186,165,21,11.290323,0.0084998364,0.0048721072,0.031350319,-0.034229453,-0.0070671378,0.021437579,0.056077885,-0.073426573,0.14873418,0.028504717,0.014046419,3.030303,186,16,14,16,True,0.0023649847,31,62.8,61763,5.5
218,19430,"Dayton-Kettering-Beavercreek, OH",payroll_growth,186,165,21,11.290323,0.034564135,0.034791057,0.058207154,-0.04445111,0.010727609,0.061684655,0.10069668,-0.22519656,0.28170975,0.050957046,0.025856379,0,186,16,14,16,True,0.0023649847,31,62.8,61763,5.5
218,19430,"Dayton-Kettering-Beavercreek, OH",wage_growth,186,165,21,11.290323,0.032892093,0.030714163,0.029690011,-0.0081574552,0.015955749,0.045017123,0.08594073,-0.078037614,0.13593653,0.029061374,0.014508989,0,186,16,14,16,True,0.0023649847,31,62.8,61763,5.5
218,19430,"Dayton-Kettering-Beavercreek, OH",acs_population_growth,186,57,129,69.354839,0.0030949642,0.0017606198,0.0019872347,0.0013562977,0.0017606198,0.0029693495,0.0063889003,0.0013562977,0.0063889003,0.0012087297,0.00040432214,0,186,16,14,16,True,0.0023649847,31,62.8,61763,5.5
218,19430,"Dayton-Kettering-Beavercreek, OH",unemployment_rate,186,70,116,62.365591,5.53,5.5,0.28506292,5.2,5.3,5.7,6,5.2,6,0.4,0.2,0,186,16,14,16,True,0.0023649847,31,62.8,61763,5.5
218,19430,"Dayton-Kettering-Beavercreek, OH",educational_attainment_pct,186,70,116,62.365591,30.827143,31,0.91745101,29.6,29.9,31.5,32,29.6,32,1.6,1,0,186,16,14,16,True,0.0023649847,31,62.8,61763,5.5
218,19430,"Dayton-Kettering-Beavercreek, OH",median_household_income,186,70,116,62.365591,62537.229,61763,5389.577,55634,57631,67088,69752,55634,69752,9457,5325,0,186,16,14,16,True,0.0023649847,31,62.8,61763,5.5
218,19430,"Dayton-Kettering-Beavercreek, OH",labor_force_participation_pct,186,70,116,62.365591,62.768571,62.8,0.27269076,62.4,62.5,63,63.1,62.4,63.1,0.5,0.3,0,186,16,14,16,True,0.0023649847,31,62.8,61763,5.5
219,19460,"Decatur, AL",startup_rate,129,129,0,0,5.0866917,5,2.9991757,0,3.0674847,6.855792,10.455505,0,15.116279,3.7883073,1.9325153,9.3023256,129,15,14,15,True,0.00032836193,19.05,57.55,46264.5,7.6
219,19460,"Decatur, AL",employment_growth,129,110,19,14.728682,0.017373204,0.014831456,0.045362834,-0.046468822,-0.0062467915,0.039429048,0.092684045,-0.13274336,0.15306122,0.045675839,0.021755267,0.90909091,129,15,14,15,True,0.00032836193,19.05,57.55,46264.5,7.6
219,19460,"Decatur, AL",establishment_growth,129,110,19,14.728682,0.01764138,0.0095525711,0.044674019,-0.027998296,-0.0096761894,0.03712406,0.084913793,-0.064516129,0.28571429,0.04680025,0.021751871,7.2727273,129,15,14,15,True,0.00032836193,19.05,57.55,46264.5,7.6
219,19460,"Decatur, AL",payroll_growth,129,110,19,14.728682,0.05346309,0.046168802,0.060778658,-0.024519402,0.018197349,0.086902397,0.16268055,-0.13272293,0.25892695,0.068705048,0.032961947,0,129,15,14,15,True,0.00032836193,19.05,57.55,46264.5,7.6
219,19460,"Decatur, AL",wage_growth,129,110,19,14.728682,0.035324049,0.033102411,0.033056129,-0.018826126,0.01572648,0.056344045,0.091664033,-0.040926137,0.15288965,0.040617566,0.021012901,0,129,15,14,15,True,0.00032836193,19.05,57.55,46264.5,7.6
219,19460,"Decatur, AL",acs_population_growth,129,121,8,6.2015504,0.0021689142,-0.00014445838,0.0060967342,-0.003549298,-0.0013478405,0.0045193256,0.02216372,-0.003549298,0.02216372,0.0058671661,0.0023592581,0,129,15,14,15,True,0.00032836193,19.05,57.55,46264.5,7.6
219,19460,"Decatur, AL",unemployment_rate,129,129,0,0,7.3077519,6.6,2.8246297,3.6,4.6,9.7,12,3.6,12,5.1,2.2,0,129,15,14,15,True,0.00032836193,19.05,57.55,46264.5,7.6
219,19460,"Decatur, AL",educational_attainment_pct,129,129,0,0,19.322481,19,1.4854103,17.2,18.1,20.2,22.1,17.2,22.1,2.1,1,0,129,15,14,15,True,0.00032836193,19.05,57.55,46264.5,7.6
219,19460,"Decatur, AL",median_household_income,129,129,0,0,49252.605,46725,6476.8058,43312,44273,51842,63987,43312,63987,7569,2518,0,129,15,14,15,True,0.00032836193,19.05,57.55,46264.5,7.6
219,19460,"Decatur, AL",labor_force_participation_pct,129,129,0,0,58.112403,57.4,2.4304709,55.5,55.8,60.7,62.2,55.5,62.2,4.9,1.8,0,129,15,14,15,True,0.00032836193,19.05,57.55,46264.5,7.6
220,19500,"Decatur, IL",startup_rate,174,174,0,0,4.2080888,4.0757,3.3338891,0,1.7711864,5.9701493,10.43002,0,14.925373,4.1989628,1.9475607,22.988506,174,19,14,19,True,-0.0072257379,22.75,60.95,48264.5,8.6
220,19500,"Decatur, IL",employment_growth,174,156,18,10.344828,-0.01448733,-0.0011942424,0.090386093,-0.15527823,-0.044722662,0.026143813,0.101799,-0.5,0.22857143,0.070866474,0.034413522,0.64102564,174,19,14,19,True,-0.0072257379,22.75,60.95,48264.5,8.6
220,19500,"Decatur, IL",establishment_growth,174,156,18,10.344828,-0.014772133,-0.013857478,0.047246535,-0.085452962,-0.037531054,0.00081967213,0.042146697,-0.16736402,0.25,0.038350726,0.019841136,14.102564,174,19,14,19,True,-0.0072257379,22.75,60.95,48264.5,8.6
220,19500,"Decatur, IL",payroll_growth,174,156,18,10.344828,0.016852735,0.023556019,0.092996764,-0.14007396,-0.016485205,0.05138265,0.14880817,-0.36836402,0.38129964,0.067867855,0.032403924,0,174,19,14,19,True,-0.0072257379,22.75,60.95,48264.5,8.6
220,19500,"Decatur, IL",wage_growth,174,156,18,10.344828,0.03406144,0.032047234,0.061711725,-0.043623095,0.0014105173,0.06031842,0.1220721,-0.18195283,0.44020016,0.058907903,0.029968523,0,174,19,14,19,True,-0.0072257379,22.75,60.95,48264.5,8.6
220,19500,"Decatur, IL",acs_population_growth,174,158,16,9.1954023,-0.0055777718,-0.0065263831,0.0031906197,-0.0099919135,-0.0079599727,-0.0026773277,-6.3223114e-05,-0.0099919135,-6.3223114e-05,0.005282645,0.0026582956,0,174,19,14,19,True,-0.0072257379,22.75,60.95,48264.5,8.6
220,19500,"Decatur, IL",unemployment_rate,174,174,0,0,9.1,8.9,1.5624199,7.1,7.7,10.2,11.9,7.1,11.9,2.5,1.3,0,174,19,14,19,True,-0.0072257379,22.75,60.95,48264.5,8.6
220,19500,"Decatur, IL",educational_attainment_pct,174,174,0,0,22.525287,22.7,1.0694084,20.5,21.95,23.5,24.1,20.5,24.1,1.55,0.8,0,174,19,14,19,True,-0.0072257379,22.75,60.95,48264.5,8.6
220,19500,"Decatur, IL",median_household_income,174,174,0,0,50084.822,47477,5277.0397,44337,46263.5,53725,62449,44337,62449,7461.5,1575,0,174,19,14,19,True,-0.0072257379,22.75,60.95,48264.5,8.6
220,19500,"Decatur, IL",labor_force_participation_pct,174,174,0,0,60.784483,60.8,1.5183428,57.8,59.6,62.2,63,57.8,63,2.6,1.2,0,174,19,14,19,True,-0.0072257379,22.75,60.95,48264.5,8.6
224,19660,"Deltona-Daytona Beach-Ormond Beach, FL",startup_rate,206,206,0,0,8.6998804,8.646713,3.1169125,4.3080694,6.7136739,10.637474,13.477257,0,20,3.9238001,1.9706453,3.3980583,206,18,14,18,True,0.016215785,22.7,52.6,44708,7.25
224,19660,"Deltona-Daytona Beach-Ormond Beach, FL",employment_growth,206,187,19,9.223301,0.018659293,0.01989238,0.053767098,-0.072618993,-0.0024083535,0.050860528,0.099764001,-0.18885782,0.23989218,0.053268881,0.027605715,0,206,18,14,18,True,0.016215785,22.7,52.6,44708,7.25
224,19660,"Deltona-Daytona Beach-Ormond Beach, FL",establishment_growth,206,187,19,9.223301,0.023014134,0.019178082,0.040078976,-0.02866347,0.0011344303,0.039387234,0.085693111,-0.11940299,0.20430108,0.038252803,0.018760763,1.6042781,206,18,14,18,True,0.016215785,22.7,52.6,44708,7.25
224,19660,"Deltona-Daytona Beach-Ormond Beach, FL",payroll_growth,206,187,19,9.223301,0.056199216,0.05220624,0.067243116,-0.053246409,0.025554962,0.092465773,0.16569533,-0.19183799,0.26320777,0.066910811,0.034315331,0,206,18,14,18,True,0.016215785,22.7,52.6,44708,7.25
224,19660,"Deltona-Daytona Beach-Ormond Beach, FL",wage_growth,206,187,19,9.223301,0.037356599,0.032166509,0.048787136,-0.02883836,0.013228204,0.05897758,0.12760838,-0.22817015,0.2601994,0.045749376,0.023250648,0,206,18,14,18,True,0.016215785,22.7,52.6,44708,7.25
224,19660,"Deltona-Daytona Beach-Ormond Beach, FL",acs_population_growth,206,193,13,6.3106796,0.027202874,0.016215785,0.050141514,-0.0010240098,0.0071685011,0.02016687,0.19772348,-0.0010240098,0.19772348,0.012998369,0.0043511978,0,206,18,14,18,True,0.016215785,22.7,52.6,44708,7.25
224,19660,"Deltona-Daytona Beach-Ormond Beach, FL",unemployment_rate,206,206,0,0,7.0834951,6.7,2.5919236,3.9,4.6,9.4,11.4,3.9,11.4,4.8,2.6,0,206,18,14,18,True,0.016215785,22.7,52.6,44708,7.25
224,19660,"Deltona-Daytona Beach-Ormond Beach, FL",educational_attainment_pct,206,206,0,0,23.348058,22.8,2.2332894,20.8,21.2,24.6,27.8,20.8,27.8,3.4,1.8,0,206,18,14,18,True,0.016215785,22.7,52.6,44708,7.25
224,19660,"Deltona-Daytona Beach-Ormond Beach, FL",median_household_income,206,206,0,0,49695.738,45016,8469.5489,42159,43419,53339,67599,42159,67599,9920,2857,0,206,18,14,18,True,0.016215785,22.7,52.6,44708,7.25
224,19660,"Deltona-Daytona Beach-Ormond Beach, FL",labor_force_participation_pct,206,206,0,0,52.819417,52.7,1.506089,51.1,51.4,53.5,56.2,51.1,56.2,2.1,1.1,0,206,18,14,18,True,0.016215785,22.7,52.6,44708,7.25
226,19740,"Denver-Aurora-Centennial, CO",startup_rate,86,86,0,0,9.9418845,10.034219,2.0467523,6.2941104,8.6720634,11.465934,13.387358,4.7947455,14.231137,2.7938707,1.4145217,0,86,13,14,13,False,0.017782729,41.7,71.35,70028.5,5
226,19740,"Denver-Aurora-Centennial, CO",employment_growth,86,62,24,27.906977,0.030739455,0.033044851,0.066701211,-0.022727861,0.01570086,0.052526211,0.12255647,-0.27138527,0.19639593,0.03682535,0.018048641,0,86,13,14,13,False,0.017782729,41.7,71.35,70028.5,5
226,19740,"Denver-Aurora-Centennial, CO",establishment_growth,86,62,24,27.906977,0.03010836,0.030654786,0.029669125,-0.026738059,0.016035938,0.044340343,0.074766768,-0.056320401,0.097677189,0.028304405,0.014414771,0,86,13,14,13,False,0.017782729,41.7,71.35,70028.5,5
226,19740,"Denver-Aurora-Centennial, CO",payroll_growth,86,62,24,27.906977,0.075429808,0.064312526,0.07549718,0.00035553058,0.045737529,0.097756052,0.20087353,-0.22425874,0.27246414,0.052018523,0.025836592,0,86,13,14,13,False,0.017782729,41.7,71.35,70028.5,5
226,19740,"Denver-Aurora-Centennial, CO",wage_growth,86,62,24,27.906977,0.043568185,0.037735,0.03202073,0.0075275921,0.023760713,0.0590985,0.10262242,-0.017808219,0.14929606,0.035337787,0.017001152,0,86,13,14,13,False,0.017782729,41.7,71.35,70028.5,5
226,19740,"Denver-Aurora-Centennial, CO",acs_population_growth,86,78,8,9.3023256,0.013736066,0.016942969,0.0057559942,0.0028096899,0.0077370078,0.018184843,0.019831092,0.0028096899,0.019831092,0.010447835,0.0022552804,0,86,13,14,13,False,0.017782729,41.7,71.35,70028.5,5
226,19740,"Denver-Aurora-Centennial, CO",unemployment_rate,86,86,0,0,5.5197674,4.6,1.5602277,4,4.3,6.9,8,3.7,8.3,2.6,0.7,0,86,13,14,13,False,0.017782729,41.7,71.35,70028.5,5
226,19740,"Denver-Aurora-Centennial, CO",educational_attainment_pct,86,86,0,0,42.534884,42.1,3.6137895,37.7,38.8,46.2,48.4,37.7,48.4,7.4,3.3,0,86,13,14,13,False,0.017782729,41.7,71.35,70028.5,5
226,19740,"Denver-Aurora-Centennial, CO",median_household_income,86,86,0,0,76167.837,71884,14446.735,60137,62407,88512,102339,60137,102339,26105,10150,0,86,13,14,13,False,0.017782729,41.7,71.35,70028.5,5
226,19740,"Denver-Aurora-Centennial, CO",labor_force_participation_pct,86,86,0,0,71.497674,71.7,0.42922002,70.8,71.2,71.9,72.1,70.8,72.1,0.7,0.4,0,86,13,14,13,False,0.017782729,41.7,71.35,70028.5,5
228,19780,"Des Moines-West Des Moines, IA",startup_rate,140,140,0,0,7.0269778,6.8961488,2.6393673,2.8944369,5.4625023,9.0234856,11.476815,1.4580802,13.425926,3.5609833,1.7417557,0,140,13,14,13,True,0.016918196,36,72.6,64752.5,4.55
228,19780,"Des Moines-West Des Moines, IA",employment_growth,140,116,24,17.142857,0.017085697,0.017265513,0.060594216,-0.051266711,0.0010070209,0.038198604,0.092460864,-0.30380264,0.30902461,0.037191583,0.019354852,0,140,13,14,13,True,0.016918196,36,72.6,64752.5,4.55
228,19780,"Des Moines-West Des Moines, IA",establishment_growth,140,116,24,17.142857,0.024256473,0.019974323,0.037477909,-0.011353479,0.0063180887,0.035944205,0.077681618,-0.051369863,0.2891791,0.029626116,0.015347397,1.7241379,140,13,14,13,True,0.016918196,36,72.6,64752.5,4.55
228,19780,"Des Moines-West Des Moines, IA",payroll_growth,140,116,24,17.142857,0.051574299,0.048185999,0.061789591,-0.011296684,0.027334959,0.076466343,0.16856011,-0.21804295,0.21035137,0.049131384,0.025334727,0,140,13,14,13,True,0.016918196,36,72.6,64752.5,4.55
228,19780,"Des Moines-West Des Moines, IA",wage_growth,140,116,24,17.142857,0.03444947,0.033258312,0.031693071,-0.0070502935,0.019223506,0.050650884,0.08706494,-0.096170342,0.12314005,0.031427379,0.014597014,0,140,13,14,13,True,0.016918196,36,72.6,64752.5,4.55
228,19780,"Des Moines-West Des Moines, IA",acs_population_growth,140,133,7,5,0.020970209,0.016918196,0.015750334,0.012426036,0.016307086,0.017682876,0.072907485,0.012426036,0.072907485,0.0013757901,0.00076468024,0,140,13,14,13,True,0.016918196,36,72.6,64752.5,4.55
228,19780,"Des Moines-West Des Moines, IA",unemployment_rate,140,140,0,0,4.6828571,4.3,0.71045055,3.9,4,5.5,5.8,3.9,5.8,1.5,0.4,0,140,13,14,13,True,0.016918196,36,72.6,64752.5,4.55
228,19780,"Des Moines-West Des Moines, IA",educational_attainment_pct,140,140,0,0,36.035714,36.1,1.8027585,33.35,34.5,37.1,39.1,32.4,39.1,2.6,1.25,0,140,13,14,13,True,0.016918196,36,72.6,64752.5,4.55
228,19780,"Des Moines-West Des Moines, IA",median_household_income,140,140,0,0,67752.079,65971,8132.2327,59284.65,60750,71734,84209,57454,84209,10984,5221,0,140,13,14,13,True,0.016918196,36,72.6,64752.5,4.55
228,19780,"Des Moines-West Des Moines, IA",labor_force_participation_pct,140,140,0,0,72.343571,72.6,0.91212541,71,71.5,73.1,73.71,71,73.9,1.6,0.95,0,140,13,14,13,True,0.016918196,36,72.6,64752.5,4.55
230,19820,"Detroit-Warren-Dearborn, MI",startup_rate,199,199,0,0,7.7374792,7.8481013,2.780417,3.3656302,6.3113186,9.1538462,12.62294,1.1049724,23.076923,2.8425276,1.4398043,0,199,18,14,18,True,-0.00010746094,29.8,62.6,55188,8.65
230,19820,"Detroit-Warren-Dearborn, MI",employment_growth,199,177,22,11.055276,0.012901613,0.015354954,0.062829584,-0.078839387,-0.0002230578,0.03970327,0.078402158,-0.35922105,0.23683136,0.039926328,0.019898044,0,199,18,14,18,True,-0.00010746094,29.8,62.6,55188,8.65
230,19820,"Detroit-Warren-Dearborn, MI",establishment_growth,199,177,22,11.055276,0.024408281,0.01477684,0.044138326,-0.030820728,-0.004312115,0.049122215,0.096713738,-0.090097606,0.20861128,0.05343433,0.023622277,0,199,18,14,18,True,-0.00010746094,29.8,62.6,55188,8.65
230,19820,"Detroit-Warren-Dearborn, MI",payroll_growth,199,177,22,11.055276,0.045122034,0.040387045,0.063043029,-0.031477925,0.018895649,0.073098654,0.12311666,-0.25478802,0.30618391,0.054203005,0.027493766,0,199,18,14,18,True,-0.00010746094,29.8,62.6,55188,8.65
230,19820,"Detroit-Warren-Dearborn, MI",wage_growth,199,177,22,11.055276,0.032569755,0.026967369,0.03307303,-0.0070972896,0.013962511,0.045258894,0.094483721,-0.06979269,0.21700013,0.031296383,0.014431963,0,199,18,14,18,True,-0.00010746094,29.8,62.6,55188,8.65
230,19820,"Detroit-Warren-Dearborn, MI",acs_population_growth,199,186,13,6.5326633,0.00051674948,-0.00010746094,0.0048329316,-0.0057515247,-0.0018246624,0.00087801303,0.01515918,-0.0057515247,0.01515918,0.0027026754,0.0017172014,0,199,18,14,18,True,-0.00010746094,29.8,62.6,55188,8.65
230,19820,"Detroit-Warren-Dearborn, MI",unemployment_rate,199,199,0,0,9.3557789,8.1,2.992677,6.5,6.6,12.7,13.9,6.5,13.9,6.1,1.6,0,199,18,14,18,True,-0.00010746094,29.8,62.6,55188,8.65
230,19820,"Detroit-Warren-Dearborn, MI",educational_attainment_pct,199,199,0,0,30.345729,30.1,2.3095693,27,28.1,32.2,34.1,27,34.1,4.1,2.1,0,199,18,14,18,True,-0.00010746094,29.8,62.6,55188,8.65
230,19820,"Detroit-Warren-Dearborn, MI",median_household_income,199,199,0,0,59315.553,56339,7954.4991,51844,52305,62768,75123,51844,75123,10463,4436,0,199,18,14,18,True,-0.00010746094,29.8,62.6,55188,8.65
230,19820,"Detroit-Warren-Dearborn, MI",labor_force_participation_pct,199,199,0,0,62.703015,62.6,0.41668601,62.3,62.4,62.8,63.8,62.3,63.8,0.4,0.2,0,199,18,14,18,True,-0.00010746094,29.8,62.6,55188,8.65
234,20020,"Dothan, AL",startup_rate,89,89,0,0,5.1561673,4.9382716,2.5439673,1.6216216,3.3707865,6.3829787,10.006008,0,12.745098,3.0121922,1.5674851,2.247191,89,12,14,12,False,0.0050537818,18.7,56.75,41651,7.5
234,20020,"Dothan, AL",employment_growth,89,77,12,13.483146,0.0054359406,0.010452962,0.036260226,-0.060704218,-0.016105743,0.02180937,0.060937237,-0.088062622,0.099958176,0.037915112,0.02113387,2.5974026,89,12,14,12,False,0.0050537818,18.7,56.75,41651,7.5
234,20020,"Dothan, AL",establishment_growth,89,77,12,13.483146,0.0055874889,0.0064935065,0.029817954,-0.044710031,-0.012987013,0.024390244,0.052511556,-0.077844311,0.060810811,0.037377257,0.018716578,3.8961039,89,12,14,12,False,0.0050537818,18.7,56.75,41651,7.5
234,20020,"Dothan, AL",payroll_growth,89,77,12,13.483146,0.04175907,0.03869255,0.060542935,-0.048236537,0.015811002,0.075821736,0.1289295,-0.17163395,0.20747548,0.060010734,0.02895524,0,89,12,14,12,False,0.0050537818,18.7,56.75,41651,7.5
234,20020,"Dothan, AL",wage_growth,89,77,12,13.483146,0.035922331,0.034416915,0.042873988,-0.020189771,0.015456347,0.060316169,0.093466216,-0.12223436,0.16927075,0.044859822,0.021619179,0,89,12,14,12,False,0.0050537818,18.7,56.75,41651,7.5
234,20020,"Dothan, AL",acs_population_growth,89,84,5,5.6179775,0.00469113,0.0050537818,0.0032092406,-0.0003584884,0.0019261051,0.0063366391,0.010356087,-0.0003584884,0.010356087,0.004410534,0.0031276767,0,89,12,14,12,False,0.0050537818,18.7,56.75,41651,7.5
234,20020,"Dothan, AL",unemployment_rate,89,89,0,0,7.0179775,7.3,1.6272929,4.5,5.3,8.7,8.9,4.5,8.9,3.4,1.5,0,89,12,14,12,False,0.0050537818,18.7,56.75,41651,7.5
234,20020,"Dothan, AL",educational_attainment_pct,89,89,0,0,18.886517,18.7,1.4033394,16.52,18,20.1,20.9,16.4,20.9,2.1,1.2,0,89,12,14,12,False,0.0050537818,18.7,56.75,41651,7.5
234,20020,"Dothan, AL",median_household_income,89,89,0,0,44743.146,42431,5379.8644,39336,40515,47608,56772,38846,56772,7093,2360,0,89,12,14,12,False,0.0050537818,18.7,56.75,41651,7.5
234,20020,"Dothan, AL",labor_force_participation_pct,89,89,0,0,57.117978,56.6,1.6411998,55.3,55.6,58.4,60,55.3,60,2.8,1.1,0,89,12,14,12,False,0.0050537818,18.7,56.75,41651,7.5
236,20100,"Dover, DE",startup_rate,198,198,0,0,10.324511,8.9953762,5.6279761,3.9136905,6.2655731,12.558962,22.78457,0,26.315789,6.2933892,3.013031,3.030303,198,17,14,17,True,0.012894412,23.3,62.95,56716.5,7.2
236,20100,"Dover, DE",employment_growth,198,178,20,10.10101,0.017679453,0.017307558,0.093666114,-0.10999404,-0.015733166,0.04755944,0.17696965,-0.44652701,0.41156875,0.063292606,0.032711856,0,198,17,14,17,True,0.012894412,23.3,62.95,56716.5,7.2
236,20100,"Dover, DE",establishment_growth,198,178,20,10.10101,0.041616501,0.029100529,0.072633619,-0.054545455,0,0.068624498,0.1607827,-0.14285714,0.30188679,0.068624498,0.029100529,6.741573,198,17,14,17,True,0.012894412,23.3,62.95,56716.5,7.2
236,20100,"Dover, DE",payroll_growth,198,178,20,10.10101,0.050719212,0.045906741,0.10891681,-0.081783824,0.0004342309,0.091783322,0.24686299,-0.48816251,0.45429922,0.091349091,0.045804016,0,198,17,14,17,True,0.012894412,23.3,62.95,56716.5,7.2
236,20100,"Dover, DE",wage_growth,198,178,20,10.10101,0.032401491,0.029429851,0.048082972,-0.035545084,0.0021567777,0.05797134,0.10958646,-0.12791645,0.21850131,0.055814562,0.028057496,0,198,17,14,17,True,0.012894412,23.3,62.95,56716.5,7.2
236,20100,"Dover, DE",acs_population_growth,198,186,12,6.0606061,0.012747139,0.012894412,0.0034175231,0.0053259195,0.010736635,0.014490132,0.019232975,0.0053259195,0.019232975,0.0037534966,0.0019331947,0,198,17,14,17,True,0.012894412,23.3,62.95,56716.5,7.2
236,20100,"Dover, DE",unemployment_rate,198,198,0,0,7.2479798,6.7,1.5399489,5.4,5.9,8.4,9.8,5.4,9.8,2.5,1.3,0,198,17,14,17,True,0.012894412,23.3,62.95,56716.5,7.2
236,20100,"Dover, DE",educational_attainment_pct,198,198,0,0,23.291414,23.5,2.1225588,20,21.4,24.5,26.7,20,26.7,3.1,1.55,0,198,17,14,17,True,0.012894412,23.3,62.95,56716.5,7.2
236,20100,"Dover, DE",median_household_income,198,198,0,0,59477.889,57647,5912.7394,53183,55149,60910,72872,53183,72872,5761,2671,0,198,17,14,17,True,0.012894412,23.3,62.95,56716.5,7.2
236,20100,"Dover, DE",labor_force_participation_pct,198,198,0,0,62.901515,62.9,1.0847572,61.3,62,64.2,64.4,61.3,64.4,2.2,1.1,0,198,17,14,17,True,0.012894412,23.3,62.95,56716.5,7.2
239,20220,"Dubuque, IA",startup_rate,199,199,0,0,4.473284,4.6218487,2.9047789,0,2.6845638,6.4117969,8.7378641,0,14.285714,3.7272332,1.8821227,16.582915,199,17,14,17,True,0.004723375,29.6,68.75,57652,4.1
239,20220,"Dubuque, IA",employment_growth,199,184,15,7.5376884,0.0043566421,0.0040742617,0.066041677,-0.10546197,-0.022880562,0.028588745,0.11438941,-0.25290323,0.28896104,0.051469307,0.026061037,0,199,17,14,17,True,0.004723375,29.6,68.75,57652,4.1
239,20220,"Dubuque, IA",establishment_growth,199,184,15,7.5376884,0.01903315,0.0074121773,0.055751111,-0.033318228,-0.0090371404,0.034962406,0.099615385,-0.14590747,0.28125,0.043999546,0.022344935,8.1521739,199,17,14,17,True,0.004723375,29.6,68.75,57652,4.1
239,20220,"Dubuque, IA",payroll_growth,199,184,15,7.5376884,0.039969049,0.037295494,0.084249375,-0.077008135,0.0039900242,0.079970463,0.15642704,-0.28010329,0.46502337,0.075980439,0.037853049,0,199,17,14,17,True,0.004723375,29.6,68.75,57652,4.1
239,20220,"Dubuque, IA",wage_growth,199,184,15,7.5376884,0.03612568,0.035087445,0.061231532,-0.03527906,0.014330182,0.058576095,0.10908741,-0.31034727,0.45217839,0.044245913,0.021200255,0,199,17,14,17,True,0.004723375,29.6,68.75,57652,4.1
239,20220,"Dubuque, IA",acs_population_growth,199,184,15,7.5376884,0.0052307863,0.004723375,0.0039265358,0.0012666309,0.0021756615,0.007347618,0.015371477,0.0012666309,0.015371477,0.0051719565,0.002624243,0,199,17,14,17,True,0.004723375,29.6,68.75,57652,4.1
239,20220,"Dubuque, IA",unemployment_rate,199,199,0,0,4.3180905,4.1,0.40759751,3.8,4,4.8,5,3.8,5,0.8,0.2,0,199,17,14,17,True,0.004723375,29.6,68.75,57652,4.1
239,20220,"Dubuque, IA",educational_attainment_pct,199,199,0,0,29.273367,29.2,2.4359978,25.3,27.1,31.4,32.9,25.3,32.9,4.3,2.1,0,199,17,14,17,True,0.004723375,29.6,68.75,57652,4.1
239,20220,"Dubuque, IA",median_household_income,199,199,0,0,59339.618,56154,8549.3439,48573,51475,64493,75919,48573,75919,13018,5269,0,199,17,14,17,True,0.004723375,29.6,68.75,57652,4.1
239,20220,"Dubuque, IA",labor_force_participation_pct,199,199,0,0,68.863819,68.8,1.1661027,67.4,67.8,69.8,70.9,67.4,70.9,2,1,0,199,17,14,17,True,0.004723375,29.6,68.75,57652,4.1
240,20260,"Duluth, MN-WI",startup_rate,183,183,0,0,4.6765609,4.7368421,2.2069131,0.1369863,3.2481043,5.9163831,8.4865486,0,11.538462,2.6682787,1.323764,5.4644809,183,15,14,15,True,0.00056981035,26.5,62.55,50931.5,5.35
240,20260,"Duluth, MN-WI",employment_growth,183,164,19,10.382514,0.0076049224,0.011343733,0.051861911,-0.068022334,-0.01749498,0.027870379,0.084575168,-0.21793881,0.25868441,0.045365358,0.023261287,0.6097561,183,15,14,15,True,0.00056981035,26.5,62.55,50931.5,5.35
240,20260,"Duluth, MN-WI",establishment_growth,183,164,19,10.382514,0.0022032038,0,0.030173877,-0.042243485,-0.014820053,0.019593306,0.058210215,-0.08490566,0.092105263,0.034413359,0.016703377,7.3170732,183,15,14,15,True,0.00056981035,26.5,62.55,50931.5,5.35
240,20260,"Duluth, MN-WI",payroll_growth,183,164,19,10.382514,0.041982615,0.038004477,0.068262993,-0.058949656,0.0072629792,0.074219887,0.16201775,-0.20607632,0.28494433,0.066956908,0.032001738,0,183,15,14,15,True,0.00056981035,26.5,62.55,50931.5,5.35
240,20260,"Duluth, MN-WI",wage_growth,183,164,19,10.382514,0.033978445,0.033628466,0.037535004,-0.019947501,0.017319856,0.053813096,0.087025951,-0.19977542,0.14442377,0.03649324,0.018453398,0,183,15,14,15,True,0.00056981035,26.5,62.55,50931.5,5.35
240,20260,"Duluth, MN-WI",acs_population_growth,183,170,13,7.1038251,0.00077056477,0.00056981035,0.01565335,-0.036985705,-0.00065543239,0.0016597719,0.036645856,-0.036985705,0.036645856,0.0023152043,0.0012252427,0,183,15,14,15,True,0.00056981035,26.5,62.55,50931.5,5.35
240,20260,"Duluth, MN-WI",unemployment_rate,183,183,0,0,5.9273224,5,1.6044639,4.2,4.7,7.8,8.4,4.2,8.4,3.1,0.7,0,183,15,14,15,True,0.00056981035,26.5,62.55,50931.5,5.35
240,20260,"Duluth, MN-WI",educational_attainment_pct,183,183,0,0,26.989071,26.8,2.1033962,24.5,24.8,28.4,30.8,24.5,30.8,3.6,2,0,183,15,14,15,True,0.00056981035,26.5,62.55,50931.5,5.35
240,20260,"Duluth, MN-WI",median_household_income,183,183,0,0,54500.224,51785,8247.3775,45479,47074,58729,71067,45479,71067,11655,4921,0,183,15,14,15,True,0.00056981035,26.5,62.55,50931.5,5.35
240,20260,"Duluth, MN-WI",labor_force_participation_pct,183,183,0,0,62.302732,62.5,0.79989228,60.8,61.8,63,63.4,60.8,63.4,1.2,0.6,0,183,15,14,15,True,0.00056981035,26.5,62.55,50931.5,5.35
245,20500,"Durham-Chapel Hill, NC",startup_rate,204,204,0,0,7.662338,7.6665228,2.880851,3.6590432,5.8434482,9.4515795,11.752336,0,20,3.6081313,1.8172586,3.4313725,204,17,14,17,True,0.015435623,45.6,65.45,56221,6.4
245,20500,"Durham-Chapel Hill, NC",employment_growth,204,186,18,8.8235294,0.030776294,0.026607757,0.078532574,-0.066408922,-0.00082395538,0.055388702,0.11950957,-0.17665245,0.73313332,0.056212657,0.028004253,0.53763441,204,17,14,17,True,0.015435623,45.6,65.45,56221,6.4
245,20500,"Durham-Chapel Hill, NC",establishment_growth,204,186,18,8.8235294,0.036804661,0.028300706,0.048353525,-0.029994451,0.0073706781,0.062841652,0.12197541,-0.086448598,0.21032505,0.055470974,0.024686109,1.6129032,204,17,14,17,True,0.015435623,45.6,65.45,56221,6.4
245,20500,"Durham-Chapel Hill, NC",payroll_growth,204,186,18,8.8235294,0.069403858,0.059900481,0.098267964,-0.065332528,0.028608403,0.099745692,0.21629571,-0.20186791,0.84663264,0.071137289,0.038590442,0,204,17,14,17,True,0.015435623,45.6,65.45,56221,6.4
245,20500,"Durham-Chapel Hill, NC",wage_growth,204,186,18,8.8235294,0.037059046,0.031509434,0.043212335,-0.027016875,0.013583132,0.0571157,0.12443876,-0.11838925,0.20087246,0.043532569,0.021927443,0,204,17,14,17,True,0.015435623,45.6,65.45,56221,6.4
245,20500,"Durham-Chapel Hill, NC",acs_population_growth,204,190,14,6.8627451,0.014726098,0.015435623,0.039510942,-0.08297766,0.010928347,0.018126736,0.12212193,-0.08297766,0.12212193,0.0071983894,0.0026911129,0,204,17,14,17,True,0.015435623,45.6,65.45,56221,6.4
245,20500,"Durham-Chapel Hill, NC",unemployment_rate,204,204,0,0,6.195098,6,1.7000653,3.9,4.6,7.8,8.6,3.9,8.6,3.2,1.5,0,204,17,14,17,True,0.015435623,45.6,65.45,56221,6.4
245,20500,"Durham-Chapel Hill, NC",educational_attainment_pct,204,204,0,0,45.908333,45.9,2.3891131,42.8,44.1,46.6,52.3,42.8,52.3,2.5,1.5,0,204,17,14,17,True,0.015435623,45.6,65.45,56221,6.4
245,20500,"Durham-Chapel Hill, NC",median_household_income,204,204,0,0,60306.98,57600,9437.8146,50889,52549,64745,81017,50889,81017,12196,5457,0,204,17,14,17,True,0.015435623,45.6,65.45,56221,6.4
245,20500,"Durham-Chapel Hill, NC",labor_force_participation_pct,204,204,0,0,65.082353,65.4,1.0448006,63.4,64.4,65.7,66.8,63.4,66.8,1.3,0.8,0,204,17,14,17,True,0.015435623,45.6,65.45,56221,6.4
247,20580,"Eagle Pass, TX",startup_rate,122,122,0,0,6.2973483,5.74281,6.5938641,0,0,10.107205,16.910256,0,30.769231,10.107205,5.74281,35.245902,122,15,14,15,True,,15.3,58.4,51270,7.6
247,20580,"Eagle Pass, TX",employment_growth,122,110,12,9.8360656,0.038913234,0.015324224,0.20950296,-0.18309371,-0.025664729,0.073373917,0.22369819,-0.51877133,1.3333333,0.099038645,0.04549769,4.5454545,122,15,14,15,True,,15.3,58.4,51270,7.6
247,20580,"Eagle Pass, TX",establishment_growth,122,110,12,9.8360656,0.021562966,0.010289855,0.082168669,-0.096466165,-0.0066964286,0.049695122,0.14673601,-0.1875,0.33333333,0.056391551,0.034944883,23.636364,122,15,14,15,True,,15.3,58.4,51270,7.6
247,20580,"Eagle Pass, TX",payroll_growth,122,110,12,9.8360656,0.12412583,0.069279876,0.47431618,-0.16702615,-0.0054433489,0.14162911,0.46879431,-0.63594823,4.2273016,0.14707246,0.074783627,0,122,15,14,15,True,,15.3,58.4,51270,7.6
247,20580,"Eagle Pass, TX",wage_growth,122,110,12,9.8360656,0.065725027,0.036344394,0.18605617,-0.11441717,0.012309642,0.084752525,0.30393275,-0.48124883,1.2402662,0.072442882,0.040951574,0,122,15,14,15,True,,15.3,58.4,51270,7.6
247,20580,"Eagle Pass, TX",acs_population_growth,122,0,122,100,,,,,,,,,,,,,122,15,14,15,True,,15.3,58.4,51270,7.6
247,20580,"Eagle Pass, TX",unemployment_rate,122,9,113,92.622951,7.6,7.6,9.4205548e-16,7.6,7.6,7.6,7.6,7.6,7.6,0,0,0,122,15,14,15,True,,15.3,58.4,51270,7.6
247,20580,"Eagle Pass, TX",educational_attainment_pct,122,9,113,92.622951,15.3,15.3,1.884111e-15,15.3,15.3,15.3,15.3,15.3,15.3,0,0,0,122,15,14,15,True,,15.3,58.4,51270,7.6
247,20580,"Eagle Pass, TX",median_household_income,122,9,113,92.622951,51270,51270,0,51270,51270,51270,51270,51270,51270,0,0,0,122,15,14,15,True,,15.3,58.4,51270,7.6
247,20580,"Eagle Pass, TX",labor_force_participation_pct,122,9,113,92.622951,58.4,58.4,7.5364438e-15,58.4,58.4,58.4,58.4,58.4,58.4,0,0,0,122,15,14,15,True,,15.3,58.4,51270,7.6
250,20740,"Eau Claire, WI",startup_rate,184,184,0,0,5.6621396,5.7556936,2.9612678,0,3.7620378,7.7922078,10.264778,0,12.944162,4.0301699,2.0168229,9.7826087,184,17,14,17,True,0.0053821249,26.2,67.7,52297.5,4.25
250,20740,"Eau Claire, WI",employment_growth,184,169,15,8.1521739,0.010338475,0.0099901413,0.06584171,-0.071081999,-0.010681177,0.034923928,0.11070706,-0.35283194,0.20260664,0.045605105,0.024315176,0,184,17,14,17,True,0.0053821249,26.2,67.7,52297.5,4.25
250,20740,"Eau Claire, WI",establishment_growth,184,169,15,8.1521739,0.02063915,0.011278195,0.05863649,-0.041072637,-0.010335917,0.039800995,0.11602524,-0.10204082,0.48648649,0.050136912,0.026203569,8.8757396,184,17,14,17,True,0.0053821249,26.2,67.7,52297.5,4.25
250,20740,"Eau Claire, WI",payroll_growth,184,169,15,8.1521739,0.052073886,0.045996748,0.07296472,-0.04249254,0.018471336,0.086265744,0.17905791,-0.36608121,0.26007549,0.067794408,0.033987773,0,184,17,14,17,True,0.0053821249,26.2,67.7,52297.5,4.25
250,20740,"Eau Claire, WI",wage_growth,184,169,15,8.1521739,0.04160081,0.038096666,0.035180655,-0.0085896943,0.017119741,0.05877551,0.10936532,-0.027808425,0.14580365,0.041655769,0.020976925,0,184,17,14,17,True,0.0053821249,26.2,67.7,52297.5,4.25
250,20740,"Eau Claire, WI",acs_population_growth,184,172,12,6.5217391,0.0064845917,0.0053821249,0.0031498468,0.0034551197,0.0047819192,0.0073493205,0.016493669,0.0034551197,0.016493669,0.0025674013,0.0007009827,0,184,17,14,17,True,0.0053821249,26.2,67.7,52297.5,4.25
250,20740,"Eau Claire, WI",unemployment_rate,184,184,0,0,4.6641304,3.9,1.43299,3.1,3.4,6.1,6.8,3.1,6.8,2.7,0.7,0,184,17,14,17,True,0.0053821249,26.2,67.7,52297.5,4.25
250,20740,"Eau Claire, WI",educational_attainment_pct,184,184,0,0,27.267391,26.2,1.8309189,24.9,26,28.7,30.9,24.9,30.9,2.7,0.8,0,184,17,14,17,True,0.0053821249,26.2,67.7,52297.5,4.25
250,20740,"Eau Claire, WI",median_household_income,184,184,0,0,56209.342,53219,8214.2746,46975,49176,62031,72513,46975,72513,12855,4964,0,184,17,14,17,True,0.0053821249,26.2,67.7,52297.5,4.25
250,20740,"Eau Claire, WI",labor_force_participation_pct,184,184,0,0,67.961957,67.6,1.1411185,66.7,67,68.8,70.6,66.7,70.6,1.8,0.6,0,184,17,14,17,True,0.0053821249,26.2,67.7,52297.5,4.25
254,20940,"El Centro, CA",startup_rate,213,213,0,0,6.2024128,5.7142857,4.9507323,0,3.1914894,8.6021505,16.344086,0,28.571429,5.4106612,2.6626776,20.657277,213,19,14,19,True,0.0033725015,14.2,53.4,43669.5,15.65
254,20940,"El Centro, CA",employment_growth,213,194,19,8.9201878,0.01293085,0.014458748,0.13315776,-0.14329535,-0.032908687,0.061416496,0.16558322,-0.81054166,1.0311717,0.094325183,0.047485691,0,213,19,14,19,True,0.0033725015,14.2,53.4,43669.5,15.65
254,20940,"El Centro, CA",establishment_growth,213,194,19,8.9201878,0.094123868,0.010676697,1.148752,-0.11111111,-0.011799716,0.050901862,0.13125,-0.95288086,15.950207,0.062701578,0.02825807,12.886598,213,19,14,19,True,0.0033725015,14.2,53.4,43669.5,15.65
254,20940,"El Centro, CA",payroll_growth,213,194,19,8.9201878,0.047726533,0.054208783,0.1170059,-0.099318313,-0.003708345,0.095213865,0.21058,-0.56961524,0.70402167,0.09892221,0.04866188,0,213,19,14,19,True,0.0033725015,14.2,53.4,43669.5,15.65
254,20940,"El Centro, CA",wage_growth,213,194,19,8.9201878,0.042673333,0.039191992,0.11090492,-0.05487104,0.0011705069,0.068629746,0.1380638,-0.35505117,1.2716217,0.067459239,0.035628416,0,213,19,14,19,True,0.0033725015,14.2,53.4,43669.5,15.65
254,20940,"El Centro, CA",acs_population_growth,213,198,15,7.0422535,0.0047950379,0.0033725015,0.0062566738,-0.0029294496,-0.00066961445,0.0098797028,0.019583224,-0.0029294496,0.019583224,0.010549317,0.0048147717,0,213,19,14,19,True,0.0033725015,14.2,53.4,43669.5,15.65
254,20940,"El Centro, CA",unemployment_rate,213,213,0,0,15.641315,16,1.9305592,12.6,13.9,17.4,18.5,12.6,18.5,3.5,1.8,0,213,19,14,19,True,0.0033725015,14.2,53.4,43669.5,15.65
254,20940,"El Centro, CA",educational_attainment_pct,213,213,0,0,14.287324,14.1,1.1504219,12.2,13.3,15.2,16.1,12.2,16.1,1.9,0.9,0,213,19,14,19,True,0.0033725015,14.2,53.4,43669.5,15.65
254,20940,"El Centro, CA",median_household_income,213,213,0,0,45197.329,42560,5262.9926,38685,41255,47622,56393,38685,56393,6367,3158,0,213,19,14,19,True,0.0033725015,14.2,53.4,43669.5,15.65
254,20940,"El Centro, CA",labor_force_participation_pct,213,213,0,0,53.341315,53.3,1.1856382,51.1,52.4,54.2,55.3,51.1,55.3,1.8,0.9,0,213,19,14,19,True,0.0033725015,14.2,53.4,43669.5,15.65
257,21060,"Elizabethtown, KY",startup_rate,130,130,0,0,7.4093079,6.648071,3.8806158,3.3355079,4.9197248,8.5512129,15.563006,0,25.925926,3.6314882,1.8157136,0.76923077,130,12,14,12,True,0.0079799789,20.65,63.1,50764,6.85
257,21060,"Elizabethtown, KY",employment_growth,130,116,14,10.769231,0.01941425,0.012780519,0.07765979,-0.10690488,-0.014148156,0.050416442,0.13690825,-0.27042254,0.33976834,0.064564599,0.031185599,0.86206897,130,12,14,12,True,0.0079799789,20.65,63.1,50764,6.85
257,21060,"Elizabethtown, KY",establishment_growth,130,116,14,10.769231,0.028640262,0.02097427,0.072457465,-0.072920384,-0.007911825,0.057431134,0.12275625,-0.12222222,0.38297872,0.065342959,0.032213892,3.4482759,130,12,14,12,True,0.0079799789,20.65,63.1,50764,6.85
257,21060,"Elizabethtown, KY",payroll_growth,130,116,14,10.769231,0.050710338,0.034494607,0.082845143,-0.06969839,0.0047223942,0.093635961,0.19522074,-0.16613282,0.38775367,0.088913567,0.040932257,0,130,12,14,12,True,0.0079799789,20.65,63.1,50764,6.85
257,21060,"Elizabethtown, KY",wage_growth,130,116,14,10.769231,0.031513838,0.02737671,0.044050065,-0.028201812,0.011667505,0.051596757,0.10972767,-0.10111039,0.17403795,0.039929252,0.02179153,0,130,12,14,12,True,0.0079799789,20.65,63.1,50764,6.85
257,21060,"Elizabethtown, KY",acs_population_growth,130,121,9,6.9230769,0.011332681,0.0079799789,0.087401903,-0.18855977,-0.00093428838,0.01412398,0.25866136,-0.18855977,0.25866136,0.015058268,0.0075314314,0,130,12,14,12,True,0.0079799789,20.65,63.1,50764,6.85
257,21060,"Elizabethtown, KY",unemployment_rate,130,130,0,0,7.36,6.7,1.5156343,5.7,6,8.9,9.9,5.7,9.9,2.9,0.8,0,130,12,14,12,True,0.0079799789,20.65,63.1,50764,6.85
257,21060,"Elizabethtown, KY",educational_attainment_pct,130,130,0,0,20.16,20.6,1.5288745,17.7,18.6,21,23.3,17.7,23.3,2.4,1.3,0,130,12,14,12,True,0.0079799789,20.65,63.1,50764,6.85
257,21060,"Elizabethtown, KY",median_household_income,130,130,0,0,53166.823,51441,6353.6484,46467,48009,56680,67630,46467,67630,8671,3590,0,130,12,14,12,True,0.0079799789,20.65,63.1,50764,6.85
257,21060,"Elizabethtown, KY",labor_force_participation_pct,130,130,0,0,62.933846,63.1,0.62871271,61.7,62.3,63.5,63.9,61.7,63.9,1.2,0.5,0,130,12,14,12,True,0.0079799789,20.65,63.1,50764,6.85
259,21140,"Elkhart-Goshen, IN",startup_rate,201,201,0,0,5.2336557,5.0420168,3.8517273,0,3.1496063,6.8965517,10.322581,0,37.5,3.7469454,1.8924105,13.432836,201,19,14,19,True,0.0038556298,18.5,65.9,51070.5,6.05
259,21140,"Elkhart-Goshen, IN",employment_growth,201,182,19,9.4527363,0.017155642,0.016764814,0.06531702,-0.099728499,-0.0086843597,0.048508066,0.10638112,-0.29166667,0.24776119,0.057192425,0.027614387,0.54945055,201,19,14,19,True,0.0038556298,18.5,65.9,51070.5,6.05
259,21140,"Elkhart-Goshen, IN",establishment_growth,201,182,19,9.4527363,0.0092434656,0.0041876778,0.044602485,-0.039177979,-0.010519148,0.023378356,0.07883705,-0.2,0.2,0.033897504,0.017653674,8.2417582,201,19,14,19,True,0.0038556298,18.5,65.9,51070.5,6.05
259,21140,"Elkhart-Goshen, IN",payroll_growth,201,182,19,9.4527363,0.058787952,0.055480695,0.11384202,-0.10542143,0.015737796,0.091866248,0.22386318,-0.35901786,0.69647543,0.076128452,0.038901305,0,201,19,14,19,True,0.0038556298,18.5,65.9,51070.5,6.05
259,21140,"Elkhart-Goshen, IN",wage_growth,201,182,19,9.4527363,0.041126416,0.033256774,0.092576266,-0.049009411,0.0035928216,0.064721012,0.19614119,-0.38218049,0.68545398,0.06112819,0.030499897,0,201,19,14,19,True,0.0038556298,18.5,65.9,51070.5,6.05
259,21140,"Elkhart-Goshen, IN",acs_population_growth,201,186,15,7.4626866,0.0037680209,0.0038556298,0.001604528,0.00013053505,0.0030362221,0.0047587014,0.0063677842,0.00013053505,0.0063677842,0.0017224793,0.00090307167,0,201,19,14,19,True,0.0038556298,18.5,65.9,51070.5,6.05
259,21140,"Elkhart-Goshen, IN",unemployment_rate,201,201,0,0,7.0134328,6.5,2.8552878,3.4,4.4,9.9,11,3.4,11,5.5,2.2,0,201,19,14,19,True,0.0038556298,18.5,65.9,51070.5,6.05
259,21140,"Elkhart-Goshen, IN",educational_attainment_pct,201,201,0,0,18.79801,18.3,0.80093447,17.9,18.1,19.7,20,17.9,20,1.6,0.4,0,201,19,14,19,True,0.0038556298,18.5,65.9,51070.5,6.05
259,21140,"Elkhart-Goshen, IN",median_household_income,201,201,0,0,53034.159,49692,6711.5592,45693,47258,58509,65617,45693,65617,11251,2980,0,201,19,14,19,True,0.0038556298,18.5,65.9,51070.5,6.05
259,21140,"Elkhart-Goshen, IN",labor_force_participation_pct,201,201,0,0,66.61791,65.9,1.3579682,65.1,65.7,66.9,70.1,65.1,70.1,1.2,0.6,0,201,19,14,19,True,0.0038556298,18.5,65.9,51070.5,6.05
263,21300,"Elmira, NY",startup_rate,162,162,0,0,3.8547306,3.9143441,3.7819649,0,0,5.8422756,10.344828,0,23.529412,5.8422756,2.8845773,33.333333,162,17,14,17,True,-0.0059478627,23.5,57.75,50785.5,6.1
263,21300,"Elmira, NY",employment_growth,162,151,11,6.7901235,0.0023992286,-0.0062695925,0.12695209,-0.13296425,-0.04643738,0.037454551,0.16765546,-0.64502165,0.63178295,0.083891931,0.041813578,0.66225166,162,17,14,17,True,-0.0059478627,23.5,57.75,50785.5,6.1
263,21300,"Elmira, NY",establishment_growth,162,151,11,6.7901235,-0.00090781105,0,0.08272439,-0.089994762,-0.033556687,0.026189497,0.10960145,-0.5,0.33333333,0.059746184,0.031413613,14.569536,162,17,14,17,True,-0.0059478627,23.5,57.75,50785.5,6.1
263,21300,"Elmira, NY",payroll_growth,162,151,11,6.7901235,0.038079956,0.026422831,0.15541651,-0.14676658,-0.014931012,0.079170861,0.22754329,-0.56285917,0.80763275,0.094101873,0.048061358,0,162,17,14,17,True,-0.0059478627,23.5,57.75,50785.5,6.1
263,21300,"Elmira, NY",wage_growth,162,151,11,6.7901235,0.034857794,0.033397549,0.063803377,-0.036176792,0.0052658816,0.060001427,0.12385488,-0.31620648,0.33536076,0.054735546,0.02703555,0,162,17,14,17,True,-0.0059478627,23.5,57.75,50785.5,6.1
263,21300,"Elmira, NY",acs_population_growth,162,152,10,6.1728395,-0.0055301711,-0.0059478627,0.0052431356,-0.013155623,-0.0097900663,0.00025927763,0.0040539737,-0.013155623,0.0040539737,0.010049344,0.003907514,0,162,17,14,17,True,-0.0059478627,23.5,57.75,50785.5,6.1
263,21300,"Elmira, NY",unemployment_rate,162,162,0,0,6.1901235,6.1,0.79628094,5,5.6,6.9,7.9,5,7.9,1.3,0.5,0,162,17,14,17,True,-0.0059478627,23.5,57.75,50785.5,6.1
263,21300,"Elmira, NY",educational_attainment_pct,162,162,0,0,23.383333,23.6,1.7803011,20.6,21.5,24.4,26.9,20.6,26.9,2.9,0.8,0,162,17,14,17,True,-0.0059478627,23.5,57.75,50785.5,6.1
263,21300,"Elmira, NY",median_household_income,162,162,0,0,52983.006,51251,5471.6918,44502,48804,54940,63469,44502,63469,6136,3632,0,162,17,14,17,True,-0.0059478627,23.5,57.75,50785.5,6.1
263,21300,"Elmira, NY",labor_force_participation_pct,162,162,0,0,57.875309,57.75,0.82830829,56.7,57.1,58.6,59.8,56.7,59.8,1.5,0.65,0,162,17,14,17,True,-0.0059478627,23.5,57.75,50785.5,6.1
264,21340,"El Paso, TX",startup_rate,53,53,0,0,7.2066785,7.1710008,4.1367043,0,6.190061,8.9219331,13.843832,0,15.280899,2.7318721,1.1880948,16.981132,53,8,14,8,False,0.0038828118,21.85,61.2,42596.5,7.25
264,21340,"El Paso, TX",employment_growth,53,44,9,16.981132,0.024783875,0.026579617,0.046105252,-0.042052318,0.0031856292,0.04062363,0.10374345,-0.15184382,0.12452254,0.037438001,0.018336832,0,53,8,14,8,False,0.0038828118,21.85,61.2,42596.5,7.25
264,21340,"El Paso, TX",establishment_growth,53,44,9,16.981132,0.017051313,0.012105732,0.03168232,-0.015190113,-0.00011809164,0.032610903,0.052777318,-0.035768645,0.16666667,0.032728995,0.015530543,4.5454545,53,8,14,8,False,0.0038828118,21.85,61.2,42596.5,7.25
264,21340,"El Paso, TX",payroll_growth,53,44,9,16.981132,0.066185747,0.052751901,0.07036508,0.0082977966,0.033550966,0.077208769,0.20646459,-0.15147987,0.27875954,0.043657802,0.022457777,0,53,8,14,8,False,0.0038828118,21.85,61.2,42596.5,7.25
264,21340,"El Paso, TX",wage_growth,53,44,9,16.981132,0.040057476,0.028541321,0.041809242,0.0031150128,0.018189315,0.048183432,0.12901584,-0.0061453698,0.21854695,0.029994117,0.014274576,0,53,8,14,8,False,0.0038828118,21.85,61.2,42596.5,7.25
264,21340,"El Paso, TX",acs_population_growth,53,50,3,5.6603774,0.0091915146,0.0038828118,0.0084844318,-0.00023074732,0.0028195456,0.017405164,0.026384205,-0.0015146979,0.026384205,0.014585618,0.0048441559,0,53,8,14,8,False,0.0038828118,21.85,61.2,42596.5,7.25
264,21340,"El Paso, TX",unemployment_rate,53,53,0,0,7.4943396,7.5,0.99661255,6.16,6.6,8.4,9,6.1,9,1.8,0.9,0,53,8,14,8,False,0.0038828118,21.85,61.2,42596.5,7.25
264,21340,"El Paso, TX",educational_attainment_pct,53,53,0,0,22.028302,21.6,1.7315375,19.6,20.7,23.2,25,19.3,25.3,2.5,1.1,0,53,8,14,8,False,0.0038828118,21.85,61.2,42596.5,7.25
264,21340,"El Paso, TX",median_household_income,53,53,0,0,43971.358,42023,5367.7954,37488.6,40699,46795,55344,36333,58800,6096,2324,0,53,8,14,8,False,0.0038828118,21.85,61.2,42596.5,7.25
264,21340,"El Paso, TX",labor_force_participation_pct,53,53,0,0,61.286792,61.1,0.80240929,60.3,60.6,62,62.7,60.3,62.7,1.4,0.7,0,53,8,14,8,False,0.0038828118,21.85,61.2,42596.5,7.25
266,21420,"Enid, OK",startup_rate,171,171,0,0,4.2003762,4.3478261,3.6106485,0,0,6.289557,10.480549,0,21.428571,6.289557,2.3188406,28.070175,171,19,14,19,True,-0.0027463754,22.6,63.75,54720.5,4.9
266,21420,"Enid, OK",employment_growth,171,155,16,9.3567251,0.0083069007,-0.00077639752,0.11420254,-0.13756394,-0.039068153,0.055989229,0.1839251,-0.53813559,0.51813472,0.095057382,0.042443064,0.64516129,171,19,14,19,True,-0.0027463754,22.6,63.75,54720.5,4.9
266,21420,"Enid, OK",establishment_growth,171,155,16,9.3567251,0.0098008141,0.0038167939,0.060130768,-0.090336134,-0.019657088,0.036855037,0.10225806,-0.16,0.17391304,0.056512125,0.027072608,12.258065,171,19,14,19,True,-0.0027463754,22.6,63.75,54720.5,4.9
266,21420,"Enid, OK",payroll_growth,171,155,16,9.3567251,0.048855542,0.02660182,0.1838717,-0.15492534,-0.023143439,0.10211514,0.32740156,-0.75288549,0.87395162,0.12525858,0.066758322,0,171,19,14,19,True,-0.0027463754,22.6,63.75,54720.5,4.9
266,21420,"Enid, OK",wage_growth,171,155,16,9.3567251,0.034819912,0.031780198,0.10143922,-0.078955482,-0.0050664598,0.069910391,0.14730433,-0.46496118,0.74690256,0.074976851,0.03710122,0,171,19,14,19,True,-0.0027463754,22.6,63.75,54720.5,4.9
266,21420,"Enid, OK",acs_population_growth,171,85,86,50.292398,-0.00016579916,-0.0027463754,0.0076631437,-0.0055413745,-0.0046952886,-0.00096029193,0.017431565,-0.0055413745,0.017431565,0.0037349967,0.0017860835,0,171,19,14,19,True,-0.0027463754,22.6,63.75,54720.5,4.9
266,21420,"Enid, OK",unemployment_rate,171,99,72,42.105263,4.7363636,4.9,0.45746742,3.9,4.2,5.1,5.3,3.9,5.3,0.9,0.2,0,171,19,14,19,True,-0.0027463754,22.6,63.75,54720.5,4.9
266,21420,"Enid, OK",educational_attainment_pct,171,99,72,42.105263,22.611111,22.7,0.62153347,21.4,22.3,23.3,23.4,21.4,23.4,1,0.4,0,171,19,14,19,True,-0.0027463754,22.6,63.75,54720.5,4.9
266,21420,"Enid, OK",median_household_income,171,99,72,42.105263,56698.202,55435,6216.1483,49675,50724,60732,67302,49675,67302,10008,5297,0,171,19,14,19,True,-0.0027463754,22.6,63.75,54720.5,4.9
266,21420,"Enid, OK",labor_force_participation_pct,171,99,72,42.105263,63.658586,63.7,0.72125318,62.5,62.9,64.3,64.7,62.5,64.7,1.4,0.6,0,171,19,14,19,True,-0.0027463754,22.6,63.75,54720.5,4.9
268,21500,"Erie, PA",startup_rate,227,227,0,0,4.2903488,4.1666667,4.1364224,0,2.3193473,5.6301887,8.4456134,0,50,3.3108414,1.6184573,15.859031,227,19,14,19,True,-0.0025905995,27.2,61.05,47643,6.8
268,21500,"Erie, PA",employment_growth,227,211,16,7.0484581,-0.0050976849,0.0042539267,0.067108882,-0.11967199,-0.019394437,0.022727273,0.079864689,-0.32785661,0.225,0.04212171,0.019961626,0.9478673,227,19,14,19,True,-0.0025905995,27.2,61.05,47643,6.8
268,21500,"Erie, PA",establishment_growth,227,211,16,7.0484581,-0.0039578015,-0.0038461538,0.046879413,-0.067140622,-0.019531548,0.012825256,0.072299652,-0.2,0.15384615,0.032356804,0.016268514,8.5308057,227,19,14,19,True,-0.0025905995,27.2,61.05,47643,6.8
268,21500,"Erie, PA",payroll_growth,227,211,16,7.0484581,0.026896184,0.029995194,0.080135271,-0.11442163,0.0010735191,0.062320923,0.14668968,-0.27405985,0.35136721,0.061247404,0.031990899,0,227,19,14,19,True,-0.0025905995,27.2,61.05,47643,6.8
268,21500,"Erie, PA",wage_growth,227,211,16,7.0484581,0.032409703,0.032670946,0.044630522,-0.028461836,0.0091452387,0.053246442,0.10298226,-0.14159834,0.22467007,0.044101204,0.021964472,0,227,19,14,19,True,-0.0025905995,27.2,61.05,47643,6.8
268,21500,"Erie, PA",acs_population_growth,227,211,16,7.0484581,-0.0026859662,-0.0025905995,0.0032376957,-0.0077435392,-0.0051783173,-0.0005256464,0.0021129232,-0.0077435392,0.0021129232,0.0046526709,0.0025877177,0,227,19,14,19,True,-0.0025905995,27.2,61.05,47643,6.8
268,21500,"Erie, PA",unemployment_rate,227,227,0,0,7.0475771,7.1,1.4224281,5.4,5.5,8.3,9.3,5.4,9.3,2.8,1.2,0,227,19,14,19,True,-0.0025905995,27.2,61.05,47643,6.8
268,21500,"Erie, PA",educational_attainment_pct,227,227,0,0,26.681498,27,2.0867919,23.3,24.8,28.7,29.6,23.3,29.6,3.9,1.8,0,227,19,14,19,True,-0.0025905995,27.2,61.05,47643,6.8
268,21500,"Erie, PA",median_household_income,227,227,0,0,49582.577,47094,5404.2452,43595,45249,52863,61476,43595,61476,7614,2591,0,227,19,14,19,True,-0.0025905995,27.2,61.05,47643,6.8
268,21500,"Erie, PA",labor_force_participation_pct,227,227,0,0,61.154626,61.4,1.0275468,59.1,60.3,62.1,62.5,59.1,62.5,1.8,0.9,0,227,19,14,19,True,-0.0025905995,27.2,61.05,47643,6.8
272,21660,"Eugene-Springfield, OR",startup_rate,257,257,0,0,5.508998,5.7142857,2.9020306,0,4,7.4441687,9.5881453,0,12.169312,3.4441687,1.729883,13.229572,257,19,14,19,True,0.0073673259,29.15,60.05,46466,8.15
272,21660,"Eugene-Springfield, OR",employment_growth,257,239,18,7.0038911,0.014955632,0.016536399,0.054977138,-0.061817073,-0.0044174903,0.038011158,0.082672194,-0.27428852,0.22320862,0.042428648,0.02141485,0.41841004,257,19,14,19,True,0.0073673259,29.15,60.05,46466,8.15
272,21660,"Eugene-Springfield, OR",establishment_growth,257,239,18,7.0038911,0.025816391,0.019784173,0.085454732,-0.034325986,-0.00082422656,0.04573847,0.099447262,-0.50982031,1.0092951,0.046562696,0.022883987,6.2761506,257,19,14,19,True,0.0073673259,29.15,60.05,46466,8.15
272,21660,"Eugene-Springfield, OR",payroll_growth,257,239,18,7.0038911,0.054122839,0.048316113,0.061167078,-0.026458119,0.027498376,0.080092779,0.14316636,-0.17909081,0.39723792,0.052594403,0.025034632,0,257,19,14,19,True,0.0073673259,29.15,60.05,46466,8.15
272,21660,"Eugene-Springfield, OR",wage_growth,257,239,18,7.0038911,0.038993471,0.034487133,0.033555049,-0.0066246292,0.020506881,0.055152955,0.10484242,-0.081964431,0.16196052,0.034646074,0.017374724,0,257,19,14,19,True,0.0073673259,29.15,60.05,46466,8.15
272,21660,"Eugene-Springfield, OR",acs_population_growth,257,239,18,7.0038911,0.0075289183,0.0073673259,0.0036347362,0.0010726863,0.0045140054,0.0089984876,0.01488702,0.0010726863,0.01488702,0.0044844823,0.0028533206,0,257,19,14,19,True,0.0073673259,29.15,60.05,46466,8.15
272,21660,"Eugene-Springfield, OR",unemployment_rate,257,257,0,0,8.7015564,7.6,1.9035323,6.7,7,10.4,12.3,6.7,12.3,3.4,0.9,0,257,19,14,19,True,0.0073673259,29.15,60.05,46466,8.15
272,21660,"Eugene-Springfield, OR",educational_attainment_pct,257,257,0,0,29.774319,29.6,2.0676172,27.5,27.8,31.9,33.4,27.5,33.4,4.1,1.9,0,257,19,14,19,True,0.0073673259,29.15,60.05,46466,8.15
272,21660,"Eugene-Springfield, OR",median_household_income,257,257,0,0,50261.626,47710,8583.4106,42621,42931,54942,69311,42621,69311,12011,4787,0,257,19,14,19,True,0.0073673259,29.15,60.05,46466,8.15
272,21660,"Eugene-Springfield, OR",labor_force_participation_pct,257,257,0,0,60.188327,60.2,0.71497645,59.3,59.7,60.5,62,59.3,62,0.8,0.4,0,257,19,14,19,True,0.0073673259,29.15,60.05,46466,8.15
275,21780,"Evansville, IN",startup_rate,152,152,0,0,5.1907163,4.8967129,2.6835848,0,3.7141487,6.9065178,9.4203348,0,12.121212,3.1923691,1.5719974,9.2105263,152,17,14,17,True,0.00080950325,24.45,63.35,48855.5,5.05
275,21780,"Evansville, IN",employment_growth,152,129,23,15.131579,0.0030565877,0.0059249506,0.083100244,-0.092520398,-0.015677966,0.030963855,0.097104025,-0.52307692,0.41743119,0.046641822,0.022591617,0.7751938,152,17,14,17,True,0.00080950325,24.45,63.35,48855.5,5.05
275,21780,"Evansville, IN",establishment_growth,152,129,23,15.131579,0.0098029131,0.0056390977,0.030673392,-0.036746922,-0.0076086957,0.027607362,0.065578599,-0.073170732,0.10869565,0.035216058,0.017412494,7.751938,152,17,14,17,True,0.00080950325,24.45,63.35,48855.5,5.05
275,21780,"Evansville, IN",payroll_growth,152,129,23,15.131579,0.034701765,0.036950261,0.099937742,-0.088092954,6.3576994e-05,0.069491846,0.15254715,-0.47849017,0.56655655,0.069428269,0.036167453,0,152,17,14,17,True,0.00080950325,24.45,63.35,48855.5,5.05
275,21780,"Evansville, IN",wage_growth,152,129,23,15.131579,0.031317492,0.029007248,0.042522696,-0.030015517,0.010692068,0.045425281,0.10722236,-0.13233575,0.18005772,0.034733212,0.017479563,0,152,17,14,17,True,0.00080950325,24.45,63.35,48855.5,5.05
275,21780,"Evansville, IN",acs_population_growth,152,142,10,6.5789474,-0.024549398,0.00080950325,0.053289229,-0.14090922,-0.0038349797,0.0025937151,0.0039482484,-0.14090922,0.0039482484,0.0064286949,0.0017842119,0,152,17,14,17,True,0.00080950325,24.45,63.35,48855.5,5.05
275,21780,"Evansville, IN",unemployment_rate,152,152,0,0,5.4401316,5.05,1.2878063,3.8,4.3,6.9,7.4,3.8,7.4,2.6,1,0,152,17,14,17,True,0.00080950325,24.45,63.35,48855.5,5.05
275,21780,"Evansville, IN",educational_attainment_pct,152,152,0,0,24.303289,24.45,2.6257113,20.2,22.4,26.5,28.9,20.2,28.9,4.1,2.05,0,152,17,14,17,True,0.00080950325,24.45,63.35,48855.5,5.05
275,21780,"Evansville, IN",median_household_income,152,152,0,0,52548.947,48855.5,6715.995,46284,47577,55553,67671,46284,67671,7976,2066.5,0,152,17,14,17,True,0.00080950325,24.45,63.35,48855.5,5.05
275,21780,"Evansville, IN",labor_force_participation_pct,152,152,0,0,63.768421,63.4,0.80259687,62.9,63,64.6,65.3,62.9,65.3,1.6,0.5,0,152,17,14,17,True,0.00080950325,24.45,63.35,48855.5,5.05
276,21820,"Fairbanks-College, AK",startup_rate,201,201,0,0,5.9627811,5.952381,6.3350601,0,3.030303,7.9439252,11.764706,0,75,4.9136222,2.3278738,22.38806,201,19,14,19,True,-0.0011882177,32,73.1,75040.5,7.05
276,21820,"Fairbanks-College, AK",employment_growth,201,186,15,7.4626866,0.010913391,0.0021209152,0.14740875,-0.11936421,-0.033421864,0.03314435,0.12028958,-0.4576627,1.2641509,0.066566214,0.034138111,0,201,19,14,19,True,-0.0011882177,32,73.1,75040.5,7.05
276,21820,"Fairbanks-College, AK",establishment_growth,201,186,15,7.4626866,0.018082295,0,0.08778938,-0.068965517,-0.018496304,0.032370072,0.10108548,-0.16666667,0.66666667,0.050866375,0.026432231,13.44086,201,19,14,19,True,-0.0011882177,32,73.1,75040.5,7.05
276,21820,"Fairbanks-College, AK",payroll_growth,201,186,15,7.4626866,0.043447329,0.030322826,0.15647191,-0.12258137,-0.0086834643,0.063585842,0.18965382,-0.44951228,1.4579939,0.072269306,0.038010191,0,201,19,14,19,True,-0.0011882177,32,73.1,75040.5,7.05
276,21820,"Fairbanks-College, AK",wage_growth,201,186,15,7.4626866,0.032501938,0.029176838,0.048414444,-0.043384292,0.0011047334,0.055918869,0.11371875,-0.12690712,0.21872766,0.054814136,0.02759648,0,201,19,14,19,True,-0.0011882177,32,73.1,75040.5,7.05
276,21820,"Fairbanks-College, AK",acs_population_growth,201,189,12,5.9701493,0.00062093556,-0.0011882177,0.0095053305,-0.013264943,-0.0062277939,0.0067203211,0.018233992,-0.013264943,0.018233992,0.012948115,0.0065377193,0,201,19,14,19,True,-0.0011882177,32,73.1,75040.5,7.05
276,21820,"Fairbanks-College, AK",unemployment_rate,201,201,0,0,6.9716418,7,0.99741756,4.9,6.5,7.9,8.5,4.9,8.5,1.4,0.7,0,201,19,14,19,True,-0.0011882177,32,73.1,75040.5,7.05
276,21820,"Fairbanks-College, AK",educational_attainment_pct,201,201,0,0,31.242289,32.3,2.1107233,27.1,29,32.9,33.7,27.1,33.7,3.9,0.9,0,201,19,14,19,True,-0.0011882177,32,73.1,75040.5,7.05
276,21820,"Fairbanks-College, AK",median_household_income,201,201,0,0,74599.428,76250,5140.4441,66598,69485,77095,84722,66598,84722,7610,5182,0,201,19,14,19,True,-0.0011882177,32,73.1,75040.5,7.05
276,21820,"Fairbanks-College, AK",labor_force_participation_pct,201,201,0,0,71.993035,73,1.8081347,68.7,71.1,73.4,73.8,68.7,73.8,2.3,0.5,0,201,19,14,19,True,-0.0011882177,32,73.1,75040.5,7.05
280,22020,"Fargo, ND-MN",startup_rate,193,193,0,0,6.3236998,6.3736264,2.8642461,1.3539131,4.6232877,7.8947368,10.763881,0,15.686275,3.2714492,1.6438966,4.6632124,193,17,14,17,True,0.018666724,36.6,74.9,57507.5,3.2
280,22020,"Fargo, ND-MN",employment_growth,193,171,22,11.398964,0.018055662,0.015009593,0.056743683,-0.049792168,-0.0085719749,0.04208546,0.095600528,-0.23350254,0.32140861,0.050657435,0.026374703,1.1695906,193,17,14,17,True,0.018666724,36.6,74.9,57507.5,3.2
280,22020,"Fargo, ND-MN",establishment_growth,193,171,22,11.398964,0.035911067,0.023316062,0.065786368,-0.02508578,0.004475826,0.044369657,0.11324968,-0.049180328,0.64670659,0.039893831,0.019679699,4.6783626,193,17,14,17,True,0.018666724,36.6,74.9,57507.5,3.2
280,22020,"Fargo, ND-MN",payroll_growth,193,171,22,11.398964,0.060710144,0.05978935,0.063926516,-0.029850395,0.02496022,0.093422802,0.15818547,-0.14100676,0.33497402,0.068462582,0.034791449,0,193,17,14,17,True,0.018666724,36.6,74.9,57507.5,3.2
280,22020,"Fargo, ND-MN",wage_growth,193,171,22,11.398964,0.042245198,0.04247863,0.035164008,-0.01408389,0.0209815,0.064041525,0.09884781,-0.10509827,0.13865754,0.043060025,0.021577677,0,193,17,14,17,True,0.018666724,36.6,74.9,57507.5,3.2
280,22020,"Fargo, ND-MN",acs_population_growth,193,181,12,6.2176166,0.018378952,0.018666724,0.0032184375,0.013030779,0.014792291,0.021392676,0.023313024,0.013030779,0.023313024,0.0066003854,0.0030421637,0,193,17,14,17,True,0.018666724,36.6,74.9,57507.5,3.2
280,22020,"Fargo, ND-MN",unemployment_rate,193,193,0,0,3.4984456,3.2,0.64746917,2.7,3,4.3,4.5,2.7,4.5,1.3,0.5,0,193,17,14,17,True,0.018666724,36.6,74.9,57507.5,3.2
280,22020,"Fargo, ND-MN",educational_attainment_pct,193,193,0,0,37.360622,36.2,2.4011507,34.8,35.3,39.1,42.2,34.8,42.2,3.8,1.2,0,193,17,14,17,True,0.018666724,36.6,74.9,57507.5,3.2
280,22020,"Fargo, ND-MN",median_household_income,193,193,0,0,59683.016,55941,8469.2418,48284,52547,65995,75523,48284,75523,13448,5850,0,193,17,14,17,True,0.018666724,36.6,74.9,57507.5,3.2
280,22020,"Fargo, ND-MN",labor_force_participation_pct,193,193,0,0,74.905181,75,0.50793095,74.1,74.4,75.3,75.9,74.1,75.9,0.9,0.3,0,193,17,14,17,True,0.018666724,36.6,74.9,57507.5,3.2
283,22140,"Farmington, NM",startup_rate,211,211,0,0,4.8087993,4.6153846,3.7351776,0,2.27315,6.9268346,11.612245,0,17.857143,4.6536846,2.3233909,23.222749,211,19,14,19,True,-0.0071691104,15.2,58.7,48762.5,8.45
283,22140,"Farmington, NM",employment_growth,211,194,17,8.056872,-0.009596182,0.0054732714,0.10044964,-0.17693042,-0.038254711,0.028782071,0.11368767,-0.53663366,0.5042735,0.067036781,0.032907636,0,211,19,14,19,True,-0.0071691104,15.2,58.7,48762.5,8.45
283,22140,"Farmington, NM",establishment_growth,211,194,17,8.056872,0.012020433,0,0.080751887,-0.082012195,-0.032330537,0.041060826,0.12253788,-0.22222222,0.5,0.073391363,0.035355564,8.2474227,211,19,14,19,True,-0.0071691104,15.2,58.7,48762.5,8.45
283,22140,"Farmington, NM",payroll_growth,211,194,17,8.056872,0.016878694,0.023797246,0.12218552,-0.22769615,-0.033533915,0.076310383,0.20222737,-0.41337612,0.58849915,0.1098443,0.055364718,0,211,19,14,19,True,-0.0071691104,15.2,58.7,48762.5,8.45
283,22140,"Farmington, NM",wage_growth,211,194,17,8.056872,0.027291556,0.025009484,0.071310488,-0.077146864,0.0020583317,0.054747695,0.14625,-0.32187285,0.35440504,0.052689363,0.027122722,0,211,19,14,19,True,-0.0071691104,15.2,58.7,48762.5,8.45
283,22140,"Farmington, NM",acs_population_growth,211,196,15,7.1090047,-0.0036312367,-0.0071691104,0.016882188,-0.021463601,-0.0090633949,-0.00096423017,0.04638599,-0.021463601,0.04638599,0.0080991648,0.0062048802,0,211,19,14,19,True,-0.0071691104,15.2,58.7,48762.5,8.45
283,22140,"Farmington, NM",unemployment_rate,211,211,0,0,8.1317536,8.2,1.430613,4.6,7.8,9,9.9,4.6,9.9,1.2,0.7,0,211,19,14,19,True,-0.0071691104,15.2,58.7,48762.5,8.45
283,22140,"Farmington, NM",educational_attainment_pct,211,211,0,0,15.295261,15.2,0.46123675,14.6,15,15.5,16.6,14.6,16.6,0.5,0.2,0,211,19,14,19,True,-0.0071691104,15.2,58.7,48762.5,8.45
283,22140,"Farmington, NM",median_household_income,211,211,0,0,49121.256,48701,1635.2084,46189,48196,50518,53020,46189,53020,2322,985,0,211,19,14,19,True,-0.0071691104,15.2,58.7,48762.5,8.45
283,22140,"Farmington, NM",labor_force_participation_pct,211,211,0,0,57.255924,58.7,2.7280379,52.8,54.3,59.4,60.4,52.8,60.4,5.1,0.9,0,211,19,14,19,True,-0.0071691104,15.2,58.7,48762.5,8.45
284,22180,"Fayetteville, NC",startup_rate,176,176,0,0,7.3822988,7.1428571,3.7783497,1.3081395,5.1948376,9.2964296,13.453005,0,26.282051,4.1015921,2.0375475,5.1136364,176,15,14,15,True,0.0084357379,23.3,64.15,45412,10.5
284,22180,"Fayetteville, NC",employment_growth,176,155,21,11.931818,-0.0011780435,0.0055658627,0.072363946,-0.12370956,-0.02632967,0.032864449,0.11703746,-0.29635989,0.22474425,0.05919412,0.028424285,0,176,15,14,15,True,0.0084357379,23.3,64.15,45412,10.5
284,22180,"Fayetteville, NC",establishment_growth,176,155,21,11.931818,0.024379457,0.015822785,0.04995139,-0.039143197,-0.0072728234,0.048042746,0.11556773,-0.072289157,0.27380952,0.055315569,0.028322785,3.8709677,176,15,14,15,True,0.0084357379,23.3,64.15,45412,10.5
284,22180,"Fayetteville, NC",payroll_growth,176,155,21,11.931818,0.027484762,0.029836745,0.094654042,-0.098314475,-0.0022953941,0.059175984,0.16190522,-0.56293518,0.30894436,0.061471378,0.030472894,0,176,15,14,15,True,0.0084357379,23.3,64.15,45412,10.5
284,22180,"Fayetteville, NC",wage_growth,176,155,21,11.931818,0.028053747,0.024919882,0.05463245,-0.029684719,0.0080159982,0.049341771,0.1107438,-0.39096726,0.17147529,0.041325773,0.019512716,0,176,15,14,15,True,0.0084357379,23.3,64.15,45412,10.5
284,22180,"Fayetteville, NC",acs_population_growth,176,162,14,7.9545455,0.01360637,0.0084357379,0.11703674,-0.25392652,0.0043899518,0.012426973,0.34710714,-0.25392652,0.34710714,0.0080370215,0.0040457862,0,176,15,14,15,True,0.0084357379,23.3,64.15,45412,10.5
284,22180,"Fayetteville, NC",unemployment_rate,176,176,0,0,10.2625,10.7,2.2389698,7.1,7.7,12.6,13.6,7.1,13.6,4.9,2,0,176,15,14,15,True,0.0084357379,23.3,64.15,45412,10.5
284,22180,"Fayetteville, NC",educational_attainment_pct,176,176,0,0,23.171591,23.2,1.4984524,21,22,24.1,26.4,21,26.4,2.1,0.9,0,176,15,14,15,True,0.0084357379,23.3,64.15,45412,10.5
284,22180,"Fayetteville, NC",median_household_income,176,176,0,0,47748.642,45252,4753.1878,43741,44692,50133,58909,43741,58909,5441,720,0,176,15,14,15,True,0.0084357379,23.3,64.15,45412,10.5
284,22180,"Fayetteville, NC",labor_force_participation_pct,176,176,0,0,64.586364,64.2,1.5001853,62.6,63.1,66,67.2,62.6,67.2,2.9,1.15,0,176,15,14,15,True,0.0084357379,23.3,64.15,45412,10.5
286,22220,"Fayetteville-Springdale-Rogers, AR",startup_rate,133,133,0,0,7.9576309,7.7304262,2.4047697,4.5688982,6.2305296,9.5744681,12.08577,1.744186,14.285714,3.3439385,1.6079772,0,133,12,14,12,True,0.021389387,29.8,64.85,51601,4.25
286,22220,"Fayetteville-Springdale-Rogers, AR",employment_growth,133,118,15,11.278195,0.024224422,0.029140974,0.042027396,-0.048464362,-0.00063611189,0.048569377,0.091150465,-0.14379639,0.14810589,0.049205489,0.02187066,0,133,12,14,12,True,0.021389387,29.8,64.85,51601,4.25
286,22220,"Fayetteville-Springdale-Rogers, AR",establishment_growth,133,118,15,11.278195,0.023582317,0.021285671,0.03151877,-0.029019181,0.0057442557,0.040583028,0.07001543,-0.049382716,0.16062176,0.034838772,0.016714968,1.6949153,133,12,14,12,True,0.021389387,29.8,64.85,51601,4.25
286,22220,"Fayetteville-Springdale-Rogers, AR",payroll_growth,133,118,15,11.278195,0.062998439,0.064685425,0.059654778,-0.03464918,0.037357146,0.098748777,0.14869349,-0.19601278,0.21020742,0.061391631,0.030159173,0,133,12,14,12,True,0.021389387,29.8,64.85,51601,4.25
286,22220,"Fayetteville-Springdale-Rogers, AR",wage_growth,133,118,15,11.278195,0.037860558,0.032748974,0.042029817,-0.0054118313,0.019584929,0.051748406,0.085885963,-0.15343949,0.27127542,0.032163477,0.016612104,0,133,12,14,12,True,0.021389387,29.8,64.85,51601,4.25
286,22220,"Fayetteville-Springdale-Rogers, AR",acs_population_growth,133,123,10,7.518797,0.018020062,0.021389387,0.012357835,-0.02308648,0.020064295,0.023027307,0.023817211,-0.02308648,0.023817211,0.0029630121,0.0013793856,0,133,12,14,12,True,0.021389387,29.8,64.85,51601,4.25
286,22220,"Fayetteville-Springdale-Rogers, AR",unemployment_rate,133,133,0,0,4.8330827,4.4,1.260695,3.5,3.6,6.2,6.8,3.5,6.8,2.6,0.9,0,133,12,14,12,True,0.021389387,29.8,64.85,51601,4.25
286,22220,"Fayetteville-Springdale-Rogers, AR",educational_attainment_pct,133,133,0,0,29.906015,29.4,3.0906202,25.2,27.1,33.2,34.58,25.2,35,6.1,2.9,0,133,12,14,12,True,0.021389387,29.8,64.85,51601,4.25
286,22220,"Fayetteville-Springdale-Rogers, AR",median_household_income,133,133,0,0,54938.451,50651,9659.5715,45466,47356,61761,75181.2,45466,77979,14405,4470,0,133,12,14,12,True,0.021389387,29.8,64.85,51601,4.25
286,22220,"Fayetteville-Springdale-Rogers, AR",labor_force_participation_pct,133,133,0,0,64.969925,64.7,0.78941722,63.8,64.3,65.7,66.4,63.8,66.4,1.4,0.6,0,133,12,14,12,True,0.021389387,29.8,64.85,51601,4.25
290,22380,"Flagstaff, AZ",startup_rate,225,225,0,0,5.6381974,5.6892779,4.1899546,0,3.7383178,7.6923077,10.886623,0,37.5,3.9539899,2.0030298,20.444444,225,19,14,19,True,0.0075383156,34.8,63.7,52314.5,8
290,22380,"Flagstaff, AZ",employment_growth,225,210,15,6.6666667,0.035073121,0.02161918,0.17842419,-0.16549112,-0.020032713,0.066666667,0.20973444,-0.42465753,1.8392857,0.08669938,0.042935535,0,225,19,14,19,True,0.0075383156,34.8,63.7,52314.5,8
290,22380,"Flagstaff, AZ",establishment_growth,225,210,15,6.6666667,0.021718803,0.0095957534,0.088064965,-0.085714286,-0.023272437,0.0625,0.13184961,-0.28571429,0.54545455,0.085772437,0.043152036,7.6190476,225,19,14,19,True,0.0075383156,34.8,63.7,52314.5,8
290,22380,"Flagstaff, AZ",payroll_growth,225,210,15,6.6666667,0.074993547,0.055523937,0.21293787,-0.14651564,0.0089149101,0.10303097,0.26392275,-0.4879173,2.1477461,0.09411606,0.047195119,0,225,19,14,19,True,0.0075383156,34.8,63.7,52314.5,8
290,22380,"Flagstaff, AZ",wage_growth,225,210,15,6.6666667,0.038372128,0.033140682,0.079166857,-0.055014625,0.0053688526,0.063009096,0.13707245,-0.47026335,0.61198457,0.057640243,0.029080059,0,225,19,14,19,True,0.0075383156,34.8,63.7,52314.5,8
290,22380,"Flagstaff, AZ",acs_population_growth,225,211,14,6.2222222,0.0071267378,0.0075383156,0.0049198445,-0.0016351368,0.005850266,0.0087540964,0.018895778,-0.0016351368,0.018895778,0.0029038303,0.0016880496,0,225,19,14,19,True,0.0075383156,34.8,63.7,52314.5,8
290,22380,"Flagstaff, AZ",unemployment_rate,225,225,0,0,7.9906667,7.9,0.81177275,6.6,7.5,8.4,9.7,6.6,9.7,0.9,0.4,0,225,19,14,19,True,0.0075383156,34.8,63.7,52314.5,8
290,22380,"Flagstaff, AZ",educational_attainment_pct,225,225,0,0,34.907111,35.4,3.0555487,30.7,31.5,37.6,39.6,30.7,39.6,6.1,2.6,0,225,19,14,19,True,0.0075383156,34.8,63.7,52314.5,8
290,22380,"Flagstaff, AZ",median_household_income,225,225,0,0,55500.44,53523,6957.8934,48320,49555,59460,69748,48320,69748,9905,4093,0,225,19,14,19,True,0.0075383156,34.8,63.7,52314.5,8
290,22380,"Flagstaff, AZ",labor_force_participation_pct,225,225,0,0,63.949778,63.5,2.0960874,61.3,61.6,66,67.3,61.3,67.3,4.4,1.9,0,225,19,14,19,True,0.0075383156,34.8,63.7,52314.5,8
291,22420,"Flint, MI",startup_rate,215,215,0,0,5.5743718,5.5934516,3.0705275,0,4.0800765,7.4900349,10.406112,0,15.151515,3.4099584,1.7112561,11.627907,215,19,14,19,True,-0.005347503,20.15,57.8,44357,11.4
291,22420,"Flint, MI",employment_growth,215,197,18,8.372093,0.012827602,0.009538003,0.14233643,-0.11782166,-0.019169329,0.056613226,0.15914343,-0.71196283,1.1578947,0.075782556,0.041554732,0.50761421,215,19,14,19,True,-0.005347503,20.15,57.8,44357,11.4
291,22420,"Flint, MI",establishment_growth,215,197,18,8.372093,0.0071599736,0,0.057561829,-0.068657537,-0.020958084,0.038043478,0.086345665,-0.23076923,0.31578947,0.059001562,0.027314112,4.0609137,215,19,14,19,True,-0.005347503,20.15,57.8,44357,11.4
291,22420,"Flint, MI",payroll_growth,215,197,18,8.372093,0.04756071,0.037750273,0.18557494,-0.089698497,0.0076275807,0.082421007,0.18989472,-0.75758093,1.8522295,0.074793427,0.037194356,0,215,19,14,19,True,-0.005347503,20.15,57.8,44357,11.4
291,22420,"Flint, MI",wage_growth,215,197,18,8.372093,0.032698561,0.02834213,0.080895353,-0.073483115,0.00050478646,0.058770678,0.12233749,-0.28712201,0.47633168,0.058265892,0.029164991,0,215,19,14,19,True,-0.005347503,20.15,57.8,44357,11.4
291,22420,"Flint, MI",acs_population_growth,215,201,14,6.5116279,-0.0053155635,-0.005347503,0.0025963515,-0.0091666822,-0.006928779,-0.0029436439,-0.00090960494,-0.0091666822,-0.00090960494,0.0039851351,0.0024038591,0,215,19,14,19,True,-0.005347503,20.15,57.8,44357,11.4
291,22420,"Flint, MI",unemployment_rate,215,215,0,0,11.886047,10.8,3.0070464,8.3,8.9,15.3,16.3,8.3,16.3,6.4,2.4,0,215,19,14,19,True,-0.005347503,20.15,57.8,44357,11.4
291,22420,"Flint, MI",educational_attainment_pct,215,215,0,0,20.46186,20.4,1.4434953,18.9,19,21.5,22.8,18.9,22.8,2.5,1.4,0,215,19,14,19,True,-0.005347503,20.15,57.8,44357,11.4
291,22420,"Flint, MI",median_household_income,215,215,0,0,47588.247,45231,6284.4091,41879,42730,50269,60673,41879,60673,7539,3142,0,215,19,14,19,True,-0.005347503,20.15,57.8,44357,11.4
291,22420,"Flint, MI",labor_force_participation_pct,215,215,0,0,57.733953,57.9,0.71008141,56.7,57.2,58.3,59.2,56.7,59.2,1.1,0.4,0,215,19,14,19,True,-0.005347503,20.15,57.8,44357,11.4
292,22500,"Florence, SC",startup_rate,201,201,0,0,5.4187056,5.1136364,3.827523,0,3,7.5,11.904762,0,18.75,4.5,2.1600499,14.427861,201,18,14,18,True,-0.00075146414,20.8,59.45,40780.5,10.4
292,22500,"Florence, SC",employment_growth,201,184,17,8.4577114,0.013221565,0.015750408,0.065523642,-0.085720069,-0.017340797,0.042347044,0.10212748,-0.23811527,0.28204047,0.059687841,0.029709795,0.54347826,201,18,14,18,True,-0.00075146414,20.8,59.45,40780.5,10.4
292,22500,"Florence, SC",establishment_growth,201,184,17,8.4577114,0.02070532,0.013437404,0.07207884,-0.05015233,-0.0089446105,0.038733159,0.12020313,-0.20990566,0.5,0.04767777,0.024877335,7.0652174,201,18,14,18,True,-0.00075146414,20.8,59.45,40780.5,10.4
292,22500,"Florence, SC",payroll_growth,201,184,17,8.4577114,0.050149628,0.045019425,0.079876408,-0.053675853,0.010040512,0.084148172,0.18043234,-0.32221615,0.35846098,0.074107661,0.037646296,0,201,18,14,18,True,-0.00075146414,20.8,59.45,40780.5,10.4
292,22500,"Florence, SC",wage_growth,201,184,17,8.4577114,0.036722229,0.032487005,0.049675483,-0.028863289,0.010720066,0.059088165,0.11708853,-0.12634884,0.31437356,0.048368099,0.024640648,0,201,18,14,18,True,-0.00075146414,20.8,59.45,40780.5,10.4
292,22500,"Florence, SC",acs_population_growth,201,187,14,6.9651741,-0.0016572835,-0.00075146414,0.0064987962,-0.021385212,-0.001980516,0.002333053,0.0051597305,-0.021385212,0.0051597305,0.004313569,0.0012290519,0,201,18,14,18,True,-0.00075146414,20.8,59.45,40780.5,10.4
292,22500,"Florence, SC",unemployment_rate,201,201,0,0,9.6577114,10.2,3.2825985,5.1,5.9,12.4,14.4,5.1,14.4,6.5,3.1,0,201,18,14,18,True,-0.00075146414,20.8,59.45,40780.5,10.4
292,22500,"Florence, SC",educational_attainment_pct,201,201,0,0,20.78607,21,1.2506018,18.9,19.7,22,22.5,18.9,22.5,2.3,1.1,0,201,18,14,18,True,-0.00075146414,20.8,59.45,40780.5,10.4
292,22500,"Florence, SC",median_household_income,201,201,0,0,43525.373,40888,4514.4903,39886,40452,45037,53874,39886,53874,4585,963,0,201,18,14,18,True,-0.00075146414,20.8,59.45,40780.5,10.4
292,22500,"Florence, SC",labor_force_participation_pct,201,201,0,0,59.181095,59.3,1.5597887,56.7,57.6,60.5,61.4,56.7,61.4,2.9,1.7,0,201,18,14,18,True,-0.00075146414,20.8,59.45,40780.5,10.4
293,22520,"Florence-Muscle Shoals, AL",startup_rate,189,189,0,0,5.1393074,4.6082949,3.6127961,0,2.9673591,7.5471698,11.338061,0,19.444444,4.5798108,2.0957321,15.873016,189,17,14,17,True,0.0015809523,20.85,56.1,44393,7.15
293,22520,"Florence-Muscle Shoals, AL",employment_growth,189,171,18,9.5238095,0.013571014,0.016027476,0.070054215,-0.084290261,-0.01893898,0.04395871,0.11073038,-0.33550489,0.31677019,0.06289769,0.030328212,0.58479532,189,17,14,17,True,0.0015809523,20.85,56.1,44393,7.15
293,22520,"Florence-Muscle Shoals, AL",establishment_growth,189,171,18,9.5238095,0.01988624,0.01369863,0.045717921,-0.036386367,-0.0091545165,0.042512117,0.10133487,-0.10526316,0.171875,0.051666633,0.023314015,7.0175439,189,17,14,17,True,0.0015809523,20.85,56.1,44393,7.15
293,22520,"Florence-Muscle Shoals, AL",payroll_growth,189,171,18,9.5238095,0.045614701,0.047747836,0.071976031,-0.053947616,0.013000604,0.082754889,0.14369083,-0.28388732,0.29872565,0.069754285,0.034883325,0,189,17,14,17,True,0.0015809523,20.85,56.1,44393,7.15
293,22520,"Florence-Muscle Shoals, AL",wage_growth,189,171,18,9.5238095,0.032505649,0.029581014,0.042523737,-0.026951423,0.010965274,0.056042909,0.097437546,-0.15952669,0.17518195,0.045077635,0.022453283,0,189,17,14,17,True,0.0015809523,20.85,56.1,44393,7.15
293,22520,"Florence-Muscle Shoals, AL",acs_population_growth,189,175,14,7.4074074,0.0033411729,0.0015809523,0.0044361902,-0.0011074799,0.00037408604,0.0036865288,0.015585786,-0.0011074799,0.015585786,0.0033124427,0.0018128588,0,189,17,14,17,True,0.0015809523,20.85,56.1,44393,7.15
293,22520,"Florence-Muscle Shoals, AL",unemployment_rate,189,189,0,0,6.5169312,7.6,2.1076177,3.5,4.4,8.4,9.4,3.5,9.4,4,1.4,0,189,17,14,17,True,0.0015809523,20.85,56.1,44393,7.15
293,22520,"Florence-Muscle Shoals, AL",educational_attainment_pct,189,189,0,0,21.308466,20.6,1.3830787,19.6,20.4,22.2,24.4,19.6,24.4,1.8,0.8,0,189,17,14,17,True,0.0015809523,20.85,56.1,44393,7.15
293,22520,"Florence-Muscle Shoals, AL",median_household_income,189,189,0,0,45999.751,43696,5935.4834,39460,41616,48244,58049,39460,58049,6628,3769,0,189,17,14,17,True,0.0015809523,20.85,56.1,44393,7.15
293,22520,"Florence-Muscle Shoals, AL",labor_force_participation_pct,189,189,0,0,56.290476,56.1,0.9392246,54.9,55.3,56.9,57.7,54.9,57.7,1.6,0.8,0,189,17,14,17,True,0.0015809523,20.85,56.1,44393,7.15
294,22540,"Fond du Lac, WI",startup_rate,185,185,0,0,3.4459271,3.3057851,3.2429702,0,0,5.3719008,9.0074212,0,16.666667,5.3719008,3.3057851,34.594595,185,17,14,17,True,0.0013187025,22.1,67.3,57087,4.3
294,22540,"Fond du Lac, WI",employment_growth,185,172,13,7.027027,0.01874256,0.01052475,0.13174489,-0.10740394,-0.018067488,0.033282001,0.10409518,-0.43494424,0.98795181,0.051349489,0.023965781,1.744186,185,17,14,17,True,0.0013187025,22.1,67.3,57087,4.3
294,22540,"Fond du Lac, WI",establishment_growth,185,172,13,7.027027,0.0074829368,0,0.063505229,-0.075967492,-0.017224438,0.029634581,0.12744565,-0.25,0.33870968,0.046859019,0.021704824,18.023256,185,17,14,17,True,0.0013187025,22.1,67.3,57087,4.3
294,22540,"Fond du Lac, WI",payroll_growth,185,172,13,7.027027,0.061159554,0.044483654,0.14461661,-0.09357425,0.011943551,0.083734711,0.24842104,-0.42580465,1.1394426,0.071791161,0.035510618,0,185,17,14,17,True,0.0013187025,22.1,67.3,57087,4.3
294,22540,"Fond du Lac, WI",wage_growth,185,172,13,7.027027,0.041915463,0.036949021,0.053695621,-0.026733362,0.017314637,0.061062637,0.13038958,-0.18988244,0.28121056,0.043748,0.021481193,0,185,17,14,17,True,0.0013187025,22.1,67.3,57087,4.3
294,22540,"Fond du Lac, WI",acs_population_growth,185,172,13,7.027027,0.0024473954,0.0013187025,0.0031662498,0.00024993511,0.0005555718,0.0022824788,0.012040447,0.00024993511,0.012040447,0.001726907,0.00089574888,0,185,17,14,17,True,0.0013187025,22.1,67.3,57087,4.3
294,22540,"Fond du Lac, WI",unemployment_rate,185,185,0,0,4.8464865,4,1.5304166,3.1,3.5,6.7,7.1,3.1,7.1,3.2,0.7,0,185,17,14,17,True,0.0013187025,22.1,67.3,57087,4.3
294,22540,"Fond du Lac, WI",educational_attainment_pct,185,185,0,0,21.516216,22.3,1.7672002,18,20,22.9,23.9,18,23.9,2.9,0.8,0,185,17,14,17,True,0.0013187025,22.1,67.3,57087,4.3
294,22540,"Fond du Lac, WI",median_household_income,185,185,0,0,59642.735,57798,6686.4303,51549,53820,64147,73154,51549,73154,10327,4593,0,185,17,14,17,True,0.0013187025,22.1,67.3,57087,4.3
294,22540,"Fond du Lac, WI",labor_force_participation_pct,185,185,0,0,67.77027,67.2,1.8174374,65,66.4,69.7,70.8,65,70.8,3.3,1.1,0,185,17,14,17,True,0.0013187025,22.1,67.3,57087,4.3
297,22660,"Fort Collins-Loveland, CO",startup_rate,243,243,0,0,8.0861353,8.1545064,3.6803346,0,6.168767,10.131762,13.845186,0,21.428571,3.9629946,1.9806287,7.81893,243,19,14,19,True,0.016983672,45.6,67.5,63461,5.65
297,22660,"Fort Collins-Loveland, CO",employment_growth,243,226,17,6.9958848,0.029107066,0.031513237,0.061708323,-0.067823557,0.0075359455,0.057167773,0.10712804,-0.25815454,0.28604119,0.049631828,0.024065844,0.44247788,243,19,14,19,True,0.016983672,45.6,67.5,63461,5.65
297,22660,"Fort Collins-Loveland, CO",establishment_growth,243,226,17,6.9958848,0.035468749,0.028820232,0.050731471,-0.029632182,0.010607604,0.055767061,0.12392868,-0.16666667,0.20138889,0.045159457,0.021365375,2.6548673,243,19,14,19,True,0.016983672,45.6,67.5,63461,5.65
297,22660,"Fort Collins-Loveland, CO",payroll_growth,243,226,17,6.9958848,0.069578872,0.067560983,0.086947672,-0.043053989,0.029709718,0.10267165,0.20988651,-0.33188735,0.46109727,0.072961936,0.037359609,0,243,19,14,19,True,0.016983672,45.6,67.5,63461,5.65
297,22660,"Fort Collins-Loveland, CO",wage_growth,243,226,17,6.9958848,0.039603887,0.039695052,0.060967091,-0.046775451,0.021125213,0.062177382,0.11053755,-0.28233727,0.4071867,0.041052169,0.021202372,0,243,19,14,19,True,0.016983672,45.6,67.5,63461,5.65
297,22660,"Fort Collins-Loveland, CO",acs_population_growth,243,226,17,6.9958848,0.01721913,0.016983672,0.003417322,0.011681781,0.016085402,0.01959126,0.022000019,0.011681781,0.022000019,0.0035058582,0.0026075875,0,243,19,14,19,True,0.016983672,45.6,67.5,63461,5.65
297,22660,"Fort Collins-Loveland, CO",unemployment_rate,243,243,0,0,6.0621399,6,1.353373,4.5,4.7,7.5,8.1,4.5,8.1,2.8,1.4,0,243,19,14,19,True,0.016983672,45.6,67.5,63461,5.65
297,22660,"Fort Collins-Loveland, CO",educational_attainment_pct,243,243,0,0,46.135802,45.3,2.8236007,42.5,43.8,47.7,51.7,42.5,51.7,3.9,2,0,243,19,14,19,True,0.016983672,45.6,67.5,63461,5.65
297,22660,"Fort Collins-Loveland, CO",median_household_income,243,243,0,0,67947.486,61942,11337.736,56447,58626,76366,91364,56447,91364,17740,5495,0,243,19,14,19,True,0.016983672,45.6,67.5,63461,5.65
297,22660,"Fort Collins-Loveland, CO",labor_force_participation_pct,243,243,0,0,68.040329,67.6,0.98266961,67.2,67.3,68.8,69.8,67.2,69.8,1.5,0.4,0,243,19,14,19,True,0.016983672,45.6,67.5,63461,5.65
303,22900,"Fort Smith, AR-OK",startup_rate,177,177,0,0,5.1385582,5.2763819,3.3183808,0,2.8776978,7.1038251,10.494131,0,18.867925,4.2261273,2.2151574,14.689266,177,17,14,17,True,0.00059237478,16.4,57.2,40114.5,6.55
303,22900,"Fort Smith, AR-OK",employment_growth,177,158,19,10.734463,0.0039087271,0.0041389111,0.06290621,-0.077903299,-0.028286096,0.029816953,0.10489658,-0.21666667,0.2728972,0.058103049,0.028579789,0,177,17,14,17,True,0.00059237478,16.4,57.2,40114.5,6.55
303,22900,"Fort Smith, AR-OK",establishment_growth,177,158,19,10.734463,-0.0047469057,-0.0038462674,0.037700919,-0.054790823,-0.020229184,0.010512821,0.051884427,-0.18181818,0.14285714,0.030742004,0.015601023,11.392405,177,17,14,17,True,0.00059237478,16.4,57.2,40114.5,6.55
303,22900,"Fort Smith, AR-OK",payroll_growth,177,158,19,10.734463,0.037745785,0.034588429,0.073468339,-0.086845419,-0.0010317732,0.069860884,0.16244506,-0.15593821,0.30652417,0.070892657,0.035805999,0,177,17,14,17,True,0.00059237478,16.4,57.2,40114.5,6.55
303,22900,"Fort Smith, AR-OK",wage_growth,177,158,19,10.734463,0.033849155,0.030862982,0.037723039,-0.024568574,0.013158307,0.053583928,0.095923509,-0.075970176,0.18112798,0.040425621,0.019797137,0,177,17,14,17,True,0.00059237478,16.4,57.2,40114.5,6.55
303,22900,"Fort Smith, AR-OK",acs_population_growth,177,166,11,6.2146893,-0.018859712,0.00059237478,0.036094696,-0.11174925,-0.020079118,0.0017669796,0.0073214298,-0.11174925,0.0073214298,0.021846097,0.0013413501,0,177,17,14,17,True,0.00059237478,16.4,57.2,40114.5,6.55
303,22900,"Fort Smith, AR-OK",unemployment_rate,177,177,0,0,6.6022599,6.7,1.3505451,4.9,5.2,7.9,8.6,4.9,8.6,2.7,1.5,0,177,17,14,17,True,0.00059237478,16.4,57.2,40114.5,6.55
303,22900,"Fort Smith, AR-OK",educational_attainment_pct,177,177,0,0,17.361582,16.3,2.1104162,14.6,16.1,19.5,21.4,14.6,21.4,3.4,1,0,177,17,14,17,True,0.00059237478,16.4,57.2,40114.5,6.55
303,22900,"Fort Smith, AR-OK",median_household_income,177,177,0,0,43189.565,39543,5813.269,38295,38730,46424,56717,38295,56717,7694,1143,0,177,17,14,17,True,0.00059237478,16.4,57.2,40114.5,6.55
303,22900,"Fort Smith, AR-OK",labor_force_participation_pct,177,177,0,0,57.332203,57.2,0.98213138,56,56.4,57.9,59.4,56,59.4,1.5,0.7,0,177,17,14,17,True,0.00059237478,16.4,57.2,40114.5,6.55
304,23060,"Fort Wayne, IN",startup_rate,140,140,0,0,5.9720505,5.5301454,2.2154974,3.3156085,4.2660138,7.2197424,10.138602,2.003643,13.00813,2.9537286,1.4037197,0,140,13,14,13,True,0.0060422388,26.05,66.65,51005.5,6.3
304,23060,"Fort Wayne, IN",employment_growth,140,118,22,15.714286,0.015010082,0.01597962,0.02754109,-0.033555538,0.0013425232,0.031097386,0.05500868,-0.087903098,0.072615923,0.029754863,0.014880129,0,140,13,14,13,True,0.0060422388,26.05,66.65,51005.5,6.3
304,23060,"Fort Wayne, IN",establishment_growth,140,118,22,15.714286,0.0079205832,0.0049360529,0.031139846,-0.023297265,-0.0084534009,0.021730656,0.053699116,-0.10655738,0.13492063,0.030184057,0.014808637,2.5423729,140,13,14,13,True,0.0060422388,26.05,66.65,51005.5,6.3
304,23060,"Fort Wayne, IN",payroll_growth,140,118,22,15.714286,0.052755667,0.049751896,0.061230387,-0.0097924359,0.027297551,0.073778981,0.11473229,-0.17374849,0.41560113,0.04648143,0.022976485,0,140,13,14,13,True,0.0060422388,26.05,66.65,51005.5,6.3
304,23060,"Fort Wayne, IN",wage_growth,140,118,22,15.714286,0.037267678,0.031868831,0.054423924,-0.0066228413,0.018793635,0.045258098,0.088939565,-0.21297028,0.36917298,0.026464462,0.013370742,0,140,13,14,13,True,0.0060422388,26.05,66.65,51005.5,6.3
304,23060,"Fort Wayne, IN",acs_population_growth,140,130,10,7.1428571,0.0076101236,0.0059950624,0.024520313,-0.05863368,0.0054463052,0.0064964644,0.075587005,-0.05863368,0.075587005,0.0010501592,0.00054875727,0,140,13,14,13,True,0.0060422388,26.05,66.65,51005.5,6.3
304,23060,"Fort Wayne, IN",unemployment_rate,140,140,0,0,6.9185714,6.7,1.8335242,4.5,5,8.5,9.5,4.5,9.5,3.5,1.8,0,140,13,14,13,True,0.0060422388,26.05,66.65,51005.5,6.3
304,23060,"Fort Wayne, IN",educational_attainment_pct,140,140,0,0,26.437143,25.9,1.8513205,24.4,24.8,27.8,29.8,24.4,29.8,3,1.2,0,140,13,14,13,True,0.0060422388,26.05,66.65,51005.5,6.3
304,23060,"Fort Wayne, IN",median_household_income,140,140,0,0,53975.514,50369,6390.822,48866,49808,55341,69378,48866,69378,5533,1273,0,140,13,14,13,True,0.0060422388,26.05,66.65,51005.5,6.3
304,23060,"Fort Wayne, IN",labor_force_participation_pct,140,140,0,0,66.800714,66.6,0.47156504,66.4,66.5,66.9,68.2,66.4,68.2,0.4,0.2,0,140,13,14,13,True,0.0060422388,26.05,66.65,51005.5,6.3
312,23420,"Fresno, CA",startup_rate,228,228,0,0,7.4353707,7.2458336,3.7847725,0,5.8303201,9.1578089,11.748742,0,25.390916,3.3274888,1.7695495,6.1403509,228,19,14,19,True,0.0087794344,19.9,61,47816.5,10.9
312,23420,"Fresno, CA",employment_growth,228,207,21,9.2105263,0.022998777,0.023077578,0.078449885,-0.070010137,-0.0077912834,0.051076452,0.1177563,-0.47626163,0.4083589,0.058867735,0.029529711,0,228,19,14,19,True,0.0087794344,19.9,61,47816.5,10.9
312,23420,"Fresno, CA",establishment_growth,228,207,21,9.2105263,0.047800215,0.01753203,0.41749024,-0.035746795,0.0017157443,0.040348837,0.092665509,-0.89742287,5.917168,0.038633093,0.01946219,1.4492754,228,19,14,19,True,0.0087794344,19.9,61,47816.5,10.9
312,23420,"Fresno, CA",payroll_growth,228,207,21,9.2105263,0.055731504,0.055438216,0.08076681,-0.050552699,0.024409934,0.082546437,0.14804407,-0.30286814,0.55932735,0.058136504,0.029652079,0,228,19,14,19,True,0.0087794344,19.9,61,47816.5,10.9
312,23420,"Fresno, CA",wage_growth,228,207,21,9.2105263,0.033759478,0.030212346,0.054875098,-0.027966635,0.016416754,0.049322727,0.094500106,-0.21870508,0.49221168,0.032905974,0.017102131,0,228,19,14,19,True,0.0087794344,19.9,61,47816.5,10.9
312,23420,"Fresno, CA",acs_population_growth,228,211,17,7.4561404,0.021013555,0.0087794344,0.041709324,0.0051138912,0.006700817,0.01074707,0.16132622,0.0051138912,0.16132622,0.0040462532,0.0020786173,0,228,19,14,19,True,0.0087794344,19.9,61,47816.5,10.9
312,23420,"Fresno, CA",unemployment_rate,228,228,0,0,11.093421,10.9,2.2222346,8.6,8.8,13.2,14.5,8.6,14.5,4.4,2.1,0,228,19,14,19,True,0.0087794344,19.9,61,47816.5,10.9
312,23420,"Fresno, CA",educational_attainment_pct,228,228,0,0,20.736404,19.9,1.4392972,19.4,19.5,22,23.4,19.4,23.4,2.5,0.5,0,228,19,14,19,True,0.0087794344,19.9,61,47816.5,10.9
312,23420,"Fresno, CA",median_household_income,228,228,0,0,52626.991,47816.5,8821.1026,45201,45741,57109,71897,45201,71897,11368,2615.5,0,228,19,14,19,True,0.0087794344,19.9,61,47816.5,10.9
312,23420,"Fresno, CA",labor_force_participation_pct,228,228,0,0,61.210526,61,0.57860053,60.6,60.8,61.4,62.4,60.6,62.4,0.6,0.3,0,228,19,14,19,True,0.0087794344,19.9,61,47816.5,10.9
313,23460,"Gadsden, AL",startup_rate,190,190,0,0,4.4011721,3.9102515,4.2968365,0,0,6.6004338,11.592539,0,23.255814,6.6004338,3.3078099,30,190,19,14,19,True,-0.0012852484,16.7,54.45,41271,8.05
313,23460,"Gadsden, AL",employment_growth,190,173,17,8.9473684,-0.004323237,-0.00021463833,0.081685643,-0.13897849,-0.031088083,0.032231405,0.096441069,-0.44407895,0.4,0.063319488,0.031403722,2.3121387,190,19,14,19,True,-0.0012852484,16.7,54.45,41271,8.05
313,23460,"Gadsden, AL",establishment_growth,190,173,17,8.9473684,0.0071152743,0,0.074974102,-0.10444444,-0.01986755,0.033942559,0.13109106,-0.25,0.33333333,0.053810108,0.027210884,16.184971,190,19,14,19,True,-0.0012852484,16.7,54.45,41271,8.05
313,23460,"Gadsden, AL",payroll_growth,190,173,17,8.9473684,0.026494698,0.030127883,0.079768523,-0.097899174,-0.0041358081,0.064675965,0.13635312,-0.38652459,0.29812287,0.068811773,0.034548082,0,190,19,14,19,True,-0.0012852484,16.7,54.45,41271,8.05
313,23460,"Gadsden, AL",wage_growth,190,173,17,8.9473684,0.032831018,0.028864254,0.056891332,-0.042535009,0.006173838,0.058486981,0.10931468,-0.22021865,0.31752782,0.052313143,0.026409133,0,190,19,14,19,True,-0.0012852484,16.7,54.45,41271,8.05
313,23460,"Gadsden, AL",acs_population_growth,190,177,13,6.8421053,-0.00077648772,-0.0012852484,0.0026385977,-0.0038837384,-0.0018713881,-0.00026277884,0.0072721255,-0.0038837384,0.0072721255,0.0016086093,0.00094959384,0,190,19,14,19,True,-0.0012852484,16.7,54.45,41271,8.05
313,23460,"Gadsden, AL",unemployment_rate,190,190,0,0,8.3984211,8.5,2.2018865,5.5,6.1,10.2,11.8,5.5,11.8,4.1,2.2,0,190,19,14,19,True,-0.0012852484,16.7,54.45,41271,8.05
313,23460,"Gadsden, AL",educational_attainment_pct,190,190,0,0,16.508421,16.5,1.1195864,14.8,15.4,17.7,18,14.8,18,2.3,1.2,0,190,19,14,19,True,-0.0012852484,16.7,54.45,41271,8.05
313,23460,"Gadsden, AL",median_household_income,190,190,0,0,42453.326,40478,5326.7978,36422,38013,44934,53070,36422,53070,6921,2818,0,190,19,14,19,True,-0.0012852484,16.7,54.45,41271,8.05
313,23460,"Gadsden, AL",labor_force_participation_pct,190,190,0,0,54.716842,54.4,0.84065389,53.6,54.1,55.4,56.7,53.6,56.7,1.3,0.3,0,190,19,14,19,True,-0.0012852484,16.7,54.45,41271,8.05
315,23540,"Gainesville, FL",startup_rate,126,126,0,0,7.2732162,6.9384789,2.6837926,3.2526882,5.8274347,8.4249223,11.382595,0,22.5,2.5974876,1.3948544,0.79365079,126,13,14,13,True,0.010127042,39.05,58.7,44830,6.85
315,23540,"Gainesville, FL",employment_growth,126,107,19,15.079365,0.011046846,0.010593742,0.051962636,-0.079455754,-0.016348462,0.039839658,0.092693604,-0.1212304,0.20041181,0.05618812,0.028163288,0.93457944,126,13,14,13,True,0.010127042,39.05,58.7,44830,6.85
315,23540,"Gainesville, FL",establishment_growth,126,107,19,15.079365,0.007432812,0.0068399453,0.038174793,-0.037236842,-0.0058314905,0.023110814,0.039955514,-0.089977221,0.28682171,0.028942305,0.014532253,5.6074766,126,13,14,13,True,0.010127042,39.05,58.7,44830,6.85
315,23540,"Gainesville, FL",payroll_growth,126,107,19,15.079365,0.052596585,0.045604469,0.067234374,-0.049028262,0.014226735,0.079678834,0.16842272,-0.098743962,0.31356114,0.065452099,0.032953436,0,126,13,14,13,True,0.010127042,39.05,58.7,44830,6.85
315,23540,"Gainesville, FL",wage_growth,126,107,19,15.079365,0.041642709,0.035603383,0.051765948,-0.014672938,0.016792545,0.061596592,0.1267023,-0.14094352,0.33206179,0.044804047,0.02101909,0,126,13,14,13,True,0.010127042,39.05,58.7,44830,6.85
315,23540,"Gainesville, FL",acs_population_growth,126,117,9,7.1428571,0.023231811,0.010127042,0.040239346,0.0068695209,0.0081094546,0.013379967,0.15328231,0.0068695209,0.15328231,0.0052705119,0.0028472269,0,126,13,14,13,True,0.010127042,39.05,58.7,44830,6.85
315,23540,"Gainesville, FL",unemployment_rate,126,126,0,0,6.7206349,7,1.5381712,4.2,5.1,8,9,4.2,9,2.9,1.3,0,126,13,14,13,True,0.010127042,39.05,58.7,44830,6.85
315,23540,"Gainesville, FL",educational_attainment_pct,126,126,0,0,39.042063,39,1.0048963,37,38.6,39.5,40.9,37,40.9,0.9,0.5,0,126,13,14,13,True,0.010127042,39.05,58.7,44830,6.85
315,23540,"Gainesville, FL",median_household_income,126,126,0,0,46133.198,44337,5315.3114,40528,41961,47848,58946,40528,58946,5887,2511,0,126,13,14,13,True,0.010127042,39.05,58.7,44830,6.85
315,23540,"Gainesville, FL",labor_force_participation_pct,126,126,0,0,58.784921,58.7,0.82656566,57.8,58.2,59.1,60.5,57.8,60.5,0.9,0.5,0,126,13,14,13,True,0.010127042,39.05,58.7,44830,6.85
316,23580,"Gainesville, GA",startup_rate,226,226,0,0,7.0568369,7.3458522,4.0581682,0,4.4117647,9.5119344,13.322785,0,22.727273,5.1001697,2.3789608,11.504425,226,19,14,19,True,0.013927829,23.15,63.85,53898,5.15
316,23580,"Gainesville, GA",employment_growth,226,208,18,7.9646018,0.037054428,0.034471429,0.10838787,-0.09564609,0.00060158641,0.065924668,0.13227543,-0.38772363,1.0430769,0.065323081,0.033113893,0,226,19,14,19,True,0.013927829,23.15,63.85,53898,5.15
316,23580,"Gainesville, GA",establishment_growth,226,208,18,7.9646018,0.022425901,0.019182235,0.059032945,-0.075300641,0,0.050649608,0.10483724,-0.15909091,0.25,0.050649608,0.026379607,9.6153846,226,19,14,19,True,0.013927829,23.15,63.85,53898,5.15
316,23580,"Gainesville, GA",payroll_growth,226,208,18,7.9646018,0.077036274,0.066525173,0.1203952,-0.065155541,0.028559902,0.11418318,0.21582097,-0.36388541,0.93690869,0.085623279,0.040569807,0,226,19,14,19,True,0.013927829,23.15,63.85,53898,5.15
316,23580,"Gainesville, GA",wage_growth,226,208,18,7.9646018,0.04007888,0.034051527,0.070877402,-0.037073773,0.00877034,0.061236745,0.15242215,-0.31138807,0.37156509,0.052466405,0.025941163,0,226,19,14,19,True,0.013927829,23.15,63.85,53898,5.15
316,23580,"Gainesville, GA",acs_population_growth,226,208,18,7.9646018,0.013546463,0.013927829,0.0040075696,0.001335425,0.01354729,0.016052679,0.018771321,0.001335425,0.018771321,0.0025053896,0.0014174605,0,226,19,14,19,True,0.013927829,23.15,63.85,53898,5.15
316,23580,"Gainesville, GA",unemployment_rate,226,226,0,0,5.7672566,5.15,2.1462916,3.5,3.7,7.6,9.4,3.5,9.4,3.9,1.55,0,226,19,14,19,True,0.013927829,23.15,63.85,53898,5.15
316,23580,"Gainesville, GA",educational_attainment_pct,226,226,0,0,23.511062,23.15,1.5215231,21,22.5,24.5,26.7,21,26.7,2,1.05,0,226,19,14,19,True,0.013927829,23.15,63.85,53898,5.15
316,23580,"Gainesville, GA",median_household_income,226,226,0,0,58706.296,53898,8916.6817,50853,51202,63651,77430,50853,77430,12449,3022,0,226,19,14,19,True,0.013927829,23.15,63.85,53898,5.15
316,23580,"Gainesville, GA",labor_force_participation_pct,226,226,0,0,63.956195,63.85,0.67566043,62.9,63.5,64.7,65.2,62.9,65.2,1.2,0.55,0,226,19,14,19,True,0.013927829,23.15,63.85,53898,5.15
323,23900,"Gettysburg, PA",startup_rate,175,175,0,0,4.4603934,4.5,3.7422392,0,0,7.2353557,10.526316,0,18.181818,7.2353557,3.1923077,30.857143,175,19,14,19,True,0.0031255624,22.3,63.1,64507,4.5
323,23900,"Gettysburg, PA",employment_growth,175,159,16,9.1428571,0.012861535,0.0062111801,0.1409301,-0.15032774,-0.028341477,0.037660134,0.11369235,-0.24102564,1.5306667,0.066001611,0.03270591,2.5157233,175,19,14,19,True,0.0031255624,22.3,63.1,64507,4.5
323,23900,"Gettysburg, PA",establishment_growth,175,159,16,9.1428571,0.017629724,0.0043668122,0.067369662,-0.063392857,-0.013523392,0.03858926,0.12946237,-0.2,0.33333333,0.052112652,0.026923203,16.352201,175,19,14,19,True,0.0031255624,22.3,63.1,64507,4.5
323,23900,"Gettysburg, PA",payroll_growth,175,159,16,9.1428571,0.050583813,0.039416579,0.12950507,-0.086671073,0.00021085302,0.084340031,0.18656127,-0.2628286,1.2270392,0.084129178,0.041984458,0,175,19,14,19,True,0.0031255624,22.3,63.1,64507,4.5
323,23900,"Gettysburg, PA",wage_growth,175,159,16,9.1428571,0.038831326,0.034627323,0.051135982,-0.033963422,0.010928106,0.060697009,0.12651293,-0.13286989,0.30521063,0.049768903,0.024831962,0,175,19,14,19,True,0.0031255624,22.3,63.1,64507,4.5
323,23900,"Gettysburg, PA",acs_population_growth,175,124,51,29.142857,0.0035182834,0.0019790087,0.0036442003,-0.0016706139,0.00068968235,0.0055351612,0.011254348,-0.0016706139,0.011254348,0.0048454788,0.0022931074,0,175,19,14,19,True,0.0031255624,22.3,63.1,64507,4.5
323,23900,"Gettysburg, PA",unemployment_rate,175,136,39,22.285714,4.5272059,4.5,1.0246927,3.1,3.5,5.7,6,3.1,6,2.2,1,0,175,19,14,19,True,0.0031255624,22.3,63.1,64507,4.5
323,23900,"Gettysburg, PA",educational_attainment_pct,175,136,39,22.285714,22.540441,22.3,1.2799525,20.4,21.7,24,24.8,20.4,24.8,2.3,0.6,0,175,19,14,19,True,0.0031255624,22.3,63.1,64507,4.5
323,23900,"Gettysburg, PA",median_household_income,175,136,39,22.285714,67160.794,64507,7172.5495,59492,60356,72492,81071,59492,81071,12136,4151,0,175,19,14,19,True,0.0031255624,22.3,63.1,64507,4.5
323,23900,"Gettysburg, PA",labor_force_participation_pct,175,136,39,22.285714,63.705147,63.1,1.0970884,62.3,63,64.5,66.2,62.3,66.2,1.5,0.7,0,175,19,14,19,True,0.0031255624,22.3,63.1,64507,4.5
326,24020,"Glens Falls, NY",startup_rate,167,167,0,0,5.6786262,5,4.2792246,0,2.9703698,7.9199712,12.574159,0,25,4.9496013,2.6923077,14.371257,167,17,14,17,True,-0.0032580399,24.55,61.65,55411,6.2
326,24020,"Glens Falls, NY",employment_growth,167,148,19,11.377246,-0.003189032,0.002084151,0.073396518,-0.097862282,-0.030471132,0.028735865,0.085292523,-0.41333333,0.37272727,0.059206996,0.030660804,1.3513514,167,17,14,17,True,-0.0032580399,24.55,61.65,55411,6.2
326,24020,"Glens Falls, NY",establishment_growth,167,148,19,11.377246,0.0018842708,0,0.039858942,-0.054511374,-0.017667918,0.016387133,0.073333333,-0.15384615,0.18181818,0.034055052,0.017362429,13.513514,167,17,14,17,True,-0.0032580399,24.55,61.65,55411,6.2
326,24020,"Glens Falls, NY",payroll_growth,167,148,19,11.377246,0.033236438,0.032122478,0.086429781,-0.097853423,-0.0060231755,0.06645227,0.15912843,-0.28688466,0.45219091,0.072475445,0.037280068,0,167,17,14,17,True,-0.0032580399,24.55,61.65,55411,6.2
326,24020,"Glens Falls, NY",wage_growth,167,148,19,11.377246,0.037773031,0.033232788,0.062462452,-0.030812642,0.010719469,0.057042537,0.13026716,-0.19546642,0.40222698,0.046323068,0.023702362,0,167,17,14,17,True,-0.0032580399,24.55,61.65,55411,6.2
326,24020,"Glens Falls, NY",acs_population_growth,167,157,10,5.988024,-0.0015938679,-0.0032580399,0.0045041279,-0.0045395795,-0.0039411949,-0.0010314795,0.013586632,-0.0045395795,0.013586632,0.0029097154,0.0010807478,0,167,17,14,17,True,-0.0032580399,24.55,61.65,55411,6.2
326,24020,"Glens Falls, NY",unemployment_rate,167,167,0,0,6.245509,5.6,1.608513,4.4,4.8,8,8.8,4.4,8.8,3.2,1.2,0,167,17,14,17,True,-0.0032580399,24.55,61.65,55411,6.2
326,24020,"Glens Falls, NY",educational_attainment_pct,167,167,0,0,24.942515,24.7,1.9280869,22.2,23.3,26.4,28.2,22.2,28.2,3.1,1.4,0,167,17,14,17,True,-0.0032580399,24.55,61.65,55411,6.2
326,24020,"Glens Falls, NY",median_household_income,167,167,0,0,58755.024,56608,7239.9953,50149,53946,62284,74953,50149,74953,8338,2787,0,167,17,14,17,True,-0.0032580399,24.55,61.65,55411,6.2
326,24020,"Glens Falls, NY",labor_force_participation_pct,167,167,0,0,61.242515,61.4,1.1022653,59.5,60.4,62.4,62.7,59.5,62.7,2,1,0,167,17,14,17,True,-0.0032580399,24.55,61.65,55411,6.2
328,24140,"Goldsboro, NC",startup_rate,175,175,0,0,5.3297915,4.6511628,4.2965769,0,2.7713774,7.4376064,13.160286,0,20.689655,4.666229,2.3053589,22.857143,175,17,14,17,True,0.001072523,18.85,61.05,41758.5,9.5
328,24140,"Goldsboro, NC",employment_growth,175,164,11,6.2857143,0.0069019437,0.016127013,0.099507339,-0.14768037,-0.024354211,0.046682993,0.1379704,-0.36,0.53461538,0.071037204,0.034460313,0.6097561,175,17,14,17,True,0.001072523,18.85,61.05,41758.5,9.5
328,24140,"Goldsboro, NC",establishment_growth,175,164,11,6.2857143,0.013989339,0.0067698047,0.063048491,-0.071428571,-0.012405914,0.042815175,0.12012933,-0.24,0.27272727,0.055221089,0.030187334,15.853659,175,17,14,17,True,0.001072523,18.85,61.05,41758.5,9.5
328,24140,"Goldsboro, NC",payroll_growth,175,164,11,6.2857143,0.043465008,0.04580026,0.12751236,-0.14674948,0.0039919879,0.092399338,0.19234754,-0.47881039,0.74287036,0.08840735,0.04318312,0,175,17,14,17,True,0.001072523,18.85,61.05,41758.5,9.5
328,24140,"Goldsboro, NC",wage_growth,175,164,11,6.2857143,0.035055326,0.03478919,0.054639862,-0.041044044,0.0053050889,0.068974494,0.10862081,-0.23830419,0.2939813,0.063669405,0.032457591,0.6097561,175,17,14,17,True,0.001072523,18.85,61.05,41758.5,9.5
328,24140,"Goldsboro, NC",acs_population_growth,175,164,11,6.2857143,-0.0014489637,0.001072523,0.014728492,-0.049222442,-0.0018013119,0.005762591,0.010174685,-0.049222442,0.010174685,0.0075639029,0.004290213,0,175,17,14,17,True,0.001072523,18.85,61.05,41758.5,9.5
328,24140,"Goldsboro, NC",unemployment_rate,175,175,0,0,8.9754286,9.7,3.0820246,4.4,5.4,11.9,12.9,4.4,12.9,6.5,3.1,0,175,17,14,17,True,0.001072523,18.85,61.05,41758.5,9.5
328,24140,"Goldsboro, NC",educational_attainment_pct,175,175,0,0,18.448571,18.7,1.785602,15.8,16.4,19.8,21.3,15.8,21.3,3.4,1.5,0,175,17,14,17,True,0.001072523,18.85,61.05,41758.5,9.5
328,24140,"Goldsboro, NC",median_household_income,175,175,0,0,44805.926,41751,5514.261,40390,41224,47221,58082,40390,58082,5997,1294,0,175,17,14,17,True,0.001072523,18.85,61.05,41758.5,9.5
328,24140,"Goldsboro, NC",labor_force_participation_pct,175,175,0,0,61.965714,61.1,1.4455128,60.3,60.8,63.3,64.2,60.3,64.2,2.5,0.8,0,175,17,14,17,True,0.001072523,18.85,61.05,41758.5,9.5
330,24220,"Grand Forks, ND-MN",startup_rate,176,176,0,0,4.3685072,4.0678434,3.4774845,0,1.1432927,6.8493151,9.7923207,0,18.181818,5.7060224,2.7814717,25,176,17,14,17,True,0.0029205263,30.35,70.35,51853,3.8
330,24220,"Grand Forks, ND-MN",employment_growth,176,160,16,9.0909091,0.0060152729,0.0075220128,0.051891296,-0.087416388,-0.016430569,0.030735568,0.093055834,-0.16476944,0.19246862,0.047166138,0.023681652,0.625,176,17,14,17,True,0.0029205263,30.35,70.35,51853,3.8
330,24220,"Grand Forks, ND-MN",establishment_growth,176,160,16,9.0909091,0.017622673,0.0076924215,0.061220492,-0.051995074,-0.012114438,0.033762402,0.11132479,-0.18181818,0.38,0.045876839,0.022504456,13.125,176,17,14,17,True,0.0029205263,30.35,70.35,51853,3.8
330,24220,"Grand Forks, ND-MN",payroll_growth,176,160,16,9.0909091,0.045747012,0.037051309,0.063172092,-0.046339875,0.014651012,0.074823615,0.14848541,-0.13936882,0.40299367,0.060172603,0.030922297,0,176,17,14,17,True,0.0029205263,30.35,70.35,51853,3.8
330,24220,"Grand Forks, ND-MN",wage_growth,176,160,16,9.0909091,0.039898624,0.035562841,0.043519252,-0.013852084,0.01907241,0.059443647,0.09784134,-0.073801868,0.36235907,0.040371237,0.021326013,0,176,17,14,17,True,0.0029205263,30.35,70.35,51853,3.8
330,24220,"Grand Forks, ND-MN",acs_population_growth,176,164,12,6.8181818,0.0044403599,0.0029205263,0.0084363493,-0.0037095767,-0.0011597622,0.0076845879,0.027325415,-0.0037095767,0.027325415,0.0088443501,0.0046165074,0,176,17,14,17,True,0.0029205263,30.35,70.35,51853,3.8
330,24220,"Grand Forks, ND-MN",unemployment_rate,176,176,0,0,4.0846591,3.9,0.66842493,3,3.7,4.9,5.1,3,5.1,1.2,0.5,0,176,17,14,17,True,0.0029205263,30.35,70.35,51853,3.8
330,24220,"Grand Forks, ND-MN",educational_attainment_pct,176,176,0,0,30.98125,30.8,1.935131,28.7,29.1,33.1,34.2,28.7,34.2,4,1.9,0,176,17,14,17,True,0.0029205263,30.35,70.35,51853,3.8
330,24220,"Grand Forks, ND-MN",median_household_income,176,176,0,0,53677.591,52377,7006.2113,45266,47973,55609,68653,45266,68653,7636,4404,0,176,17,14,17,True,0.0029205263,30.35,70.35,51853,3.8
330,24220,"Grand Forks, ND-MN",labor_force_participation_pct,176,176,0,0,70.261932,70.35,0.40577927,69.4,70,70.6,70.8,69.4,70.8,0.6,0.35,0,176,17,14,17,True,0.0029205263,30.35,70.35,51853,3.8
331,24260,"Grand Island, NE",startup_rate,74,74,0,0,4.6433834,4.2538754,2.5028646,0,3.3126722,6.1138838,9.3763021,0,12.605042,2.8012117,1.4500086,6.7567568,74,8,14,8,False,0.0020600727,20.8,70.1,55672,4
331,24260,"Grand Island, NE",employment_growth,74,64,10,13.513514,0.005299502,0.0065390848,0.045204883,-0.051283829,-0.019109123,0.026560147,0.067341738,-0.11570248,0.21623932,0.04566927,0.025297036,0,74,8,14,8,False,0.0020600727,20.8,70.1,55672,4
331,24260,"Grand Island, NE",establishment_growth,74,64,10,13.513514,0.022040612,0,0.15151553,-0.039481728,-0.0088448084,0.021621833,0.056074217,-0.11764706,1.1904762,0.030466641,0.014542254,17.1875,74,8,14,8,False,0.0020600727,20.8,70.1,55672,4
331,24260,"Grand Island, NE",payroll_growth,74,64,10,13.513514,0.040345789,0.031477292,0.054243913,-0.049998955,0.012859254,0.069990262,0.13205393,-0.081026006,0.24336995,0.057131008,0.025251548,0,74,8,14,8,False,0.0020600727,20.8,70.1,55672,4
331,24260,"Grand Island, NE",wage_growth,74,64,10,13.513514,0.034881818,0.034602922,0.028577163,-0.011795258,0.016847253,0.050291371,0.081858577,-0.035086885,0.11287242,0.033444118,0.016077604,0,74,8,14,8,False,0.0020600727,20.8,70.1,55672,4
331,24260,"Grand Island, NE",acs_population_growth,74,50,24,32.432432,-0.0066108517,0.002547967,0.034829102,-0.10915979,-3.0858728e-07,0.0070601491,0.015504286,-0.10915979,0.015504286,0.0070604577,0.0039425399,0,74,8,14,8,False,0.0020600727,20.8,70.1,55672,4
331,24260,"Grand Island, NE",unemployment_rate,74,55,19,25.675676,4.4527273,4.7,1.0697619,2.8,3.7,5.4,6,2.8,6,1.7,1,0,74,8,14,8,False,0.0020600727,20.8,70.1,55672,4
331,24260,"Grand Island, NE",educational_attainment_pct,74,55,19,25.675676,19.945455,20.3,1.1313411,17.9,19,21,21.1,17.9,21.1,2,0.8,0,74,8,14,8,False,0.0020600727,20.8,70.1,55672,4
331,24260,"Grand Island, NE",median_household_income,74,55,19,25.675676,55441.945,54479,5311.3106,49794,50633,57938,67397,49794,67397,7305,3846,0,74,8,14,8,False,0.0020600727,20.8,70.1,55672,4
331,24260,"Grand Island, NE",labor_force_participation_pct,74,55,19,25.675676,70.26,70.7,1.2909371,67.5,69.6,71.4,71.8,67.5,71.8,1.8,0.7,0,74,8,14,8,False,0.0020600727,20.8,70.1,55672,4
332,24300,"Grand Junction, CO",startup_rate,240,240,0,0,6.5354101,6.5153074,4.1431645,0,4.5022773,8.7885421,12.839281,0,30,4.2862648,2.2566224,13.333333,240,19,14,19,True,0.0080646245,26.75,62.9,52526.5,7.35
332,24300,"Grand Junction, CO",employment_growth,240,224,16,6.6666667,0.0071828287,0.015253443,0.074821385,-0.095306127,-0.018215123,0.036698108,0.11340968,-0.46692051,0.26397516,0.054913231,0.02612608,0.44642857,240,19,14,19,True,0.0080646245,26.75,62.9,52526.5,7.35
332,24300,"Grand Junction, CO",establishment_growth,240,224,16,6.6666667,0.015887681,0.01369863,0.056493872,-0.060005718,-0.013672871,0.042398258,0.1025,-0.15384615,0.23809524,0.056071129,0.028482754,7.1428571,240,19,14,19,True,0.0080646245,26.75,62.9,52526.5,7.35
332,24300,"Grand Junction, CO",payroll_growth,240,224,16,6.6666667,0.038053947,0.045100326,0.094008509,-0.11164921,0.0017440203,0.084009149,0.167016,-0.50661451,0.38577472,0.082265128,0.040549187,0,240,19,14,19,True,0.0080646245,26.75,62.9,52526.5,7.35
332,24300,"Grand Junction, CO",wage_growth,240,224,16,6.6666667,0.030273916,0.028413365,0.047561399,-0.034381115,0.0053338627,0.059615577,0.097515057,-0.13395194,0.17110353,0.054281714,0.028694867,0,240,19,14,19,True,0.0080646245,26.75,62.9,52526.5,7.35
332,24300,"Grand Junction, CO",acs_population_growth,240,224,16,6.6666667,0.0078660662,0.0080646245,0.0045691353,0.00052227468,0.004265486,0.011264236,0.017443985,0.00052227468,0.017443985,0.0069987496,0.003468394,0,240,19,14,19,True,0.0080646245,26.75,62.9,52526.5,7.35
332,24300,"Grand Junction, CO",unemployment_rate,240,240,0,0,7.1666667,7.35,1.3736208,5.1,5.6,8.7,9.2,5.1,9.2,3.1,1.35,0,240,19,14,19,True,0.0080646245,26.75,62.9,52526.5,7.35
332,24300,"Grand Junction, CO",educational_attainment_pct,240,240,0,0,27.166667,26.3,1.7480812,25.1,25.7,28.2,30.6,25.1,30.6,2.5,1.1,0,240,19,14,19,True,0.0080646245,26.75,62.9,52526.5,7.35
332,24300,"Grand Junction, CO",median_household_income,240,240,0,0,55346.933,52986,7003.3726,48610,50070,57157,71485,48610,71485,7087,3215.5,0,240,19,14,19,True,0.0080646245,26.75,62.9,52526.5,7.35
332,24300,"Grand Junction, CO",labor_force_participation_pct,240,240,0,0,62.8825,63.1,1.0984327,61.2,61.9,63.3,65,61.2,65,1.4,1,0,240,19,14,19,True,0.0080646245,26.75,62.9,52526.5,7.35
334,24340,"Grand Rapids-Wyoming-Kentwood, MI",startup_rate,144,144,0,0,6.6305337,6.4733904,2.4768036,3.1002525,4.5959869,8.5912214,10.729367,1.8839488,14.035088,3.9952345,1.994027,0,144,13,14,13,True,0.010471256,31.3,67.35,56884.5,5.75
334,24340,"Grand Rapids-Wyoming-Kentwood, MI",employment_growth,144,126,18,12.5,0.024164725,0.031149895,0.064147194,-0.069350695,0.0077291573,0.049796694,0.093037893,-0.31870165,0.30461614,0.042067536,0.021316224,0,144,13,14,13,True,0.010471256,31.3,67.35,56884.5,5.75
334,24340,"Grand Rapids-Wyoming-Kentwood, MI",establishment_growth,144,126,18,12.5,0.023599065,0.016718572,0.042848887,-0.029679226,-0.0028587184,0.046905876,0.097494398,-0.060829136,0.20050761,0.049764594,0.023342541,0,144,13,14,13,True,0.010471256,31.3,67.35,56884.5,5.75
334,24340,"Grand Rapids-Wyoming-Kentwood, MI",payroll_growth,144,126,18,12.5,0.060775949,0.057613024,0.060216465,-0.0072681904,0.031809906,0.090683856,0.13754735,-0.21573803,0.26520847,0.058873951,0.027512525,0,144,13,14,13,True,0.010471256,31.3,67.35,56884.5,5.75
334,24340,"Grand Rapids-Wyoming-Kentwood, MI",wage_growth,144,126,18,12.5,0.036830677,0.032360034,0.036166598,-0.010585436,0.01594559,0.049411728,0.096562791,-0.045016271,0.20372217,0.033466138,0.016857128,0,144,13,14,13,True,0.010471256,31.3,67.35,56884.5,5.75
334,24340,"Grand Rapids-Wyoming-Kentwood, MI",acs_population_growth,144,134,10,6.9444444,0.033709514,0.010471256,0.073397623,0.002644246,0.0068750518,0.01118916,0.28534315,0.002644246,0.28534315,0.0043141085,0.0020491266,0,144,13,14,13,True,0.010471256,31.3,67.35,56884.5,5.75
334,24340,"Grand Rapids-Wyoming-Kentwood, MI",unemployment_rate,144,144,0,0,6.55,5.3,2.4668147,4.1,4.4,9.7,10.4,4.1,10.4,5.3,1.2,0,144,13,14,13,True,0.010471256,31.3,67.35,56884.5,5.75
334,24340,"Grand Rapids-Wyoming-Kentwood, MI",educational_attainment_pct,144,144,0,0,31.375,31.8,2.9549413,26.3,29.1,33.7,35.4,26.3,35.4,4.6,2.7,0,144,13,14,13,True,0.010471256,31.3,67.35,56884.5,5.75
334,24340,"Grand Rapids-Wyoming-Kentwood, MI",median_household_income,144,144,0,0,60935.917,58094,10161.966,49049,52108,66297,80296,49049,80296,14189,7603,0,144,13,14,13,True,0.010471256,31.3,67.35,56884.5,5.75
334,24340,"Grand Rapids-Wyoming-Kentwood, MI",labor_force_participation_pct,144,144,0,0,67.341667,67.3,0.23814552,66.9,67.2,67.5,67.7,66.9,67.7,0.3,0.2,0,144,13,14,13,True,0.010471256,31.3,67.35,56884.5,5.75
335,24420,"Grants Pass, OR",startup_rate,181,181,0,0,6.9657634,6.8571429,4.3033652,0,4.5801527,9.6774194,13.157895,0,21.428571,5.0972667,2.7662881,14.917127,181,17,14,17,True,0.0060637995,17.5,49,43046,8.6
335,24420,"Grants Pass, OR",employment_growth,181,169,12,6.6298343,0.023651742,0.02879143,0.083308861,-0.085226706,-0.018007203,0.065048544,0.12323428,-0.26605505,0.47321429,0.083055747,0.042051098,0,181,17,14,17,True,0.0060637995,17.5,49,43046,8.6
335,24420,"Grants Pass, OR",establishment_growth,181,169,12,6.6298343,0.023379638,0.016949153,0.10736037,-0.081081081,-0.017605634,0.048109966,0.15714286,-0.52444444,0.76430976,0.065715599,0.033130382,8.8757396,181,17,14,17,True,0.0060637995,17.5,49,43046,8.6
335,24420,"Grants Pass, OR",payroll_growth,181,169,12,6.6298343,0.069011942,0.06275971,0.11211603,-0.075288112,0.0080106712,0.11919597,0.21959826,-0.35347411,0.57901809,0.1111853,0.056002233,0,181,17,14,17,True,0.0060637995,17.5,49,43046,8.6
335,24420,"Grants Pass, OR",wage_growth,181,169,12,6.6298343,0.045459546,0.036912891,0.086383177,-0.071070046,0.017656951,0.071559014,0.15897039,-0.29379184,0.52943997,0.053902064,0.024395329,0,181,17,14,17,True,0.0060637995,17.5,49,43046,8.6
335,24420,"Grants Pass, OR",acs_population_growth,181,133,48,26.519337,0.0062550449,0.0067625751,0.0031924489,0.00085233084,0.0035125334,0.0090078497,0.011441891,0.00085233084,0.011441891,0.0054953163,0.0030460069,0,181,17,14,17,True,0.0060637995,17.5,49,43046,8.6
335,24420,"Grants Pass, OR",unemployment_rate,181,144,37,20.441989,9.7784722,8.6,2.5009415,7.5,7.8,11.175,15.2,7.5,15.2,3.375,1,0,181,17,14,17,True,0.0060637995,17.5,49,43046,8.6
335,24420,"Grants Pass, OR",educational_attainment_pct,181,144,37,20.441989,17.754167,17.5,0.80530366,16.7,17.275,18.1,19.7,16.7,19.7,0.825,0.5,0,181,17,14,17,True,0.0060637995,17.5,49,43046,8.6
335,24420,"Grants Pass, OR",median_household_income,181,144,37,20.441989,45099.688,43046,7451.1227,37447,37833.5,51733,59097,37447,59097,13899.5,5313,0,181,17,14,17,True,0.0060637995,17.5,49,43046,8.6
335,24420,"Grants Pass, OR",labor_force_participation_pct,181,144,37,20.441989,48.529861,49,0.98506894,47,47.5,49.6,49.7,47,49.7,2.1,0.7,0,181,17,14,17,True,0.0060637995,17.5,49,43046,8.6
337,24500,"Great Falls, MT",startup_rate,214,214,0,0,4.3790295,4.3573192,3.6594573,0,0,6.4224774,10.184211,0,21.052632,6.4224774,2.3119449,25.700935,214,19,14,19,True,0.0021084302,25.8,63.25,46148,4.8
337,24500,"Great Falls, MT",employment_growth,214,196,18,8.411215,0.0053683422,0.0015230816,0.10509015,-0.090758246,-0.018658987,0.031077119,0.10894187,-0.80952381,0.75,0.049736105,0.024710378,1.5306122,214,19,14,19,True,0.0021084302,25.8,63.25,46148,4.8
337,24500,"Great Falls, MT",establishment_growth,214,196,18,8.411215,0.010008761,0.0066463522,0.072654136,-0.081768895,-0.013138313,0.037231559,0.11614372,-0.33333333,0.33333333,0.050369873,0.025338122,9.6938776,214,19,14,19,True,0.0021084302,25.8,63.25,46148,4.8
337,24500,"Great Falls, MT",payroll_growth,214,196,18,8.411215,0.042493239,0.040362966,0.11640612,-0.091368846,0.0056349558,0.078454477,0.16225151,-0.82431015,0.6133452,0.072819521,0.036198006,0,214,19,14,19,True,0.0021084302,25.8,63.25,46148,4.8
337,24500,"Great Falls, MT",wage_growth,214,196,18,8.411215,0.037094659,0.038195702,0.055640596,-0.047147011,0.011979573,0.063366355,0.11586624,-0.18214407,0.34268983,0.051386782,0.026296362,0,214,19,14,19,True,0.0021084302,25.8,63.25,46148,4.8
337,24500,"Great Falls, MT",acs_population_growth,214,199,15,7.0093458,0.0033703248,0.0021084302,0.0079547944,-0.0028397665,-0.00085557837,0.0040675806,0.031896636,-0.0028397665,0.031896636,0.004923159,0.0024824521,0,214,19,14,19,True,0.0021084302,25.8,63.25,46148,4.8
337,24500,"Great Falls, MT",unemployment_rate,214,214,0,0,4.717757,5,1.0616944,3,3.7,5.7,6.2,3,6.2,2,1,0,214,19,14,19,True,0.0021084302,25.8,63.25,46148,4.8
337,24500,"Great Falls, MT",educational_attainment_pct,214,214,0,0,25.763084,25.7,1.7128873,22.8,24.6,27.3,28.7,22.8,28.7,2.7,1.6,0,214,19,14,19,True,0.0021084302,25.8,63.25,46148,4.8
337,24500,"Great Falls, MT",median_household_income,214,214,0,0,49070.407,45469,6659.3684,42389,44963,52049,66203,42389,66203,7086,1652,0,214,19,14,19,True,0.0021084302,25.8,63.25,46148,4.8
337,24500,"Great Falls, MT",labor_force_participation_pct,214,214,0,0,63.607477,63.3,0.8455574,62.6,62.9,64.5,65,62.6,65,1.6,0.5,0,214,19,14,19,True,0.0021084302,25.8,63.25,46148,4.8
338,24540,"Greeley, CO",startup_rate,243,243,0,0,8.1566743,8.1447964,4.1183197,0,5.8493955,10.767871,14.625277,0,20.689655,4.9184756,2.4612642,9.0534979,243,19,14,19,True,0.026267033,26.75,68.2,64654.5,5.65
338,24540,"Greeley, CO",employment_growth,243,226,17,6.9958848,0.039393877,0.03595711,0.087460569,-0.081484189,0.0053910499,0.074992759,0.20066019,-0.34578368,0.39127561,0.06960171,0.035557382,0,243,19,14,19,True,0.026267033,26.75,68.2,64654.5,5.65
338,24540,"Greeley, CO",establishment_growth,243,226,17,6.9958848,0.045519124,0.036133126,0.061344627,-0.023628049,0.013991445,0.068934283,0.14560613,-0.095238095,0.5349345,0.054942838,0.029131464,3.539823,243,19,14,19,True,0.026267033,26.75,68.2,64654.5,5.65
338,24540,"Greeley, CO",payroll_growth,243,226,17,6.9958848,0.085042857,0.081634905,0.10777813,-0.091426786,0.038603901,0.12957663,0.26473942,-0.2739845,0.54792311,0.090972726,0.04646786,0,243,19,14,19,True,0.026267033,26.75,68.2,64654.5,5.65
338,24540,"Greeley, CO",wage_growth,243,226,17,6.9958848,0.043545316,0.043729108,0.045904123,-0.023793011,0.01990442,0.066428261,0.11571793,-0.14606849,0.25336006,0.046523842,0.023091919,0,243,19,14,19,True,0.026267033,26.75,68.2,64654.5,5.65
338,24540,"Greeley, CO",acs_population_growth,243,227,16,6.5843621,0.026356327,0.026267033,0.0045849185,0.020572289,0.022305787,0.028043818,0.034636406,0.020572289,0.034636406,0.0057380306,0.0039612453,0,243,19,14,19,True,0.026267033,26.75,68.2,64654.5,5.65
338,24540,"Greeley, CO",unemployment_rate,243,243,0,0,5.8781893,6,1.2013326,4.1,4.9,6.7,8.1,4.1,8.1,1.8,1.1,0,243,19,14,19,True,0.026267033,26.75,68.2,64654.5,5.65
338,24540,"Greeley, CO",educational_attainment_pct,243,243,0,0,27.3107,26.8,1.9494778,25.4,25.9,27.6,32,25.4,32,1.7,0.9,0,243,19,14,19,True,0.026267033,26.75,68.2,64654.5,5.65
338,24540,"Greeley, CO",median_household_income,243,243,0,0,68176.93,62820,12164.539,55596,57180,74332,93287,55596,93287,17152,6995,0,243,19,14,19,True,0.026267033,26.75,68.2,64654.5,5.65
338,24540,"Greeley, CO",labor_force_participation_pct,243,243,0,0,68.497942,68.2,0.72370994,67.7,68,69.4,69.8,67.7,69.8,1.4,0.3,0,243,19,14,19,True,0.026267033,26.75,68.2,64654.5,5.65
339,24580,"Green Bay, WI",startup_rate,110,110,0,0,5.3716096,4.9238051,2.0858921,2.6367957,3.9109276,6.4763845,9.4649501,1.9354839,11.46789,2.5654568,1.236068,0,110,11,14,11,True,0.0058730968,26.5,68.65,55596,4.85
339,24580,"Green Bay, WI",employment_growth,110,92,18,16.363636,0.016737561,0.016289738,0.046322923,-0.040244262,0.003782657,0.029458842,0.078664597,-0.21706412,0.18606403,0.025676185,0.013269336,0,110,11,14,11,True,0.0058730968,26.5,68.65,55596,4.85
339,24580,"Green Bay, WI",establishment_growth,110,92,18,16.363636,0.0045071287,0,0.027995829,-0.029387043,-0.011764706,0.014454061,0.067243004,-0.073170732,0.098445596,0.026218767,0.012797982,8.6956522,110,11,14,11,True,0.0058730968,26.5,68.65,55596,4.85
339,24580,"Green Bay, WI",payroll_growth,110,92,18,16.363636,0.055776268,0.048643956,0.076022503,-0.028199999,0.021707804,0.080096481,0.17055245,-0.15499936,0.47280353,0.058388677,0.029468971,0,110,11,14,11,True,0.0058730968,26.5,68.65,55596,4.85
339,24580,"Green Bay, WI",wage_growth,110,92,18,16.363636,0.038433305,0.035558908,0.054808811,-0.025254951,0.02167243,0.055965151,0.10409609,-0.1750121,0.24176342,0.034292721,0.018687829,0,110,11,14,11,True,0.0058730968,26.5,68.65,55596,4.85
339,24580,"Green Bay, WI",acs_population_growth,110,100,10,9.0909091,0.0065016945,0.0058730968,0.0035476968,0.0041073898,0.0043510212,0.0063502826,0.017962952,0.0041073898,0.017962952,0.0019992615,0.0014084896,0,110,11,14,11,True,0.0058730968,26.5,68.65,55596,4.85
339,24580,"Green Bay, WI",unemployment_rate,110,110,0,0,4.8390909,5.3,1.7701965,2.7,2.8,6.6,7.4,2.7,7.4,3.8,1.6,0,110,11,14,11,True,0.0058730968,26.5,68.65,55596,4.85
339,24580,"Green Bay, WI",educational_attainment_pct,110,110,0,0,26.263636,25.9,2.2583881,23.1,24.3,27.9,29.9,23.1,29.9,3.6,2,0,110,11,14,11,True,0.0058730968,26.5,68.65,55596,4.85
339,24580,"Green Bay, WI",median_household_income,110,110,0,0,59591.882,54361,8425.1221,51952,53053,64951,77459,51952,77459,11898,2409,0,110,11,14,11,True,0.0058730968,26.5,68.65,55596,4.85
339,24580,"Green Bay, WI",labor_force_participation_pct,110,110,0,0,68.738182,68.7,1.0137569,67.2,67.9,69.4,70.3,67.2,70.3,1.5,0.8,0,110,11,14,11,True,0.0058730968,26.5,68.65,55596,4.85
343,24660,"Greensboro-High Point, NC",startup_rate,211,211,0,0,6.4675611,6.547619,2.9581948,2.3902922,4.4482562,8.2545475,11.083565,0,17.54386,3.8062913,1.9452039,4.7393365,211,17,14,17,True,0.0070912772,28.25,62.65,46126,7.15
343,24660,"Greensboro-High Point, NC",employment_growth,211,193,18,8.5308057,0.0089922109,0.011482831,0.049638137,-0.061861782,-0.01255887,0.034628773,0.073540754,-0.3172929,0.19665272,0.047187643,0.023388395,0,211,17,14,17,True,0.0070912772,28.25,62.65,46126,7.15
343,24660,"Greensboro-High Point, NC",establishment_growth,211,193,18,8.5308057,0.018884151,0.014665445,0.041747164,-0.032516533,-0.006199628,0.036711281,0.095341739,-0.11926606,0.19007444,0.042910909,0.021171625,2.0725389,211,17,14,17,True,0.0070912772,28.25,62.65,46126,7.15
343,24660,"Greensboro-High Point, NC",payroll_growth,211,193,18,8.5308057,0.043038024,0.0412651,0.059145562,-0.041030797,0.014741862,0.073368042,0.13222212,-0.23416886,0.26436921,0.058626179,0.027601939,0,211,17,14,17,True,0.0070912772,28.25,62.65,46126,7.15
343,24660,"Greensboro-High Point, NC",wage_growth,211,193,18,8.5308057,0.034033983,0.031911698,0.036559354,-0.027017949,0.017863445,0.05275892,0.093075257,-0.15441462,0.20477678,0.034895475,0.017554842,0,211,17,14,17,True,0.0070912772,28.25,62.65,46126,7.15
343,24660,"Greensboro-High Point, NC",acs_population_growth,211,196,15,7.1090047,0.0073425369,0.0070912772,0.0018060092,0.0044288896,0.006095445,0.0081915164,0.011630957,0.0044288896,0.011630957,0.0020960714,0.0011002392,0,211,17,14,17,True,0.0070912772,28.25,62.65,46126,7.15
343,24660,"Greensboro-High Point, NC",unemployment_rate,211,211,0,0,7.571564,6.6,2.1965659,4.7,5.5,10.1,10.9,4.7,10.9,4.6,1.5,0,211,17,14,17,True,0.0070912772,28.25,62.65,46126,7.15
343,24660,"Greensboro-High Point, NC",educational_attainment_pct,211,211,0,0,28.407109,28.5,1.7892794,25.7,26.6,30,31.4,25.7,31.4,3.4,1.5,0,211,17,14,17,True,0.0070912772,28.25,62.65,46126,7.15
343,24660,"Greensboro-High Point, NC",median_household_income,211,211,0,0,48903.754,47145,6165.5467,43588,43836,52233,63083,43588,63083,8397,3475,0,211,17,14,17,True,0.0070912772,28.25,62.65,46126,7.15
343,24660,"Greensboro-High Point, NC",labor_force_participation_pct,211,211,0,0,63.267299,62.6,1.3931881,62,62.3,64.1,66.2,62,66.2,1.8,0.4,0,211,17,14,17,True,0.0070912772,28.25,62.65,46126,7.15
346,24780,"Greenville, NC",startup_rate,211,211,0,0,6.2890194,6,4.1837343,0,3.9088363,8.4691452,14.048794,0,28.125,4.560309,2.1783439,13.744076,211,19,14,19,True,0.0076163289,30.3,64.6,42917,9.9
346,24780,"Greenville, NC",employment_growth,211,195,16,7.5829384,0.019100856,0.01995439,0.073330845,-0.095071147,-0.011721042,0.050297367,0.1253998,-0.26182432,0.3469657,0.062018409,0.030893068,2.0512821,211,19,14,19,True,0.0076163289,30.3,64.6,42917,9.9
346,24780,"Greenville, NC",establishment_growth,211,195,16,7.5829384,0.019622145,0.013812155,0.056080771,-0.05289367,-0.0087979566,0.045666274,0.099161677,-0.2,0.27777778,0.054464231,0.027510785,8.7179487,211,19,14,19,True,0.0076163289,30.3,64.6,42917,9.9
346,24780,"Greenville, NC",payroll_growth,211,195,16,7.5829384,0.060914444,0.054551135,0.10050641,-0.12131731,0.014144244,0.10500325,0.21210906,-0.21813712,0.59637937,0.090859007,0.045256071,0,211,19,14,19,True,0.0076163289,30.3,64.6,42917,9.9
346,24780,"Greenville, NC",wage_growth,211,195,16,7.5829384,0.041292448,0.035451269,0.066174708,-0.048159621,0.0094194061,0.06930581,0.12347924,-0.14109326,0.42739142,0.059886404,0.029669287,0,211,19,14,19,True,0.0076163289,30.3,64.6,42917,9.9
346,24780,"Greenville, NC",acs_population_growth,211,197,14,6.6350711,-0.0027583888,0.0076163289,0.030427422,-0.099568494,0.0050316176,0.0085634384,0.02077878,-0.099568494,0.02077878,0.0035318208,0.0025847113,0,211,19,14,19,True,0.0076163289,30.3,64.6,42917,9.9
346,24780,"Greenville, NC",unemployment_rate,211,211,0,0,9.7042654,9.7,1.7377136,7.4,8.1,11.5,12.1,7.4,12.1,3.4,1.8,0,211,19,14,19,True,0.0076163289,30.3,64.6,42917,9.9
346,24780,"Greenville, NC",educational_attainment_pct,211,211,0,0,30.11327,30.9,2.7832174,25.6,28.1,32.6,33.9,25.6,33.9,4.5,1.8,0,211,19,14,19,True,0.0076163289,30.3,64.6,42917,9.9
346,24780,"Greenville, NC",median_household_income,211,211,0,0,45536.45,43526,5937.9999,38916,40718,49337,58851,38916,58851,8619,3589,0,211,19,14,19,True,0.0076163289,30.3,64.6,42917,9.9
346,24780,"Greenville, NC",labor_force_participation_pct,211,211,0,0,64.610427,64.4,1.2155678,63.1,63.2,65.7,66.4,63.1,66.4,2.5,1.2,0,211,19,14,19,True,0.0076163289,30.3,64.6,42917,9.9
348,24860,"Greenville-Anderson-Greer, SC",startup_rate,170,170,0,0,7.9792363,7.8802806,2.8198228,3.6171314,5.9918708,9.8920939,12.936228,0,16.35514,3.9002231,1.9106293,0.58823529,170,15,14,15,True,0.013054995,27.8,62.15,48317,6.65
348,24860,"Greenville-Anderson-Greer, SC",employment_growth,170,153,17,10,0.019297719,0.022639457,0.056845522,-0.092328793,0.0022066936,0.045433526,0.091581849,-0.27146902,0.19019862,0.043226832,0.022794069,0,170,15,14,15,True,0.013054995,27.8,62.15,48317,6.65
348,24860,"Greenville-Anderson-Greer, SC",establishment_growth,170,153,17,10,0.037119329,0.034250421,0.050282945,-0.026444368,0.0061349693,0.060483871,0.11825125,-0.17939872,0.27972399,0.054348902,0.027153088,1.3071895,170,15,14,15,True,0.013054995,27.8,62.15,48317,6.65
348,24860,"Greenville-Anderson-Greer, SC",payroll_growth,170,153,17,10,0.056798736,0.054219827,0.068939264,-0.040389954,0.023469026,0.081338793,0.16687073,-0.15711032,0.45716895,0.057869767,0.029947469,0,170,15,14,15,True,0.013054995,27.8,62.15,48317,6.65
348,24860,"Greenville-Anderson-Greer, SC",wage_growth,170,153,17,10,0.037030983,0.034463317,0.038295892,-0.020279708,0.01640936,0.0551684,0.097545464,-0.076860104,0.23564906,0.03875904,0.019324746,0,170,15,14,15,True,0.013054995,27.8,62.15,48317,6.65
348,24860,"Greenville-Anderson-Greer, SC",acs_population_growth,170,159,11,6.4705882,0.036816637,0.013054995,0.080645623,0.010236408,0.011644283,0.014418961,0.30616811,0.010236408,0.30616811,0.0027746779,0.0014107115,0,170,15,14,15,True,0.013054995,27.8,62.15,48317,6.65
348,24860,"Greenville-Anderson-Greer, SC",unemployment_rate,170,170,0,0,6.8717647,6.1,2.2804085,4.3,4.6,9.3,10.3,4.3,10.3,4.7,1.8,0,170,15,14,15,True,0.013054995,27.8,62.15,48317,6.65
348,24860,"Greenville-Anderson-Greer, SC",educational_attainment_pct,170,170,0,0,29.031765,27.8,2.6447542,26,27.1,30.9,33.7,26,33.7,3.8,1.7,0,170,15,14,15,True,0.013054995,27.8,62.15,48317,6.65
348,24860,"Greenville-Anderson-Greer, SC",median_household_income,170,170,0,0,52737.706,49371,8385.6261,44705,45861,57432,69016,44705,69016,11571,4251,0,170,15,14,15,True,0.013054995,27.8,62.15,48317,6.65
348,24860,"Greenville-Anderson-Greer, SC",labor_force_participation_pct,170,170,0,0,62.084118,62.2,0.73148595,61.1,61.3,62.5,63.5,61.1,63.5,1.2,0.6,0,170,15,14,15,True,0.013054995,27.8,62.15,48317,6.65
353,25060,"Gulfport-Biloxi, MS",startup_rate,151,151,0,0,6.6832364,6.2780269,2.8071609,2.7505018,4.9121971,8.5979503,11.678131,0,13.559322,3.6857531,1.6755164,3.3112583,151,14,14,14,True,0.0082740246,21.3,61.15,46215,8.9
353,25060,"Gulfport-Biloxi, MS",employment_growth,151,133,18,11.92053,-0.005036782,0.0038642009,0.063249221,-0.096240451,-0.027719365,0.026554184,0.061951704,-0.49742205,0.14157935,0.054273549,0.024304813,0,151,14,14,14,True,0.0082740246,21.3,61.15,46215,8.9
353,25060,"Gulfport-Biloxi, MS",establishment_growth,151,133,18,11.92053,0.0070127952,0.0071258907,0.034311833,-0.045470323,-0.01369863,0.026923077,0.051761293,-0.10843373,0.14634146,0.040621707,0.020570902,3.0075188,151,14,14,14,True,0.0082740246,21.3,61.15,46215,8.9
353,25060,"Gulfport-Biloxi, MS",payroll_growth,151,133,18,11.92053,0.021710334,0.024805104,0.080707152,-0.062090084,-0.0039476337,0.054171891,0.10997612,-0.61875383,0.28838554,0.058119525,0.029366787,0,151,14,14,14,True,0.0082740246,21.3,61.15,46215,8.9
353,25060,"Gulfport-Biloxi, MS",wage_growth,151,133,18,11.92053,0.025896635,0.024211735,0.04109541,-0.015727849,0.0059503425,0.044544136,0.077624705,-0.24142906,0.18984286,0.038593794,0.019914662,0,151,14,14,14,True,0.0082740246,21.3,61.15,46215,8.9
353,25060,"Gulfport-Biloxi, MS",acs_population_growth,151,139,12,7.9470199,0.058516151,0.0094967438,0.14359205,-4.8232054e-05,0.0065069602,0.017859189,0.50217164,-4.8232054e-05,0.50217164,0.011352229,0.0033164301,0,151,14,14,14,True,0.0082740246,21.3,61.15,46215,8.9
353,25060,"Gulfport-Biloxi, MS",unemployment_rate,151,151,0,0,9.0403974,8.9,0.72288116,8,8.55,9.5,10.2,7.3,10.2,0.95,0.4,0,151,14,14,14,True,0.0082740246,21.3,61.15,46215,8.9
353,25060,"Gulfport-Biloxi, MS",educational_attainment_pct,151,151,0,0,21.606623,21.1,1.3054587,19.9,20.8,21.9,23.9,19.9,24.7,1.1,0.6,0,151,14,14,14,True,0.0082740246,21.3,61.15,46215,8.9
353,25060,"Gulfport-Biloxi, MS",median_household_income,151,151,0,0,47883.417,45479,4748.0513,43549,44826,49068,58287,43549,61266,4242,1472,0,151,14,14,14,True,0.0082740246,21.3,61.15,46215,8.9
353,25060,"Gulfport-Biloxi, MS",labor_force_participation_pct,151,151,0,0,61.769536,61.2,1.3615674,59.95,60.7,62.9,64.1,59.8,64.1,2.2,0.7,0,151,14,14,14,True,0.0082740246,21.3,61.15,46215,8.9
355,25180,"Hagerstown-Martinsburg, MD-WV",startup_rate,145,145,0,0,5.6312003,5.2631579,2.243206,2.3668639,4.0935673,7.1428571,9.3271318,0,12.162162,3.0492899,1.6046213,0.68965517,145,15,14,15,True,0.0088508481,20.65,62.7,57759.5,7.6
355,25180,"Hagerstown-Martinsburg, MD-WV",employment_growth,145,121,24,16.551724,0.0052812013,0.0071605434,0.069289701,-0.11685117,-0.019367992,0.035874439,0.080307561,-0.30866966,0.31751681,0.055242431,0.027559214,0.82644628,145,15,14,15,True,0.0088508481,20.65,62.7,57759.5,7.6
355,25180,"Hagerstown-Martinsburg, MD-WV",establishment_growth,145,121,24,16.551724,0.023045967,0.0095846645,0.079174745,-0.033333333,-0.012367491,0.031674208,0.099099099,-0.16487455,0.50741351,0.044041699,0.022089544,4.9586777,145,15,14,15,True,0.0088508481,20.65,62.7,57759.5,7.6
355,25180,"Hagerstown-Martinsburg, MD-WV",payroll_growth,145,121,24,16.551724,0.043353064,0.032711106,0.082827516,-0.06583429,0.0051754355,0.073441285,0.15996545,-0.20356552,0.4405799,0.06826585,0.036839998,0,145,15,14,15,True,0.0088508481,20.65,62.7,57759.5,7.6
355,25180,"Hagerstown-Martinsburg, MD-WV",wage_growth,145,121,24,16.551724,0.038229353,0.03716459,0.044114714,-0.024948835,0.01494391,0.064065082,0.11756254,-0.09961736,0.18985328,0.049121172,0.024878276,0,145,15,14,15,True,0.0088508481,20.65,62.7,57759.5,7.6
355,25180,"Hagerstown-Martinsburg, MD-WV",acs_population_growth,145,135,10,6.8965517,0.0089180277,0.010040721,0.027178411,-0.057642912,0.0068569332,0.011383463,0.075353391,-0.057642912,0.075353391,0.0045265303,0.002323801,0,145,15,14,15,True,0.0088508481,20.65,62.7,57759.5,7.6
355,25180,"Hagerstown-Martinsburg, MD-WV",unemployment_rate,145,145,0,0,7.3289655,7.5,1.9406083,4.7,5.7,9,10.1,4.7,10.1,3.3,1.8,0,145,15,14,15,True,0.0088508481,20.65,62.7,57759.5,7.6
355,25180,"Hagerstown-Martinsburg, MD-WV",educational_attainment_pct,145,145,0,0,20.876552,21.1,1.6698309,18.7,19.6,22.3,23.5,18.7,23.5,2.7,1.5,0,145,15,14,15,True,0.0088508481,20.65,62.7,57759.5,7.6
355,25180,"Hagerstown-Martinsburg, MD-WV",median_household_income,145,145,0,0,60280.545,58843,7658.3258,51661,54592,64118,75473,51661,75473,9526,5275,0,145,15,14,15,True,0.0088508481,20.65,62.7,57759.5,7.6
355,25180,"Hagerstown-Martinsburg, MD-WV",labor_force_participation_pct,145,145,0,0,63.423448,62.7,1.3459308,62,62.4,64.7,65.8,62,65.8,2.3,0.6,0,145,15,14,15,True,0.0088508481,20.65,62.7,57759.5,7.6
357,25220,"Hammond, LA",startup_rate,221,221,0,0,5.2467815,5.0632911,4.065106,0,2.6143791,7.6433121,12.987013,0,17.333333,5.028933,2.580021,23.9819,221,19,14,19,True,0.011901177,19.9,60.7,46297,8.6
357,25220,"Hammond, LA",employment_growth,221,208,13,5.8823529,0.014768941,0.02024077,0.11876543,-0.18666169,-0.026344585,0.062623801,0.19281177,-0.42116358,0.56122449,0.088968386,0.044822514,1.4423077,221,19,14,19,True,0.011901177,19.9,60.7,46297,8.6
357,25220,"Hammond, LA",establishment_growth,221,208,13,5.8823529,0.023279353,0.023755816,0.078650485,-0.09375,-0.0049320889,0.053866599,0.11915829,-0.28571429,0.48148148,0.058798688,0.0298925,8.6538462,221,19,14,19,True,0.011901177,19.9,60.7,46297,8.6
357,25220,"Hammond, LA",payroll_growth,221,208,13,5.8823529,0.04592403,0.054723002,0.1437432,-0.22312298,-0.0083109043,0.10295731,0.25067449,-0.41672605,0.7650567,0.11126822,0.059862702,0,221,19,14,19,True,0.011901177,19.9,60.7,46297,8.6
357,25220,"Hammond, LA",wage_growth,221,208,13,5.8823529,0.030877016,0.032530399,0.075777901,-0.10133584,0.0019660202,0.068272081,0.1388064,-0.24905379,0.44376044,0.066306061,0.033591593,0,221,19,14,19,True,0.011901177,19.9,60.7,46297,8.6
357,25220,"Hammond, LA",acs_population_growth,221,160,61,27.60181,0.0099044177,0.011900018,0.006349592,-0.0094278259,0.010964753,0.012842939,0.013649058,-0.0094278259,0.013649058,0.0018781858,0.000939767,0,221,19,14,19,True,0.011901177,19.9,60.7,46297,8.6
357,25220,"Hammond, LA",unemployment_rate,221,177,44,19.909502,8.5491525,8.6,2.569801,5.3,5.8,10.7,12.8,5.3,12.8,4.9,2.1,0,221,19,14,19,True,0.011901177,19.9,60.7,46297,8.6
357,25220,"Hammond, LA",educational_attainment_pct,221,177,44,19.909502,20.383616,19.9,1.0875391,19.3,19.4,21.5,22.2,19.3,22.2,2.1,0.6,0,221,19,14,19,True,0.011901177,19.9,60.7,46297,8.6
357,25220,"Hammond, LA",median_household_income,221,177,44,19.909502,47255.667,46297,5514.656,40654,41302,50659,57256,40654,57256,9357,4362,0,221,19,14,19,True,0.011901177,19.9,60.7,46297,8.6
357,25220,"Hammond, LA",labor_force_participation_pct,221,177,44,19.909502,60.233898,60.7,1.8529409,57.8,58.4,61.5,63.7,57.8,63.7,3.1,1.3,0,221,19,14,19,True,0.011901177,19.9,60.7,46297,8.6
358,25260,"Hanford-Corcoran, CA",startup_rate,186,186,0,0,5.3135797,5.1966487,4.7674336,0,0,7.5588141,12.725729,0,26.666667,7.5588141,3.1270641,27.956989,186,17,14,17,True,-0.00051909677,13.2,55.7,49290,10.75
358,25260,"Hanford-Corcoran, CA",employment_growth,186,173,13,6.9892473,0.023121276,0.014789534,0.12391113,-0.14549977,-0.028301887,0.065209729,0.20065676,-0.65353756,0.52355072,0.093511615,0.047710466,1.734104,186,17,14,17,True,-0.00051909677,13.2,55.7,49290,10.75
358,25260,"Hanford-Corcoran, CA",establishment_growth,186,173,13,6.9892473,0.042545432,0.014545455,0.40667997,-0.11372549,-0.010452962,0.052631579,0.14285714,-0.90965251,5.1973094,0.063084541,0.031786834,16.184971,186,17,14,17,True,-0.00051909677,13.2,55.7,49290,10.75
358,25260,"Hanford-Corcoran, CA",payroll_growth,186,173,13,6.9892473,0.068974724,0.061147143,0.15098323,-0.14544386,0.00041115985,0.12989645,0.30557743,-0.3548103,0.70051741,0.12948529,0.062908984,0,186,17,14,17,True,-0.00051909677,13.2,55.7,49290,10.75
358,25260,"Hanford-Corcoran, CA",wage_growth,186,173,13,6.9892473,0.047462186,0.04151671,0.10060125,-0.089746077,0.008950554,0.081608261,0.17933466,-0.1770244,0.8622296,0.072657707,0.036348374,0,186,17,14,17,True,-0.00051909677,13.2,55.7,49290,10.75
358,25260,"Hanford-Corcoran, CA",acs_population_growth,186,173,13,6.9892473,0.00090648659,-0.00051909677,0.0036853562,-0.0048808593,-0.0023172613,0.0041046144,0.0080266275,-0.0048808593,0.0080266275,0.0064218757,0.0025844674,0,186,17,14,17,True,-0.00051909677,13.2,55.7,49290,10.75
358,25260,"Hanford-Corcoran, CA",unemployment_rate,186,186,0,0,11.283871,11.7,2.4902964,7.6,9.1,13.1,15.2,7.6,15.2,4,2.5,0,186,17,14,17,True,-0.00051909677,13.2,55.7,49290,10.75
358,25260,"Hanford-Corcoran, CA",educational_attainment_pct,186,186,0,0,13.367204,13,0.95925068,11.8,12.5,14.3,15,11.8,15,1.8,0.55,0,186,17,14,17,True,-0.00051909677,13.2,55.7,49290,10.75
358,25260,"Hanford-Corcoran, CA",median_household_income,186,186,0,0,54211.919,48838,8069.6523,46481,48133,61556,68750,46481,68750,13423,1597,0,186,17,14,17,True,-0.00051909677,13.2,55.7,49290,10.75
358,25260,"Hanford-Corcoran, CA",labor_force_participation_pct,186,186,0,0,55.995699,55.8,0.97746655,54.6,55.2,57.2,57.7,54.6,57.7,2,0.6,0,186,17,14,17,True,-0.00051909677,13.2,55.7,49290,10.75
360,25420,"Harrisburg-Carlisle, PA",startup_rate,186,186,0,0,5.6440691,5.5015703,2.0656415,2.9760773,4.1143619,7.0066928,9.1454724,0,13.414634,2.8923308,1.4294578,1.6129032,186,15,14,15,True,0.0060036867,30.5,65.3,59876,5.25
360,25420,"Harrisburg-Carlisle, PA",employment_growth,186,167,19,10.215054,0.0062789045,0.0086024538,0.057735771,-0.070112159,-0.011032045,0.031367754,0.087594321,-0.35365687,0.20241117,0.042399799,0.021223292,0,186,15,14,15,True,0.0060036867,30.5,65.3,59876,5.25
360,25420,"Harrisburg-Carlisle, PA",establishment_growth,186,167,19,10.215054,0.0082390464,0.0056634304,0.028679457,-0.035709392,-0.0072486593,0.0208105,0.063490236,-0.13304721,0.085769981,0.028059159,0.014437072,2.994012,186,15,14,15,True,0.0060036867,30.5,65.3,59876,5.25
360,25420,"Harrisburg-Carlisle, PA",payroll_growth,186,167,19,10.215054,0.037165464,0.039074308,0.06640336,-0.053056862,0.014268043,0.066203707,0.13328354,-0.29114945,0.31239325,0.051935664,0.026141474,0,186,15,14,15,True,0.0060036867,30.5,65.3,59876,5.25
360,25420,"Harrisburg-Carlisle, PA",wage_growth,186,167,19,10.215054,0.0308304,0.025709277,0.03127749,-0.016427597,0.015951382,0.044439355,0.08980153,-0.066003915,0.14819979,0.028487973,0.01404048,0,186,15,14,15,True,0.0060036867,30.5,65.3,59876,5.25
360,25420,"Harrisburg-Carlisle, PA",acs_population_growth,186,173,13,6.9892473,0.0077604992,0.0060036867,0.0046368881,0.0050689548,0.0054831632,0.0077125589,0.022133634,0.0050689548,0.022133634,0.0022293956,0.00067669671,0,186,15,14,15,True,0.0060036867,30.5,65.3,59876,5.25
360,25420,"Harrisburg-Carlisle, PA",unemployment_rate,186,186,0,0,5.216129,4.9,1.2151557,3.8,4,6.4,7.2,3.8,7.2,2.4,0.95,0,186,15,14,15,True,0.0060036867,30.5,65.3,59876,5.25
360,25420,"Harrisburg-Carlisle, PA",educational_attainment_pct,186,186,0,0,31.106452,30.9,2.380157,28.2,29.1,33.4,35.4,28.2,35.4,4.3,2.3,0,186,15,14,15,True,0.0060036867,30.5,65.3,59876,5.25
360,25420,"Harrisburg-Carlisle, PA",median_household_income,186,186,0,0,63332.978,60978,7557.1197,55372,57365,67219,79281,55372,79281,9854,3938,0,186,15,14,15,True,0.0060036867,30.5,65.3,59876,5.25
360,25420,"Harrisburg-Carlisle, PA",labor_force_participation_pct,186,186,0,0,65.473656,65.3,0.76639174,64.3,64.9,66.3,66.8,64.3,66.8,1.4,0.4,0,186,15,14,15,True,0.0060036867,30.5,65.3,59876,5.25
362,25500,"Harrisonburg, VA",startup_rate,171,171,0,0,5.5317043,5.0847458,3.2965103,0,3.5966736,7.1428571,12.041667,0,16.666667,3.5461835,1.8238762,9.3567251,171,16,14,16,True,0.008528194,28.2,62,50824.5,4.95
362,25500,"Harrisonburg, VA",employment_growth,171,158,13,7.6023392,0.013275717,0.014670895,0.074264623,-0.085555441,-0.013842563,0.042495311,0.11504845,-0.42231638,0.32927757,0.056337874,0.028128672,0.63291139,171,16,14,16,True,0.008528194,28.2,62,50824.5,4.95
362,25500,"Harrisonburg, VA",establishment_growth,171,158,13,7.6023392,0.016772814,0.010738742,0.05347806,-0.054375357,-0.015791582,0.049262667,0.097731554,-0.15,0.19463087,0.06505425,0.029335602,5.6962025,171,16,14,16,True,0.008528194,28.2,62,50824.5,4.95
362,25500,"Harrisonburg, VA",payroll_growth,171,158,13,7.6023392,0.048373143,0.048208893,0.08022354,-0.063279737,0.016229802,0.088191159,0.17102255,-0.43581049,0.31867352,0.071961357,0.035849981,0,171,16,14,16,True,0.008528194,28.2,62,50824.5,4.95
362,25500,"Harrisonburg, VA",wage_growth,171,158,13,7.6023392,0.036394084,0.03091413,0.064173068,-0.03062361,0.0089593266,0.065454505,0.11546715,-0.3822153,0.43723022,0.056495178,0.027602117,0.63291139,171,16,14,16,True,0.008528194,28.2,62,50824.5,4.95
362,25500,"Harrisonburg, VA",acs_population_growth,171,159,12,7.0175439,0.0083527452,0.008528194,0.0030739983,0.0033854012,0.0054353145,0.010685193,0.012548231,0.0033854012,0.012548231,0.0052498784,0.0027560575,0,171,16,14,16,True,0.008528194,28.2,62,50824.5,4.95
362,25500,"Harrisonburg, VA",unemployment_rate,171,171,0,0,4.9795322,5,0.91971339,3.8,4,5.8,6.5,3.8,6.5,1.8,1,0,171,16,14,16,True,0.008528194,28.2,62,50824.5,4.95
362,25500,"Harrisonburg, VA",educational_attainment_pct,171,171,0,0,28.330994,28.3,1.6681545,25.2,27,29.7,31,25.2,31,2.7,1.3,0,171,16,14,16,True,0.008528194,28.2,62,50824.5,4.95
362,25500,"Harrisonburg, VA",median_household_income,171,171,0,0,53838.287,49385,7851.5916,45805,47222,59261,72145,45805,72145,12039,2879,0,171,16,14,16,True,0.008528194,28.2,62,50824.5,4.95
362,25500,"Harrisonburg, VA",labor_force_participation_pct,171,171,0,0,61.723977,62,0.93031208,60,61.1,62.4,63.1,60,63.1,1.3,0.4,0,171,16,14,16,True,0.008528194,28.2,62,50824.5,4.95
365,25620,"Hattiesburg, MS",startup_rate,110,110,0,0,6.417412,5.9553407,3.4223522,0,4.5382914,8.174568,11.990061,0,20,3.6362766,1.7469172,7.2727273,110,16,14,16,True,0.0066202091,27.85,62.35,44559,9.1
365,25620,"Hattiesburg, MS",employment_growth,110,89,21,19.090909,0.009717878,0.016783851,0.078260067,-0.075598728,-0.0091240876,0.036086608,0.084910799,-0.51704545,0.28380431,0.045210695,0.021031275,1.1235955,110,16,14,16,True,0.0066202091,27.85,62.35,44559,9.1
365,25620,"Hattiesburg, MS",establishment_growth,110,89,21,19.090909,0.0019980891,0.0079365079,0.042609222,-0.081578947,-0.017857143,0.029166667,0.06629108,-0.13513514,0.10714286,0.04702381,0.024781837,1.1235955,110,16,14,16,True,0.0066202091,27.85,62.35,44559,9.1
365,25620,"Hattiesburg, MS",payroll_growth,110,89,21,19.090909,0.042971406,0.045211772,0.083142654,-0.044176377,0.019478972,0.075987271,0.15093687,-0.52376642,0.22247333,0.056508299,0.027588688,0,110,16,14,16,True,0.0066202091,27.85,62.35,44559,9.1
365,25620,"Hattiesburg, MS",wage_growth,110,89,21,19.090909,0.033453159,0.029482798,0.042437639,-0.036271159,0.0092584088,0.054026017,0.10020696,-0.086206897,0.16475208,0.044767608,0.021296966,0,110,16,14,16,True,0.0066202091,27.85,62.35,44559,9.1
365,25620,"Hattiesburg, MS",acs_population_growth,110,101,9,8.1818182,0.0084414126,0.0066202091,0.048164962,-0.10227326,0.0024865397,0.016111638,0.13046488,-0.10227326,0.13046488,0.013625099,0.0056235486,0,110,16,14,16,True,0.0066202091,27.85,62.35,44559,9.1
365,25620,"Hattiesburg, MS",unemployment_rate,110,110,0,0,8.7727273,9,1.6126171,5.8,7.8,10,10.9,5.8,11.2,2.2,1.2,0,110,16,14,16,True,0.0066202091,27.85,62.35,44559,9.1
365,25620,"Hattiesburg, MS",educational_attainment_pct,110,110,0,0,27.985455,27.8,0.98715013,26.6,27.1,28.8,29.7,26.6,29.7,1.7,0.7,0,110,16,14,16,True,0.0066202091,27.85,62.35,44559,9.1
365,25620,"Hattiesburg, MS",median_household_income,110,110,0,0,45983.464,45546,5909.246,39273,41297,48231,59008,39273,59008,6934,4249,0,110,16,14,16,True,0.0066202091,27.85,62.35,44559,9.1
365,25620,"Hattiesburg, MS",labor_force_participation_pct,110,110,0,0,62.131818,62.3,0.84668071,60.6,61.3,62.7,63.4,60.6,63.4,1.4,0.6,0,110,16,14,16,True,0.0066202091,27.85,62.35,44559,9.1
368,25740,"Helena, MT",startup_rate,110,110,0,0,7.6209816,6.7707865,5.251801,2.9411765,5.0890695,9.3026316,13.38449,0,50,4.2135621,1.9930586,4.5454545,110,15,14,15,True,,40,62.8,74040,3.5
368,25740,"Helena, MT",employment_growth,110,90,20,18.181818,0.01120059,0.017188512,0.05952975,-0.07610436,-0.011178923,0.036480309,0.10744069,-0.19392523,0.19357885,0.047659232,0.025475341,0,110,15,14,15,True,,40,62.8,74040,3.5
368,25740,"Helena, MT",establishment_growth,110,90,20,18.181818,0.024347641,0.021090021,0.04410907,-0.038408552,0,0.041547483,0.094727819,-0.086021505,0.19285714,0.041547483,0.021090021,4.4444444,110,15,14,15,True,,40,62.8,74040,3.5
368,25740,"Helena, MT",payroll_growth,110,90,20,18.181818,0.057213389,0.053730155,0.078474097,-0.050091301,0.02201649,0.094685022,0.18530445,-0.17494497,0.32849786,0.072668531,0.037057314,0,110,15,14,15,True,,40,62.8,74040,3.5
368,25740,"Helena, MT",wage_growth,110,90,20,18.181818,0.045221154,0.036410098,0.038653526,-0.0012128736,0.018397583,0.073422911,0.11478729,-0.067897426,0.13289293,0.055025328,0.020139842,0,110,15,14,15,True,,40,62.8,74040,3.5
368,25740,"Helena, MT",acs_population_growth,110,0,110,100,,,,,,,,,,,,,110,15,14,15,True,,40,62.8,74040,3.5
368,25740,"Helena, MT",unemployment_rate,110,8,102,92.727273,3.5,3.5,0,3.5,3.5,3.5,3.5,3.5,3.5,0,0,0,110,15,14,15,True,,40,62.8,74040,3.5
368,25740,"Helena, MT",educational_attainment_pct,110,8,102,92.727273,40,40,0,40,40,40,40,40,40,0,0,0,110,15,14,15,True,,40,62.8,74040,3.5
368,25740,"Helena, MT",median_household_income,110,8,102,92.727273,74040,74040,0,74040,74040,74040,74040,74040,74040,0,0,0,110,15,14,15,True,,40,62.8,74040,3.5
368,25740,"Helena, MT",labor_force_participation_pct,110,8,102,92.727273,62.8,62.8,0,62.8,62.8,62.8,62.8,62.8,62.8,0,0,0,110,15,14,15,True,,40,62.8,74040,3.5
375,25860,"Hickory-Lenoir-Morganton, NC",startup_rate,152,152,0,0,5.8274992,5.5555556,2.6570281,2.0484761,3.9654661,7.4686416,10.793497,0,15.048544,3.5031755,1.7363697,2.6315789,152,17,14,17,True,0.0018355592,17.95,59.35,42926,8.55
375,25860,"Hickory-Lenoir-Morganton, NC",employment_growth,152,128,24,15.789474,0.014200044,0.015088093,0.058736412,-0.078458315,-0.0057875397,0.035893207,0.087301123,-0.22869023,0.27118644,0.041680747,0.021318177,0.78125,152,17,14,17,True,0.0018355592,17.95,59.35,42926,8.55
375,25860,"Hickory-Lenoir-Morganton, NC",establishment_growth,152,128,24,15.789474,0.016587067,0.010205144,0.039126908,-0.030082696,-0.0093716315,0.032483748,0.080364898,-0.090666667,0.17391304,0.041855379,0.02039334,2.34375,152,17,14,17,True,0.0018355592,17.95,59.35,42926,8.55
375,25860,"Hickory-Lenoir-Morganton, NC",payroll_growth,152,128,24,15.789474,0.053613292,0.048165986,0.074478876,-0.049206874,0.017137921,0.089564131,0.14532052,-0.13279553,0.54334693,0.07242621,0.032330205,0,152,17,14,17,True,0.0018355592,17.95,59.35,42926,8.55
375,25860,"Hickory-Lenoir-Morganton, NC",wage_growth,152,128,24,15.789474,0.039317951,0.032107006,0.048574336,-0.018772255,0.011408439,0.060838349,0.11813128,-0.10330077,0.26957997,0.04942991,0.023094265,0,152,17,14,17,True,0.0018355592,17.95,59.35,42926,8.55
375,25860,"Hickory-Lenoir-Morganton, NC",acs_population_growth,152,139,13,8.5526316,0.00093879588,0.0018355592,0.0032704122,-0.0084379127,-7.6811447e-05,0.0035562537,0.0038658266,-0.0084379127,0.0038658266,0.0036330652,0.0017217031,0,152,17,14,17,True,0.0018355592,17.95,59.35,42926,8.55
375,25860,"Hickory-Lenoir-Morganton, NC",unemployment_rate,152,152,0,0,8.3875,8.55,2.3792512,4.6,6.2,10.3,12.2,4.6,12.2,4.1,2.2,0,152,17,14,17,True,0.0018355592,17.95,59.35,42926,8.55
375,25860,"Hickory-Lenoir-Morganton, NC",educational_attainment_pct,152,152,0,0,18.253947,17.95,1.5931094,15.9,17,18.9,21.4,15.9,21.4,1.9,0.95,0,152,17,14,17,True,0.0018355592,17.95,59.35,42926,8.55
375,25860,"Hickory-Lenoir-Morganton, NC",median_household_income,152,152,0,0,46017.526,42926,6727.9589,40129,40474,49706,60255,40129,60255,9232,2688.5,0,152,17,14,17,True,0.0018355592,17.95,59.35,42926,8.55
375,25860,"Hickory-Lenoir-Morganton, NC",labor_force_participation_pct,152,152,0,0,59.967105,59.4,1.134164,59,59.2,60.5,62.5,59,62.5,1.3,0.3,0,152,17,14,17,True,0.0018355592,17.95,59.35,42926,8.55
378,25940,"Hilton Head Island-Bluffton-Port Royal, SC",startup_rate,198,198,0,0,7.4836749,7.2771958,3.386752,0,5.6404465,9.1958822,12.450948,0,23.076923,3.5554358,1.7991098,5.5555556,198,18,14,18,True,0.019545787,37.3,56.9,60087,6.3
378,25940,"Hilton Head Island-Bluffton-Port Royal, SC",employment_growth,198,181,17,8.5858586,0.0186907,0.027777778,0.064922431,-0.082061069,-0.006801645,0.052067183,0.09729064,-0.40103493,0.22451193,0.058868829,0.0302427,0,198,18,14,18,True,0.019545787,37.3,56.9,60087,6.3
378,25940,"Hilton Head Island-Bluffton-Port Royal, SC",establishment_growth,198,181,17,8.5858586,0.040324514,0.037037037,0.045671514,-0.039408867,0.011299435,0.063793103,0.11904762,-0.073071719,0.21428571,0.052493668,0.026398739,3.3149171,198,18,14,18,True,0.019545787,37.3,56.9,60087,6.3
378,25940,"Hilton Head Island-Bluffton-Port Royal, SC",payroll_growth,198,181,17,8.5858586,0.065387862,0.061088422,0.088764809,-0.060859627,0.031936822,0.1028912,0.20167268,-0.58238814,0.30330539,0.07095438,0.034968237,0,198,18,14,18,True,0.019545787,37.3,56.9,60087,6.3
378,25940,"Hilton Head Island-Bluffton-Port Royal, SC",wage_growth,198,181,17,8.5858586,0.045614649,0.040313265,0.062886298,-0.020254522,0.016431513,0.060192762,0.14635484,-0.30278893,0.44777838,0.043761249,0.023594509,0,198,18,14,18,True,0.019545787,37.3,56.9,60087,6.3
378,25940,"Hilton Head Island-Bluffton-Port Royal, SC",acs_population_growth,198,142,56,28.282828,0.015179206,0.019522687,0.013518954,-0.022436044,0.018265701,0.021130655,0.022897524,-0.022436044,0.022897524,0.0028649541,0.0012569858,0,198,18,14,18,True,0.019545787,37.3,56.9,60087,6.3
378,25940,"Hilton Head Island-Bluffton-Port Royal, SC",unemployment_rate,198,156,42,21.212121,6.0141026,6.3,1.9073525,3.3,4.4,7.9,9.2,3.3,9.2,3.5,1.6,0,198,18,14,18,True,0.019545787,37.3,56.9,60087,6.3
378,25940,"Hilton Head Island-Bluffton-Port Royal, SC",educational_attainment_pct,198,156,42,21.212121,37.845513,37.3,2.4734811,34.3,35.8,39.9,42.2,34.3,42.2,4.1,2,0,198,18,14,18,True,0.019545787,37.3,56.9,60087,6.3
378,25940,"Hilton Head Island-Bluffton-Port Royal, SC",median_household_income,198,156,42,21.212121,63820.968,60087,9420.5851,53631,54246,70369,81015,53631,81015,16123,6224,0,198,18,14,18,True,0.019545787,37.3,56.9,60087,6.3
378,25940,"Hilton Head Island-Bluffton-Port Royal, SC",labor_force_participation_pct,198,156,42,21.212121,57.25,56.9,1.7491196,55.1,55.6,58.9,60.2,55.1,60.2,3.3,1.6,0,198,18,14,18,True,0.019545787,37.3,56.9,60087,6.3
379,25980,"Hinesville, GA",startup_rate,50,50,0,0,7.5012603,7.2266685,3.6702833,2.4395604,5.2771557,9.5913978,13.608871,0,18.867925,4.3142422,2.2787079,2,50,8,13,8,False,0.0099994504,18.1,66.3,44316,10.8
379,25980,"Hinesville, GA",employment_growth,50,39,11,22,-0.014836051,0.0024937656,0.096694826,-0.1985376,-0.052271942,0.042696052,0.10535772,-0.21554252,0.20601852,0.094967995,0.050752472,0,50,8,13,8,False,0.0099994504,18.1,66.3,44316,10.8
379,25980,"Hinesville, GA",establishment_growth,50,39,11,22,0.017284368,0.019230769,0.048369537,-0.078054299,0.0055248619,0.039920949,0.079230769,-0.13592233,0.125,0.034396087,0.019230769,2.5641026,50,8,13,8,False,0.0099994504,18.1,66.3,44316,10.8
379,25980,"Hinesville, GA",payroll_growth,50,39,11,22,0.021598724,0.043647351,0.15637504,-0.27896756,-0.021490226,0.089180436,0.17659983,-0.32836964,0.6156589,0.11067066,0.053143098,0,50,8,13,8,False,0.0099994504,18.1,66.3,44316,10.8
379,25980,"Hinesville, GA",wage_growth,50,39,11,22,0.034720504,0.02793721,0.10560487,-0.10146555,0.0028205371,0.054159852,0.11384338,-0.14382101,0.57210444,0.051339315,0.029369566,0,50,8,13,8,False,0.0099994504,18.1,66.3,44316,10.8
379,25980,"Hinesville, GA",acs_population_growth,50,47,3,6,0.011177535,0.013792924,0.0089069726,-0.0066810212,0.0035885317,0.015417099,0.024091119,-0.0066810212,0.024091119,0.011828567,0.0062982415,0,50,8,13,8,False,0.0099994504,18.1,66.3,44316,10.8
379,25980,"Hinesville, GA",unemployment_rate,50,50,0,0,10.88,10.4,2.3378867,7.5,9.1,13.5,14,7.5,14,4.4,2.2,0,50,8,13,8,False,0.0099994504,18.1,66.3,44316,10.8
379,25980,"Hinesville, GA",educational_attainment_pct,50,50,0,0,17.718,18.1,1.187295,15.37,16.775,18.6,19,15.1,19,1.825,0.5,0,50,8,13,8,False,0.0099994504,18.1,66.3,44316,10.8
379,25980,"Hinesville, GA",median_household_income,50,50,0,0,48258.8,44133,5874.4125,42868.35,43722,50966,60329,42489,60329,7244,1644,0,50,8,13,8,False,0.0099994504,18.1,66.3,44316,10.8
379,25980,"Hinesville, GA",labor_force_participation_pct,50,50,0,0,66.618,67.1,1.4605967,64.5,65.5,67.95,68.71,64.5,68.8,2.45,1.5,0,50,8,13,8,False,0.0099994504,18.1,66.3,44316,10.8
382,26140,"Homosassa Springs, FL",startup_rate,221,221,0,0,7.1235489,7.3717949,5.5972209,0,3.7735849,10.067114,16.129032,0,36.842105,6.2935292,3.1254427,22.624434,221,19,14,19,True,0.013337272,17.8,40.2,41424,8.6
382,26140,"Homosassa Springs, FL",employment_growth,221,205,16,7.239819,0.015635294,0.0052364865,0.13010016,-0.12048527,-0.037727667,0.056206089,0.14846342,-0.46341463,1.1025641,0.093933756,0.049844235,0.97560976,221,19,14,19,True,0.013337272,17.8,40.2,41424,8.6
382,26140,"Homosassa Springs, FL",establishment_growth,221,205,16,7.239819,0.021571955,0.014869888,0.096070869,-0.11111111,-0.014652015,0.051612903,0.14857143,-0.33333333,0.5,0.066264918,0.033737813,6.8292683,221,19,14,19,True,0.013337272,17.8,40.2,41424,8.6
382,26140,"Homosassa Springs, FL",payroll_growth,221,205,16,7.239819,0.12483514,0.050622465,1.0490468,-0.16329145,-0.015820301,0.1222085,0.23179545,-0.39858788,14.933861,0.1380288,0.067914974,0,221,19,14,19,True,0.013337272,17.8,40.2,41424,8.6
382,26140,"Homosassa Springs, FL",wage_growth,221,205,16,7.239819,0.073148437,0.03720896,0.46427852,-0.069378349,0.004442519,0.068251739,0.15443198,-0.20226768,6.5782947,0.06380922,0.032766441,0,221,19,14,19,True,0.013337272,17.8,40.2,41424,8.6
382,26140,"Homosassa Springs, FL",acs_population_growth,221,160,61,27.60181,0.01242655,0.013337272,0.0096330538,-0.0031594563,0.0057212826,0.021627778,0.026700374,-0.0031594563,0.026700374,0.015906496,0.0076159893,0,221,19,14,19,True,0.013337272,17.8,40.2,41424,8.6
382,26140,"Homosassa Springs, FL",unemployment_rate,221,177,44,19.909502,10.111864,8.6,2.9714217,6.8,7.9,13.1,15.8,6.8,15.8,5.2,1.4,0,221,19,14,19,True,0.013337272,17.8,40.2,41424,8.6
382,26140,"Homosassa Springs, FL",educational_attainment_pct,221,177,44,19.909502,18.156497,17.8,1.1722527,16.6,16.9,18.9,20.4,16.6,20.4,2,1,0,221,19,14,19,True,0.013337272,17.8,40.2,41424,8.6
382,26140,"Homosassa Springs, FL",median_household_income,221,177,44,19.909502,43683.684,41424,5500.2274,38109,39054,45689,55355,38109,55355,6635,3112,0,221,19,14,19,True,0.013337272,17.8,40.2,41424,8.6
382,26140,"Homosassa Springs, FL",labor_force_participation_pct,221,177,44,19.909502,40.653107,40.2,1.0038018,39.4,40,41.2,42.8,39.4,42.8,1.2,0.7,0,221,19,14,19,True,0.013337272,17.8,40.2,41424,8.6
384,26300,"Hot Springs, AR",startup_rate,213,213,0,0,5.6137037,5.8510638,4.010478,0,3.2258065,8.1632653,12.730594,0,19.148936,4.9374589,2.5210292,21.596244,213,19,14,19,True,0.0030961361,20.95,54.7,40841.5,8.4
384,26300,"Hot Springs, AR",employment_growth,213,197,16,7.5117371,-0.00017879331,0.0080994538,0.09123054,-0.15207373,-0.028776978,0.030463576,0.11954346,-0.50381679,0.53896104,0.059240555,0.031908978,2.5380711,213,19,14,19,True,0.0030961361,20.95,54.7,40841.5,8.4
384,26300,"Hot Springs, AR",establishment_growth,213,197,16,7.5117371,0.00022167646,0,0.050917928,-0.079411765,-0.024752475,0.025936599,0.079824561,-0.15384615,0.27272727,0.050689075,0.025936599,10.659898,213,19,14,19,True,0.0030961361,20.95,54.7,40841.5,8.4
384,26300,"Hot Springs, AR",payroll_growth,213,197,16,7.5117371,0.035586438,0.033427908,0.11489492,-0.11098175,-0.000354837,0.074938071,0.1791993,-0.62152975,0.88165859,0.075292908,0.037892585,0,213,19,14,19,True,0.0030961361,20.95,54.7,40841.5,8.4
384,26300,"Hot Springs, AR",wage_growth,213,197,16,7.5117371,0.03552788,0.033750836,0.062196656,-0.063912584,0.0088697796,0.063117871,0.14209097,-0.23722869,0.22268208,0.054248091,0.026976021,0,213,19,14,19,True,0.0030961361,20.95,54.7,40841.5,8.4
384,26300,"Hot Springs, AR",acs_population_growth,213,197,16,7.5117371,0.0037413076,0.0030961361,0.0023114095,0.00040991392,0.0026348987,0.0049515499,0.0090095656,0.00040991392,0.0090095656,0.0023166512,0.0013942981,0,213,19,14,19,True,0.0030961361,20.95,54.7,40841.5,8.4
384,26300,"Hot Springs, AR",unemployment_rate,213,213,0,0,7.8821596,8.8,1.6194749,5.5,6.2,9.2,10,5.5,10,3,1.2,0,213,19,14,19,True,0.0030961361,20.95,54.7,40841.5,8.4
384,26300,"Hot Springs, AR",educational_attainment_pct,213,213,0,0,21.79108,20.9,1.9310681,20.1,20.4,22.8,26.2,20.1,26.2,2.4,0.7,0,213,19,14,19,True,0.0030961361,20.95,54.7,40841.5,8.4
384,26300,"Hot Springs, AR",median_household_income,213,213,0,0,43466.676,40011,6009.346,36844,38733,48150,55409,36844,55409,9417,1801,0,213,19,14,19,True,0.0030961361,20.95,54.7,40841.5,8.4
384,26300,"Hot Springs, AR",labor_force_participation_pct,213,213,0,0,54.562441,54.8,0.64792678,53.3,53.9,55.2,55.4,53.3,55.4,1.3,0.5,0,213,19,14,19,True,0.0030961361,20.95,54.7,40841.5,8.4
386,26380,"Houma-Bayou Cane-Thibodaux, LA",startup_rate,234,234,0,0,4.7247055,4.3302473,3.5913659,0,2.8289608,6.3486623,11.03031,0,31.818182,3.5197015,1.6855346,14.957265,234,19,14,19,True,0.0018596972,15.25,59.25,50274,6.3
386,26380,"Houma-Bayou Cane-Thibodaux, LA",employment_growth,234,216,18,7.6923077,0.0007746076,0.0035777641,0.095880622,-0.14301871,-0.034746865,0.042996992,0.12205432,-0.71539872,0.54782609,0.077743856,0.038724135,0.46296296,234,19,14,19,True,0.0018596972,15.25,59.25,50274,6.3
386,26380,"Houma-Bayou Cane-Thibodaux, LA",establishment_growth,234,216,18,7.6923077,0.0023086704,0,0.04214026,-0.066358681,-0.021104194,0.027040096,0.074786325,-0.14044944,0.14893617,0.04814429,0.023373762,6.4814815,234,19,14,19,True,0.0018596972,15.25,59.25,50274,6.3
386,26380,"Houma-Bayou Cane-Thibodaux, LA",payroll_growth,234,216,18,7.6923077,0.02774173,0.034181996,0.1258564,-0.16361622,-0.022070746,0.083134315,0.20002879,-0.76704106,0.59443939,0.10520506,0.053955067,0,234,19,14,19,True,0.0018596972,15.25,59.25,50274,6.3
386,26380,"Houma-Bayou Cane-Thibodaux, LA",wage_growth,234,216,18,7.6923077,0.025337664,0.026097173,0.064903919,-0.068622271,0.00054440361,0.057348877,0.10585436,-0.29298515,0.41202435,0.056804474,0.028783788,0,234,19,14,19,True,0.0018596972,15.25,59.25,50274,6.3
386,26380,"Houma-Bayou Cane-Thibodaux, LA",acs_population_growth,234,216,18,7.6923077,-0.0007693514,0.0018596972,0.0048895444,-0.0099474966,-0.0042110372,0.0034038368,0.004134412,-0.0099474966,0.004134412,0.007614874,0.0022747147,0,234,19,14,19,True,0.0018596972,15.25,59.25,50274,6.3
386,26380,"Houma-Bayou Cane-Thibodaux, LA",unemployment_rate,234,234,0,0,6.1602564,6.3,0.56241503,5.1,6.1,6.5,6.9,5.1,6.9,0.4,0.2,0,234,19,14,19,True,0.0018596972,15.25,59.25,50274,6.3
386,26380,"Houma-Bayou Cane-Thibodaux, LA",educational_attainment_pct,234,234,0,0,15.493162,15.2,1.5270228,13.9,14.1,16.3,19,13.9,19,2.2,1.1,0,234,19,14,19,True,0.0018596972,15.25,59.25,50274,6.3
386,26380,"Houma-Bayou Cane-Thibodaux, LA",median_household_income,234,234,0,0,52574.859,50250,4931.7649,48058,50013,53267,64269,48058,64269,3254,808,0,234,19,14,19,True,0.0018596972,15.25,59.25,50274,6.3
386,26380,"Houma-Bayou Cane-Thibodaux, LA",labor_force_participation_pct,234,234,0,0,59.50812,59.7,1.1145441,58,58.5,60.5,61.3,58,61.3,2,1,0,234,19,14,19,True,0.0018596972,15.25,59.25,50274,6.3
387,26420,"Houston-Pasadena-The Woodlands, TX",startup_rate,123,123,0,0,9.4784358,9.475621,2.6412991,5.7244723,7.642055,10.924606,14.081721,4.4117647,18.181818,3.2825511,1.7188756,0,123,16,14,16,True,0.021419006,31.6,66.95,61912,6.35
387,26420,"Houston-Pasadena-The Woodlands, TX",employment_growth,123,100,23,18.699187,0.018735541,0.023072396,0.03755236,-0.057733699,0.0023583942,0.037295598,0.068636723,-0.10265745,0.10612199,0.034937204,0.01710932,1,123,16,14,16,True,0.021419006,31.6,66.95,61912,6.35
387,26420,"Houston-Pasadena-The Woodlands, TX",establishment_growth,123,100,23,18.699187,0.019440206,0.019354299,0.02399979,-0.0070275803,0.0098308013,0.03191668,0.051381592,-0.13787515,0.08793208,0.022085879,0.010189477,0,123,16,14,16,True,0.021419006,31.6,66.95,61912,6.35
387,26420,"Houston-Pasadena-The Woodlands, TX",payroll_growth,123,100,23,18.699187,0.055896062,0.058325452,0.052144711,-0.04064821,0.030087716,0.093433265,0.12766992,-0.091917801,0.17083702,0.063345549,0.029428137,0,123,16,14,16,True,0.021419006,31.6,66.95,61912,6.35
387,26420,"Houston-Pasadena-The Woodlands, TX",wage_growth,123,100,23,18.699187,0.036253924,0.034702625,0.026589784,-0.0044405409,0.020252266,0.050608935,0.084793022,-0.031022757,0.098299769,0.030356669,0.015663561,0,123,16,14,16,True,0.021419006,31.6,66.95,61912,6.35
387,26420,"Houston-Pasadena-The Woodlands, TX",acs_population_growth,123,116,7,5.6910569,0.018557436,0.021419006,0.0045074827,0.0099347915,0.013868839,0.022332109,0.023696694,0.0099347915,0.023696694,0.0084632702,0.002277688,0,123,16,14,16,True,0.021419006,31.6,66.95,61912,6.35
387,26420,"Houston-Pasadena-The Woodlands, TX",unemployment_rate,123,123,0,0,6.5650407,6.1,0.80296415,5.6,6,7.2,8.1,5.6,8.1,1.2,0.5,0,123,16,14,16,True,0.021419006,31.6,66.95,61912,6.35
387,26420,"Houston-Pasadena-The Woodlands, TX",educational_attainment_pct,123,123,0,0,31.807317,31.9,2.2383092,28.43,29.7,33.6,35.35,28.4,35.4,3.9,1.9,0,123,16,14,16,True,0.021419006,31.6,66.95,61912,6.35
387,26420,"Houston-Pasadena-The Woodlands, TX",median_household_income,123,123,0,0,65059.919,62922,7736.3541,55373.9,58200.5,69328,80218.3,55207,80458,11127.5,5210,0,123,16,14,16,True,0.021419006,31.6,66.95,61912,6.35
387,26420,"Houston-Pasadena-The Woodlands, TX",labor_force_participation_pct,123,123,0,0,67.074797,66.8,0.58877387,66.4,66.6,67.55,68.19,66.4,68.2,0.95,0.4,0,123,16,14,16,True,0.021419006,31.6,66.95,61912,6.35
391,26580,"Huntington-Ashland, WV-KY-OH",startup_rate,74,74,0,0,4.7196107,4.542992,1.7289065,2.502905,3.4956761,5.9629187,7.4611364,1.0204082,8.7145969,2.4672426,1.2899755,0,74,10,14,10,False,-0.00064427867,19.5,53.15,43807,6.8
391,26580,"Huntington-Ashland, WV-KY-OH",employment_growth,74,58,16,21.621622,-0.0053938423,-0.005579886,0.041726755,-0.058186279,-0.029331251,0.018836247,0.048921481,-0.18023256,0.11292719,0.048167498,0.025110834,0,74,10,14,10,False,-0.00064427867,19.5,53.15,43807,6.8
391,26580,"Huntington-Ashland, WV-KY-OH",establishment_growth,74,58,16,21.621622,0.0052494113,0.0017726898,0.026376665,-0.031545889,-0.014149284,0.022498004,0.046312233,-0.043824701,0.09561753,0.036647288,0.018031071,0,74,10,14,10,False,-0.00064427867,19.5,53.15,43807,6.8
391,26580,"Huntington-Ashland, WV-KY-OH",payroll_growth,74,58,16,21.621622,0.026827764,0.02302327,0.068153069,-0.064821008,0.0013562513,0.04827009,0.13272097,-0.23169381,0.2454941,0.046913839,0.022860361,0,74,10,14,10,False,-0.00064427867,19.5,53.15,43807,6.8
391,26580,"Huntington-Ashland, WV-KY-OH",wage_growth,74,58,16,21.621622,0.031816983,0.022475772,0.040722641,-0.0052555901,0.0099425725,0.045969542,0.087146019,-0.062783918,0.19447992,0.036026969,0.018566783,0,74,10,14,10,False,-0.00064427867,19.5,53.15,43807,6.8
391,26580,"Huntington-Ashland, WV-KY-OH",acs_population_growth,74,69,5,6.7567568,0.019928401,-0.00064427867,0.070988155,-0.0065695516,-0.005394984,0.0047179128,0.26986708,-0.0065695516,0.26986708,0.010112897,0.0047507053,0,74,10,14,10,False,-0.00064427867,19.5,53.15,43807,6.8
391,26580,"Huntington-Ashland, WV-KY-OH",unemployment_rate,74,74,0,0,6.8810811,7,1.1936677,5.3,5.7,7.9,8.5,4.9,8.5,2.2,1.3,0,74,10,14,10,False,-0.00064427867,19.5,53.15,43807,6.8
391,26580,"Huntington-Ashland, WV-KY-OH",educational_attainment_pct,74,74,0,0,19.616216,19.4,1.7118465,16.9,18.6,20.1,23.1,16.9,23.1,1.5,0.8,0,74,10,14,10,False,-0.00064427867,19.5,53.15,43807,6.8
391,26580,"Huntington-Ashland, WV-KY-OH",median_household_income,74,74,0,0,44385.676,43299,5707.6455,36607,41743,45441,55964,36607,58483,3698,2142,0,74,10,14,10,False,-0.00064427867,19.5,53.15,43807,6.8
391,26580,"Huntington-Ashland, WV-KY-OH",labor_force_participation_pct,74,74,0,0,52.959459,53,0.64847955,51.6,52.525,53.45,54,51.6,54,0.925,0.5,0,74,10,14,10,False,-0.00064427867,19.5,53.15,43807,6.8
392,26620,"Huntsville, AL",startup_rate,203,203,0,0,6.8002803,6.3981043,3.1793851,2.543733,4.7667253,8.7913267,12.147264,0,17.098446,4.0246015,1.9576909,3.9408867,203,16,14,16,True,0.015716289,37.2,63.5,58833.5,7
392,26620,"Huntsville, AL",employment_growth,203,187,16,7.8817734,0.022797872,0.016823355,0.065311134,-0.066288084,-0.0055478734,0.043066202,0.12313533,-0.23712693,0.36717663,0.048614075,0.023822512,0,203,16,14,16,True,0.015716289,37.2,63.5,58833.5,7
392,26620,"Huntsville, AL",establishment_growth,203,187,16,7.8817734,0.037454404,0.028350515,0.056267952,-0.02515873,0.0089241019,0.057398466,0.10831742,-0.06741573,0.48571429,0.048474364,0.024226804,1.6042781,203,16,14,16,True,0.015716289,37.2,63.5,58833.5,7
392,26620,"Huntsville, AL",payroll_growth,203,187,16,7.8817734,0.058066885,0.049016193,0.077591931,-0.028163391,0.020731072,0.086540537,0.20669967,-0.23480127,0.46286118,0.065809465,0.030816025,0,203,16,14,16,True,0.015716289,37.2,63.5,58833.5,7
392,26620,"Huntsville, AL",wage_growth,203,187,16,7.8817734,0.034749162,0.0324335,0.043248292,-0.036156572,0.011559353,0.057857823,0.11519884,-0.11274835,0.17677512,0.046298469,0.022973561,0,203,16,14,16,True,0.015716289,37.2,63.5,58833.5,7
392,26620,"Huntsville, AL",acs_population_growth,203,188,15,7.3891626,0.017761429,0.015716289,0.0077177164,0.010626264,0.012820628,0.021337137,0.04037606,0.010626264,0.04037606,0.0085165091,0.0042583214,0,203,16,14,16,True,0.015716289,37.2,63.5,58833.5,7
392,26620,"Huntsville, AL",unemployment_rate,203,203,0,0,6.844335,6.6,2.0762459,3.8,4.6,8.7,9.9,3.8,9.9,4.1,2,0,203,16,14,16,True,0.015716289,37.2,63.5,58833.5,7
392,26620,"Huntsville, AL",educational_attainment_pct,203,203,0,0,37.581281,37.3,2.7563149,34.1,35.2,39.8,42.4,34.1,42.4,4.6,2.1,0,203,16,14,16,True,0.015716289,37.2,63.5,58833.5,7
392,26620,"Huntsville, AL",median_household_income,203,203,0,0,62569.897,59583,9000.6742,53870,55774,66450,83529,53870,83529,10676,3969,0,203,16,14,16,True,0.015716289,37.2,63.5,58833.5,7
392,26620,"Huntsville, AL",labor_force_participation_pct,203,203,0,0,63.9,63.5,1.076941,62.7,63.1,65.1,65.9,62.7,65.9,2,0.5,0,203,16,14,16,True,0.015716289,37.2,63.5,58833.5,7
397,26820,"Idaho Falls, ID",startup_rate,87,87,0,0,7.5031348,7.6530612,3.0403501,2.5900525,5.3830921,9.4847069,11.915479,0,16.207951,4.1016148,2.0602201,2.2988506,87,14,14,14,False,0.018823456,26.85,65.05,53801,4.45
397,26820,"Idaho Falls, ID",employment_growth,87,67,20,22.988506,0.024723955,0.028371278,0.046308866,-0.051100306,-0.00012656482,0.054327014,0.082113066,-0.13963821,0.17677112,0.054453579,0.027204962,0,87,14,14,14,False,0.018823456,26.85,65.05,53801,4.45
397,26820,"Idaho Falls, ID",establishment_growth,87,67,20,22.988506,0.019887116,0.021276596,0.049136419,-0.053179037,-0.013649425,0.050426837,0.10087649,-0.10510046,0.13636364,0.064076263,0.03268344,4.4776119,87,14,14,14,False,0.018823456,26.85,65.05,53801,4.45
397,26820,"Idaho Falls, ID",payroll_growth,87,67,20,22.988506,0.061911293,0.062972094,0.067484519,-0.014202226,0.023298274,0.096812556,0.1683645,-0.17709649,0.26871961,0.073514281,0.039014283,0,87,14,14,14,False,0.018823456,26.85,65.05,53801,4.45
397,26820,"Idaho Falls, ID",wage_growth,87,67,20,22.988506,0.035923391,0.032594,0.03684116,-0.014993412,0.0096381185,0.053773041,0.099650138,-0.050041659,0.15479636,0.044134923,0.022563832,0,87,14,14,14,False,0.018823456,26.85,65.05,53801,4.45
397,26820,"Idaho Falls, ID",acs_population_growth,87,81,6,6.8965517,0.020268739,0.018823456,0.0096374154,0.0086434362,0.01052225,0.023866406,0.040050803,0.0086434362,0.040050803,0.013344155,0.0051280597,0,87,14,14,14,False,0.018823456,26.85,65.05,53801,4.45
397,26820,"Idaho Falls, ID",unemployment_rate,87,87,0,0,4.9793103,4.8,1.0854361,3.63,4,6.2,6.7,3.6,6.7,2.2,0.9,0,87,14,14,14,False,0.018823456,26.85,65.05,53801,4.45
397,26820,"Idaho Falls, ID",educational_attainment_pct,87,87,0,0,27.216092,26.2,2.21117,24.6,25.25,29.7,30.81,24.6,30.9,4.45,1.3,0,87,14,14,14,False,0.018823456,26.85,65.05,53801,4.45
397,26820,"Idaho Falls, ID",median_household_income,87,87,0,0,57095.632,52939,8135.4814,50621,50987,61442,76111.1,50621,77300,10455,2172,0,87,14,14,14,False,0.018823456,26.85,65.05,53801,4.45
397,26820,"Idaho Falls, ID",labor_force_participation_pct,87,87,0,0,65.287356,64.9,1.3088078,63.6,64.3,65.8,67.8,63.6,67.8,1.5,0.6,0,87,14,14,14,False,0.018823456,26.85,65.05,53801,4.45
399,26900,"Indianapolis-Carmel-Greenwood, IN",startup_rate,101,101,0,0,7.4061532,7.6363636,2.0991052,3.793329,5.7841383,8.5979861,10.396717,2.9450262,12.728279,2.8138477,1.2755024,0,101,13,14,13,True,0.010292731,32.65,67.4,55394.5,6.5
399,26900,"Indianapolis-Carmel-Greenwood, IN",employment_growth,101,76,25,24.752475,0.017016717,0.019129917,0.03775686,-0.046436671,0.0028703444,0.034286422,0.077278878,-0.10930807,0.17286096,0.031416078,0.015357333,0,101,13,14,13,True,0.010292731,32.65,67.4,55394.5,6.5
399,26900,"Indianapolis-Carmel-Greenwood, IN",establishment_growth,101,76,25,24.752475,0.015995796,0.01082498,0.025755167,-0.013594701,-0.00039794836,0.029647762,0.051046908,-0.028469751,0.15478972,0.03004571,0.014447864,1.3157895,101,13,14,13,True,0.010292731,32.65,67.4,55394.5,6.5
399,26900,"Indianapolis-Carmel-Greenwood, IN",payroll_growth,101,76,25,24.752475,0.051350836,0.048884753,0.045327282,-0.012095938,0.02771369,0.075503388,0.12943603,-0.057825506,0.20570539,0.047789697,0.02515311,0,101,13,14,13,True,0.010292731,32.65,67.4,55394.5,6.5
399,26900,"Indianapolis-Carmel-Greenwood, IN",wage_growth,101,76,25,24.752475,0.033956448,0.033099053,0.02998046,-0.0046476353,0.018211725,0.043631745,0.091721586,-0.05819792,0.15790314,0.02542002,0.013664818,0,101,13,14,13,True,0.010292731,32.65,67.4,55394.5,6.5
399,26900,"Indianapolis-Carmel-Greenwood, IN",acs_population_growth,101,94,7,6.9306931,0.014492637,0.010216731,0.019413089,-0.0017204142,0.0092834102,0.010946467,0.086376166,-0.0017204142,0.086376166,0.0016630569,0.00093332123,0,101,13,14,13,True,0.010292731,32.65,67.4,55394.5,6.5
399,26900,"Indianapolis-Carmel-Greenwood, IN",unemployment_rate,101,101,0,0,6.3574257,6.1,1.8505862,4.1,4.5,7.9,9.4,4.1,9.4,3.4,1.7,0,101,13,14,13,True,0.010292731,32.65,67.4,55394.5,6.5
399,26900,"Indianapolis-Carmel-Greenwood, IN",educational_attainment_pct,101,101,0,0,33.475248,33.1,2.5415903,30.3,30.8,35.6,37.8,30.3,37.8,4.8,2.3,0,101,13,14,13,True,0.010292731,32.65,67.4,55394.5,6.5
399,26900,"Indianapolis-Carmel-Greenwood, IN",median_household_income,101,101,0,0,60050.119,56528,8423.8765,52147,53085,63545,77065,52147,77065,10460,4094,0,101,13,14,13,True,0.010292731,32.65,67.4,55394.5,6.5
399,26900,"Indianapolis-Carmel-Greenwood, IN",labor_force_participation_pct,101,101,0,0,67.707921,67.4,0.6579792,67.2,67.3,67.8,69.3,67.2,69.3,0.5,0.1,0,101,13,14,13,True,0.010292731,32.65,67.4,55394.5,6.5
400,26980,"Iowa City, IA",startup_rate,186,186,0,0,6.0363022,5.6162383,3.1544335,0,4.0906363,7.8963764,11.730506,0,15.517241,3.8057401,1.8875154,6.9892473,186,15,14,15,True,0.015112367,47.75,71.1,58309.5,3.6
400,26980,"Iowa City, IA",employment_growth,186,172,14,7.5268817,0.013597693,0.013588094,0.11701185,-0.089883253,-0.016747667,0.042347792,0.10723252,-0.69143357,0.78571429,0.059095459,0.030256989,0.58139535,186,15,14,15,True,0.015112367,47.75,71.1,58309.5,3.6
400,26980,"Iowa City, IA",establishment_growth,186,172,14,7.5268817,0.036364843,0.025978408,0.061870724,-0.032496034,0.002071662,0.061189993,0.12589862,-0.07249467,0.33333333,0.059118331,0.026255708,1.744186,186,15,14,15,True,0.015112367,47.75,71.1,58309.5,3.6
400,26980,"Iowa City, IA",payroll_growth,186,172,14,7.5268817,0.05410771,0.050521797,0.12965405,-0.060798821,0.017513409,0.082717909,0.17614686,-0.73270745,0.89059651,0.0652045,0.032630751,0,186,15,14,15,True,0.015112367,47.75,71.1,58309.5,3.6
400,26980,"Iowa City, IA",wage_growth,186,172,14,7.5268817,0.039507637,0.035923348,0.046517736,-0.028062541,0.020592482,0.056863017,0.10511966,-0.13375141,0.24627152,0.036270534,0.017826446,0,186,15,14,15,True,0.015112367,47.75,71.1,58309.5,3.6
400,26980,"Iowa City, IA",acs_population_growth,186,176,10,5.3763441,0.013767844,0.015112367,0.0035416001,0.0083218154,0.0090632834,0.016524933,0.018220546,0.0083218154,0.018220546,0.0074616496,0.0019764437,0,186,15,14,15,True,0.015112367,47.75,71.1,58309.5,3.6
400,26980,"Iowa City, IA",unemployment_rate,186,186,0,0,3.7349462,3.6,0.38486817,3.3,3.4,4.3,4.4,3.3,4.4,0.9,0.2,0,186,15,14,15,True,0.015112367,47.75,71.1,58309.5,3.6
400,26980,"Iowa City, IA",educational_attainment_pct,186,186,0,0,47.803763,47.9,1.6026117,45.4,46.2,49.7,50.3,45.4,50.3,3.5,1.7,0,186,15,14,15,True,0.015112367,47.75,71.1,58309.5,3.6
400,26980,"Iowa City, IA",median_household_income,186,186,0,0,60286.602,59800,7024.7111,51750,53756,63131,74142,51226,74142,9375,4770,0,186,15,14,15,True,0.015112367,47.75,71.1,58309.5,3.6
400,26980,"Iowa City, IA",labor_force_participation_pct,186,186,0,0,70.874731,71.1,0.89155569,69.5,69.9,71.7,72.2,69.5,72.2,1.8,0.6,0,186,15,14,15,True,0.015112367,47.75,71.1,58309.5,3.6
402,27060,"Ithaca, NY",startup_rate,179,179,0,0,5.1256397,5.7692308,3.6000455,0,2.4040684,7.6782706,10.416667,0,13.513514,5.2742022,2.4135261,24.022346,179,16,14,16,True,0.0039766983,52.1,59.05,55166.5,5.05
402,27060,"Ithaca, NY",employment_growth,179,163,16,8.9385475,0.020816728,0.0040494027,0.17910525,-0.099634233,-0.029936603,0.03705179,0.14929293,-0.45,1.9878049,0.066988393,0.033790782,2.4539877,179,16,14,16,True,0.0039766983,52.1,59.05,55166.5,5.05
402,27060,"Ithaca, NY",establishment_growth,179,163,16,8.9385475,0.0082540825,0,0.055158361,-0.058694105,-0.021279004,0.027915679,0.096895787,-0.16666667,0.22222222,0.049194683,0.024193548,17.177914,179,16,14,16,True,0.0039766983,52.1,59.05,55166.5,5.05
402,27060,"Ithaca, NY",payroll_growth,179,163,16,8.9385475,0.053728172,0.03942574,0.14780629,-0.11223043,0.0051991588,0.091768687,0.24208097,-0.38981813,1.2406657,0.086569528,0.045999464,0,179,16,14,16,True,0.0039766983,52.1,59.05,55166.5,5.05
402,27060,"Ithaca, NY",wage_growth,179,163,16,8.9385475,0.036348688,0.037642891,0.080256345,-0.071446236,0.015159905,0.056997001,0.14148908,-0.3339249,0.52908461,0.041837095,0.021623852,0,179,16,14,16,True,0.0039766983,52.1,59.05,55166.5,5.05
402,27060,"Ithaca, NY",acs_population_growth,179,166,13,7.2625698,0.0013407276,0.0039766983,0.013390041,-0.029184574,-0.0031079427,0.0065517208,0.033265843,-0.029184574,0.033265843,0.0096596635,0.0029151005,0,179,16,14,16,True,0.0039766983,52.1,59.05,55166.5,5.05
402,27060,"Ithaca, NY",unemployment_rate,179,179,0,0,5.0865922,5.3,0.6859252,3.8,4.6,5.8,5.9,3.8,5.9,1.2,0.6,0,179,16,14,16,True,0.0039766983,52.1,59.05,55166.5,5.05
402,27060,"Ithaca, NY",educational_attainment_pct,179,179,0,0,52.442458,51.6,2.9494594,49.3,49.9,53.5,59.2,49.3,59.2,3.6,1.8,0,179,16,14,16,True,0.0039766983,52.1,59.05,55166.5,5.05
402,27060,"Ithaca, NY",median_household_income,179,179,0,0,57230.782,54133,7369.2342,48655,51393,61361,73012,48655,73012,9968,4344,0,179,16,14,16,True,0.0039766983,52.1,59.05,55166.5,5.05
402,27060,"Ithaca, NY",labor_force_participation_pct,179,179,0,0,59.419553,59.2,1.192678,58.1,58.4,60,61.5,58.1,61.5,1.6,0.8,0,179,16,14,16,True,0.0039766983,52.1,59.05,55166.5,5.05
403,27100,"Jackson, MI",startup_rate,188,188,0,0,4.8439568,4.5512083,4.6150191,0,2.4193548,6.5830102,10.105691,0,47.5,4.1636554,2.1038251,18.617021,188,17,14,17,True,-0.0017276022,20.85,57.1,48712,8.25
403,27100,"Jackson, MI",employment_growth,188,177,11,5.8510638,0.019679563,0.0088696593,0.10800745,-0.092727227,-0.016233766,0.042105263,0.14527356,-0.27038627,1.0298713,0.058339029,0.030874549,0.56497175,188,17,14,17,True,-0.0017276022,20.85,57.1,48712,8.25
403,27100,"Jackson, MI",establishment_growth,188,177,11,5.8510638,0.012155109,0.003968254,0.062798374,-0.074888748,-0.022304833,0.039823009,0.11833333,-0.16666667,0.35769231,0.062127842,0.02960928,12.429379,188,17,14,17,True,-0.0017276022,20.85,57.1,48712,8.25
403,27100,"Jackson, MI",payroll_growth,188,177,11,5.8510638,0.050863178,0.042239895,0.088316412,-0.067051101,0.0099223598,0.081923432,0.16908485,-0.19523321,0.66003056,0.072001072,0.034972525,0,188,17,14,17,True,-0.0017276022,20.85,57.1,48712,8.25
403,27100,"Jackson, MI",wage_growth,188,177,11,5.8510638,0.033143349,0.035618863,0.048539262,-0.031185029,0.015818046,0.052458063,0.10003909,-0.18221176,0.27944758,0.036640017,0.019304037,0,188,17,14,17,True,-0.0017276022,20.85,57.1,48712,8.25
403,27100,"Jackson, MI",acs_population_growth,188,177,11,5.8510638,-0.0008092998,-0.0017276022,0.0048027447,-0.00454914,-0.0029123276,-0.00081743699,0.016380695,-0.00454914,0.016380695,0.0020948906,0.0010737449,0,188,17,14,17,True,-0.0017276022,20.85,57.1,48712,8.25
403,27100,"Jackson, MI",unemployment_rate,188,188,0,0,8.7489362,8.25,2.553544,5.8,6.3,11.3,12.6,5.8,12.6,5,2.35,0,188,17,14,17,True,-0.0017276022,20.85,57.1,48712,8.25
403,27100,"Jackson, MI",educational_attainment_pct,188,188,0,0,20.547872,20.85,1.8346766,17.5,18.8,22.5,23,17.5,23,3.7,1.65,0,188,17,14,17,True,-0.0017276022,20.85,57.1,48712,8.25
403,27100,"Jackson, MI",median_household_income,188,188,0,0,51443.293,48712,6174.7275,45452,46572,54511,65004,45452,65004,7939,2719,0,188,17,14,17,True,-0.0017276022,20.85,57.1,48712,8.25
403,27100,"Jackson, MI",labor_force_participation_pct,188,188,0,0,57.532447,57.1,0.99976488,56.4,56.7,58.5,59.5,56.4,59.5,1.8,0.5,0,188,17,14,17,True,-0.0017276022,20.85,57.1,48712,8.25
404,27140,"Jackson, MS",startup_rate,99,99,0,0,5.9097177,5.3613054,2.127414,3.3026469,4.1108688,7.6039579,9.719526,2.3569024,12.5,3.4930891,1.4456427,0,99,11,14,11,False,0.0036034908,29.55,61.85,48176.5,7.6
404,27140,"Jackson, MS",employment_growth,99,84,15,15.151515,0.0028574664,0.0020116112,0.032280167,-0.038545194,-0.013280055,0.021388589,0.049727626,-0.091208831,0.12094044,0.034668643,0.01681012,0,99,11,14,11,False,0.0036034908,29.55,61.85,48176.5,7.6
404,27140,"Jackson, MS",establishment_growth,99,84,15,15.151515,-0.0011918068,-0.002329201,0.02594474,-0.032695125,-0.010446918,0.012422589,0.028754838,-0.14830508,0.059967585,0.022869507,0.012085531,2.3809524,99,11,14,11,False,0.0036034908,29.55,61.85,48176.5,7.6
404,27140,"Jackson, MS",payroll_growth,99,84,15,15.151515,0.036158219,0.032298496,0.0374283,-0.017550082,0.013518044,0.057092659,0.10223725,-0.084380237,0.13241018,0.043574615,0.020966573,0,99,11,14,11,False,0.0036034908,29.55,61.85,48176.5,7.6
404,27140,"Jackson, MS",wage_growth,99,84,15,15.151515,0.033514199,0.032987874,0.029903058,-0.0049893336,0.022705534,0.043348177,0.07450001,-0.1393534,0.1127625,0.020642643,0.010310956,0,99,11,14,11,False,0.0036034908,29.55,61.85,48176.5,7.6
404,27140,"Jackson, MS",acs_population_growth,99,90,9,9.0909091,0.011882725,0.0045269627,0.018910318,-0.0056476942,0.00081301516,0.0067901062,0.05756613,-0.0056476942,0.05756613,0.0059770911,0.0037139475,0,99,11,14,11,False,0.0036034908,29.55,61.85,48176.5,7.6
404,27140,"Jackson, MS",unemployment_rate,99,99,0,0,7.7787879,7.8,1.0639043,5.9,7.3,8.6,9.5,5.9,9.5,1.3,0.8,0,99,11,14,11,False,0.0036034908,29.55,61.85,48176.5,7.6
404,27140,"Jackson, MS",educational_attainment_pct,99,99,0,0,29.883838,29.4,1.180687,28.7,29,30.2,32.6,28.7,32.6,1.2,0.5,0,99,11,14,11,False,0.0036034908,29.55,61.85,48176.5,7.6
404,27140,"Jackson, MS",median_household_income,99,99,0,0,49766.879,46972,5226.1907,44850,45470,52504,60489,44850,60489,7034,2122,0,99,11,14,11,False,0.0036034908,29.55,61.85,48176.5,7.6
404,27140,"Jackson, MS",labor_force_participation_pct,99,99,0,0,62.071717,61.9,1.299218,59.8,61.5,62.85,64.5,59.8,64.5,1.35,0.4,0,99,11,14,11,False,0.0036034908,29.55,61.85,48176.5,7.6
405,27180,"Jackson, TN",startup_rate,80,80,0,0,5.1048721,4.9822695,2.415868,1.5659341,3.4897555,6.9581281,8.6733333,0,11.612903,3.4683726,1.6439837,5,80,9,14,9,False,0.002205646,22.6,59.5,43353.5,7.2
405,27180,"Jackson, TN",employment_growth,80,65,15,18.75,0.015740632,0.012533476,0.057407022,-0.061748538,-0.011600928,0.039759036,0.10833843,-0.17633929,0.20509194,0.051359964,0.025705226,0,80,9,14,9,False,0.002205646,22.6,59.5,43353.5,7.2
405,27180,"Jackson, TN",establishment_growth,80,65,15,18.75,0.014287192,0.0096618357,0.057369255,-0.04164486,-0.011235955,0.033210332,0.092234234,-0.26243094,0.21818182,0.044446287,0.023548496,6.1538462,80,9,14,9,False,0.002205646,22.6,59.5,43353.5,7.2
405,27180,"Jackson, TN",payroll_growth,80,65,15,18.75,0.056341884,0.044254675,0.076677999,-0.055648349,0.023438926,0.097259207,0.20189551,-0.13943366,0.28439495,0.073820281,0.033685443,0,80,9,14,9,False,0.002205646,22.6,59.5,43353.5,7.2
405,27180,"Jackson, TN",wage_growth,80,65,15,18.75,0.040083253,0.031572129,0.049354646,-0.017828309,0.013457506,0.067663678,0.11555799,-0.1050232,0.2174887,0.054206171,0.024082024,1.5384615,80,9,14,9,False,0.002205646,22.6,59.5,43353.5,7.2
405,27180,"Jackson, TN",acs_population_growth,80,73,7,8.75,0.044965507,0.002205646,0.10780436,-0.0038680109,-0.00051495681,0.0037750392,0.37973108,-0.0038680109,0.37973108,0.004289996,0.0027206028,0,80,9,14,9,False,0.002205646,22.6,59.5,43353.5,7.2
405,27180,"Jackson, TN",unemployment_rate,80,80,0,0,8.48875,7.7,2.5082645,5.4,6.3,10.7,12.2,5.4,12.2,4.4,2,0,80,9,14,9,False,0.002205646,22.6,59.5,43353.5,7.2
405,27180,"Jackson, TN",educational_attainment_pct,80,80,0,0,22.50125,22.6,0.47587195,21.7,22.1,22.9,23.4,21.7,23.4,0.8,0.3,0,80,9,14,9,False,0.002205646,22.6,59.5,43353.5,7.2
405,27180,"Jackson, TN",median_household_income,80,80,0,0,45695.562,43155,5815.2526,40143,41346,48146,58740,40143,58740,6800,2616,0,80,9,14,9,False,0.002205646,22.6,59.5,43353.5,7.2
405,27180,"Jackson, TN",labor_force_participation_pct,80,80,0,0,59.75875,59.5,2.1096339,56.9,57.9,61.1,64.1,56.9,64.1,3.2,1.6,0,80,9,14,9,False,0.002205646,22.6,59.5,43353.5,7.2
407,27260,"Jacksonville, FL",startup_rate,160,160,0,0,10.038861,9.8539675,2.5679803,6.3228637,7.9440732,11.925358,14.467557,4.5141546,17.915531,3.9812853,1.9553702,0,160,14,14,14,True,0.016703216,29.6,63.85,55055,7.65
407,27260,"Jacksonville, FL",employment_growth,160,144,16,10,0.028380433,0.026055855,0.060927197,-0.047914435,0.0020337757,0.047275329,0.094796205,-0.2025143,0.43404679,0.045241553,0.023094124,0,160,14,14,14,True,0.016703216,29.6,63.85,55055,7.65
407,27260,"Jacksonville, FL",establishment_growth,160,144,16,10,0.026459524,0.021325752,0.040432968,-0.02105028,0.0063006695,0.039089688,0.10007123,-0.091975697,0.23476969,0.032789018,0.017170905,0,160,14,14,14,True,0.016703216,29.6,63.85,55055,7.65
407,27260,"Jacksonville, FL",payroll_growth,160,144,16,10,0.06714342,0.0589431,0.074923731,-0.025409519,0.032797525,0.093877433,0.15345863,-0.16278386,0.55970461,0.061079908,0.029095713,0,160,14,14,14,True,0.016703216,29.6,63.85,55055,7.65
407,27260,"Jacksonville, FL",wage_growth,160,144,16,10,0.0377494,0.035464033,0.038695492,-0.01353609,0.014625701,0.055351969,0.11403917,-0.060252591,0.17946407,0.040726268,0.020541133,0,160,14,14,14,True,0.016703216,29.6,63.85,55055,7.65
407,27260,"Jacksonville, FL",acs_population_growth,160,151,9,5.625,0.017306037,0.016703216,0.0053144924,0.010732843,0.012749246,0.019905961,0.031219276,0.010732843,0.031219276,0.0071567146,0.003396892,0,160,14,14,14,True,0.016703216,29.6,63.85,55055,7.65
407,27260,"Jacksonville, FL",unemployment_rate,160,160,0,0,7.479375,7.1,2.3168537,4.3,5.3,9.6,11,4.3,11,4.3,2.1,0,160,14,14,14,True,0.016703216,29.6,63.85,55055,7.65
407,27260,"Jacksonville, FL",educational_attainment_pct,160,160,0,0,30.05125,29.9,2.6804437,26.2,27.8,32.1,35.1,26.2,35.1,4.3,2.1,0,160,14,14,14,True,0.016703216,29.6,63.85,55055,7.65
407,27260,"Jacksonville, FL",median_household_income,160,160,0,0,59090.113,56449,7886.4114,51998,52838,63064,77013,51998,77013,10226,4382,0,160,14,14,14,True,0.016703216,29.6,63.85,55055,7.65
407,27260,"Jacksonville, FL",labor_force_participation_pct,160,160,0,0,64.408125,63.8,1.0783152,63.5,63.7,65.2,66.8,63.5,66.8,1.5,0.1,0,160,14,14,14,True,0.016703216,29.6,63.85,55055,7.65
409,27340,"Jacksonville, NC",startup_rate,201,201,0,0,6.4706117,6.6666667,4.3719816,0,3.7533512,9.0909091,14.814815,0,17.910448,5.3375579,2.7705628,18.905473,201,17,14,17,True,0.016594881,19.85,70.65,47474,9.7
409,27340,"Jacksonville, NC",employment_growth,201,186,15,7.4626866,0.01597759,0.012723067,0.082015844,-0.1158837,-0.024325636,0.049166226,0.15030803,-0.18243243,0.47318612,0.073491862,0.03693679,0.53763441,201,17,14,17,True,0.016594881,19.85,70.65,47474,9.7
409,27340,"Jacksonville, NC",establishment_growth,201,186,15,7.4626866,0.043806761,0.033457711,0.074123336,-0.047996795,0,0.083285219,0.16858974,-0.25,0.3902439,0.083285219,0.033457711,8.6021505,201,17,14,17,True,0.016594881,19.85,70.65,47474,9.7
409,27340,"Jacksonville, NC",payroll_growth,201,186,15,7.4626866,0.054169904,0.042980156,0.087819032,-0.075878011,0.0041348382,0.10092941,0.20088629,-0.17250515,0.44947367,0.096794571,0.044651377,0,201,17,14,17,True,0.016594881,19.85,70.65,47474,9.7
409,27340,"Jacksonville, NC",wage_growth,201,186,15,7.4626866,0.038430284,0.037290651,0.048558093,-0.029747303,0.0065566754,0.062005312,0.11931877,-0.14627224,0.22627737,0.055448637,0.027343606,0.53763441,201,17,14,17,True,0.016594881,19.85,70.65,47474,9.7
409,27340,"Jacksonville, NC",acs_population_growth,201,186,15,7.4626866,0.016000927,0.016594881,0.0087400193,0.0045484116,0.010362257,0.020495382,0.037307206,0.0045484116,0.037307206,0.010133125,0.0056998213,0,201,17,14,17,True,0.016594881,19.85,70.65,47474,9.7
409,27340,"Jacksonville, NC",unemployment_rate,201,201,0,0,9.5537313,9.6,2.1532066,5.8,8,11.6,12.8,5.8,12.8,3.6,1.7,0,201,17,14,17,True,0.016594881,19.85,70.65,47474,9.7
409,27340,"Jacksonville, NC",educational_attainment_pct,201,201,0,0,21.128856,20.2,2.9467886,17.7,18.3,23.6,26.1,17.7,26.1,5.3,2.2,0,201,17,14,17,True,0.016594881,19.85,70.65,47474,9.7
409,27340,"Jacksonville, NC",median_household_income,201,201,0,0,50015.269,48162,5790.1246,43561,45812,51560,64568,43561,64568,5748,2705,0,201,17,14,17,True,0.016594881,19.85,70.65,47474,9.7
409,27340,"Jacksonville, NC",labor_force_participation_pct,201,201,0,0,70.778109,70.7,0.59288988,70,70.3,71.1,72,70,72,0.8,0.4,0,201,17,14,17,True,0.016594881,19.85,70.65,47474,9.7
413,27500,"Janesville-Beloit, WI",startup_rate,196,196,0,0,4.646524,4.7201337,3.1030276,0,2.5382653,7.0833832,10,0,11.428571,4.5451179,2.2570795,18.877551,196,19,14,19,True,0.0016327548,21.1,65.65,52189,6.9
413,27500,"Janesville-Beloit, WI",employment_growth,196,181,15,7.6530612,0.020058404,0.018329939,0.072811554,-0.087152517,-0.01817631,0.049219688,0.12658228,-0.21813031,0.4303675,0.067395998,0.03302553,1.1049724,196,19,14,19,True,0.0016327548,21.1,65.65,52189,6.9
413,27500,"Janesville-Beloit, WI",establishment_growth,196,181,15,7.6530612,0.011226696,0,0.059054377,-0.061320755,-0.014336918,0.034482759,0.11538462,-0.2,0.2972973,0.048819676,0.022151899,11.60221,196,19,14,19,True,0.0016327548,21.1,65.65,52189,6.9
413,27500,"Janesville-Beloit, WI",payroll_growth,196,181,15,7.6530612,0.065178907,0.05280323,0.16276146,-0.053771635,0.012990693,0.087332161,0.22396319,-0.56753169,1.8493565,0.074341468,0.037438016,0,196,19,14,19,True,0.0016327548,21.1,65.65,52189,6.9
413,27500,"Janesville-Beloit, WI",wage_growth,196,181,15,7.6530612,0.043577859,0.038193657,0.1189326,-0.02878258,0.016380334,0.06284833,0.11943617,-0.5968074,1.3793836,0.046467995,0.022386473,0,196,19,14,19,True,0.0016327548,21.1,65.65,52189,6.9
413,27500,"Janesville-Beloit, WI",acs_population_growth,196,181,15,7.6530612,0.0019066932,0.0016327548,0.0015236523,-6.8597371e-05,0.00077525532,0.0023434802,0.0060911082,-6.8597371e-05,0.0060911082,0.0015682249,0.00073481871,0,196,19,14,19,True,0.0016327548,21.1,65.65,52189,6.9
413,27500,"Janesville-Beloit, WI",unemployment_rate,196,196,0,0,7.0887755,7.4,2.3119925,3.9,4.5,9.4,10.3,3.9,10.3,4.9,2.1,0,196,19,14,19,True,0.0016327548,21.1,65.65,52189,6.9
413,27500,"Janesville-Beloit, WI",educational_attainment_pct,196,196,0,0,21.537245,20.8,1.9916726,19.4,19.8,23.5,25.7,19.4,25.7,3.7,1.3,0,196,19,14,19,True,0.0016327548,21.1,65.65,52189,6.9
413,27500,"Janesville-Beloit, WI",median_household_income,196,196,0,0,55985.439,50968,7884.4169,49435,50316,59519,74390,49435,74390,9203,1533,0,196,19,14,19,True,0.0016327548,21.1,65.65,52189,6.9
413,27500,"Janesville-Beloit, WI",labor_force_participation_pct,196,196,0,0,66.121429,65.7,1.010179,65.1,65.4,66.6,68.6,65.1,68.6,1.2,0.3,0,196,19,14,19,True,0.0016327548,21.1,65.65,52189,6.9
416,27620,"Jefferson City, MO",startup_rate,69,69,0,0,4.9602189,4.6511628,1.9635302,2.6142857,3.5714286,5.7251908,9.0755993,0,10.653753,2.1537623,1.0797342,1.4492754,69,10,14,10,False,0.0012080341,25.9,61.55,53171,4.45
416,27620,"Jefferson City, MO",employment_growth,69,56,13,18.84058,0.012239201,0.0099609748,0.03819137,-0.047429713,-0.0082585302,0.032037449,0.070726021,-0.07284389,0.12118227,0.040295979,0.020750959,0,69,10,14,10,False,0.0012080341,25.9,61.55,53171,4.45
416,27620,"Jefferson City, MO",establishment_growth,69,56,13,18.84058,0.0035201464,0.0062663527,0.044363313,-0.033455056,-0.0074599121,0.017072346,0.053096024,-0.249501,0.12,0.024532258,0.0131823,8.9285714,69,10,14,10,False,0.0012080341,25.9,61.55,53171,4.45
416,27620,"Jefferson City, MO",payroll_growth,69,56,13,18.84058,0.044508934,0.040524686,0.055817036,-0.029001807,-0.00061619426,0.074581614,0.15833255,-0.07107007,0.19407967,0.075197809,0.038475191,0,69,10,14,10,False,0.0012080341,25.9,61.55,53171,4.45
416,27620,"Jefferson City, MO",wage_growth,69,56,13,18.84058,0.031594942,0.03073696,0.029598108,-0.011822099,0.015014133,0.045663385,0.079057826,-0.034288974,0.12281583,0.030649252,0.015724411,0,69,10,14,10,False,0.0012080341,25.9,61.55,53171,4.45
416,27620,"Jefferson City, MO",acs_population_growth,69,63,6,8.6956522,0.0017478758,0.0014490827,0.0026393456,-0.0011832911,0.00021778782,0.003942067,0.006272898,-0.0051273219,0.0064558915,0.0037242792,0.0016821333,0,69,10,14,10,False,0.0012080341,25.9,61.55,53171,4.45
416,27620,"Jefferson City, MO",unemployment_rate,69,69,0,0,4.6188406,4.9,0.73430146,3.5,3.8,5.3,5.6,3.4,5.6,1.5,0.5,0,69,10,14,10,False,0.0012080341,25.9,61.55,53171,4.45
416,27620,"Jefferson City, MO",educational_attainment_pct,69,69,0,0,26.597101,25.7,1.8594726,24.5,25.5,27.7,30.7,24.5,30.7,2.2,0.5,0,69,10,14,10,False,0.0012080341,25.9,61.55,53171,4.45
416,27620,"Jefferson City, MO",median_household_income,69,69,0,0,55936.928,52659,6838.3639,51017,51081,59186,72425,51017,72425,8105,1634,0,69,10,14,10,False,0.0012080341,25.9,61.55,53171,4.45
416,27620,"Jefferson City, MO",labor_force_participation_pct,69,69,0,0,62.342029,61.6,1.5250271,60.8,61.2,64.3,65.12,60.8,65.2,3.1,0.6,0,69,10,14,10,False,0.0012080341,25.9,61.55,53171,4.45
418,27740,"Johnson City, TN",startup_rate,117,117,0,0,5.7754379,5,2.966424,2.3586074,3.649635,7.1428571,11.249722,0,14.917127,3.4932221,1.7105263,1.7094017,117,11,14,11,True,0.0046562434,25.15,57.1,40370,6.25
418,27740,"Johnson City, TN",employment_growth,117,102,15,12.820513,0.0058858844,0.0062687883,0.058835132,-0.088484292,-0.017684082,0.039559653,0.092199667,-0.16344086,0.14930777,0.057243735,0.025623109,0,117,11,14,11,True,0.0046562434,25.15,57.1,40370,6.25
418,27740,"Johnson City, TN",establishment_growth,117,102,15,12.820513,0.026086644,0.021279004,0.074758307,-0.045142032,-0.004498503,0.046099484,0.092136752,-0.23963134,0.4742268,0.050597987,0.025576923,5.8823529,117,11,14,11,True,0.0046562434,25.15,57.1,40370,6.25
418,27740,"Johnson City, TN",payroll_growth,117,102,15,12.820513,0.047591978,0.036962801,0.074697745,-0.069592669,0.0093069727,0.089256439,0.19513732,-0.15011576,0.29092526,0.079949467,0.038450362,0,117,11,14,11,True,0.0046562434,25.15,57.1,40370,6.25
418,27740,"Johnson City, TN",wage_growth,117,102,15,12.820513,0.041887984,0.031827233,0.052024311,-0.011314466,0.011596972,0.049462057,0.1215687,-0.058036643,0.33144656,0.037865085,0.020051628,0.98039216,117,11,14,11,True,0.0046562434,25.15,57.1,40370,6.25
418,27740,"Johnson City, TN",acs_population_growth,117,106,11,9.4017094,0.0049038324,0.0046562434,0.0035261255,0.00027962111,0.0022862323,0.0068369917,0.013547583,0.00027962111,0.015382949,0.0045507594,0.0023700111,0,117,11,14,11,True,0.0046562434,25.15,57.1,40370,6.25
418,27740,"Johnson City, TN",unemployment_rate,117,117,0,0,6.4769231,6.5,1.1272016,4.7,5.4,7.5,8,4.7,8,2.1,1.1,0,117,11,14,11,True,0.0046562434,25.15,57.1,40370,6.25
418,27740,"Johnson City, TN",educational_attainment_pct,117,117,0,0,25.244444,24.8,1.93259,22.5,23.8,26.8,28.7,22.5,28.7,3,1.5,0,117,11,14,11,True,0.0046562434,25.15,57.1,40370,6.25
418,27740,"Johnson City, TN",median_household_income,117,117,0,0,42769.291,40311,5815.0294,37572,38202,45970,56096,37572,56096,7768,2309,0,117,11,14,11,True,0.0046562434,25.15,57.1,40370,6.25
418,27740,"Johnson City, TN",labor_force_participation_pct,117,117,0,0,57.236752,57.2,0.66922476,56.1,56.7,57.5,58.3,56.1,58.3,0.8,0.5,0,117,11,14,11,True,0.0046562434,25.15,57.1,40370,6.25
419,27780,"Johnstown, PA",startup_rate,201,201,0,0,3.2725815,3.1602709,3.1390203,0,0,4.7619048,8.4745763,0,17.391304,4.7619048,2.0480625,29.850746,201,19,14,19,True,-0.0097224573,20.55,55.1,43930,7.5
419,27780,"Johnstown, PA",employment_growth,201,185,16,7.960199,-0.0057424442,-0.010872717,0.083851979,-0.10859562,-0.039748758,0.025454545,0.10232851,-0.30611247,0.44859813,0.065203303,0.035176175,1.0810811,201,19,14,19,True,-0.0097224573,20.55,55.1,43930,7.5
419,27780,"Johnstown, PA",establishment_growth,201,185,16,7.960199,-0.0073314943,-0.0054945055,0.056064961,-0.1,-0.02955665,0.0098039216,0.067114846,-0.23076923,0.28571429,0.039360572,0.019335336,12.972973,201,19,14,19,True,-0.0097224573,20.55,55.1,43930,7.5
419,27780,"Johnstown, PA",payroll_growth,201,185,16,7.960199,0.025269983,0.017143522,0.098796506,-0.12234596,-0.018578894,0.058900886,0.19216053,-0.42983021,0.41089162,0.07747978,0.037268691,0,201,19,14,19,True,-0.0097224573,20.55,55.1,43930,7.5
419,27780,"Johnstown, PA",wage_growth,201,185,16,7.960199,0.030948724,0.031277082,0.048369446,-0.03031547,0.010847675,0.052096248,0.11301305,-0.17829627,0.19638344,0.041248573,0.020819166,0,201,19,14,19,True,-0.0097224573,20.55,55.1,43930,7.5
419,27780,"Johnstown, PA",acs_population_growth,201,185,16,7.960199,-0.0067525161,-0.0097224573,0.0078545369,-0.013726572,-0.01132343,-0.0059802519,0.018516689,-0.013726572,0.018516689,0.0053431784,0.0018931861,0,201,19,14,19,True,-0.0097224573,20.55,55.1,43930,7.5
419,27780,"Johnstown, PA",unemployment_rate,201,201,0,0,6.961194,7.5,1.4605432,4.7,5.3,8.3,8.8,4.7,8.8,3,1.3,0,201,19,14,19,True,-0.0097224573,20.55,55.1,43930,7.5
419,27780,"Johnstown, PA",educational_attainment_pct,201,201,0,0,20.181592,20.9,1.9392549,17.4,18.3,22,23,17.4,23,3.7,1.8,0,201,19,14,19,True,-0.0097224573,20.55,55.1,43930,7.5
419,27780,"Johnstown, PA",median_household_income,201,201,0,0,45536.284,44943,4888.1439,39574,41730,47644,56292,39574,56292,5914,3213,0,201,19,14,19,True,-0.0097224573,20.55,55.1,43930,7.5
419,27780,"Johnstown, PA",labor_force_participation_pct,201,201,0,0,55.285075,55.1,0.4756849,54.5,55,55.7,56.3,54.5,56.3,0.7,0.3,0,201,19,14,19,True,-0.0097224573,20.55,55.1,43930,7.5
420,27860,"Jonesboro, AR",startup_rate,151,151,0,0,6.21418,6.25,3.7067811,0,3.94667,8.3589979,12.520232,0,20.833333,4.412328,2.2298995,11.92053,151,16,14,16,True,0.011343556,22.65,61.85,42766,6.25
420,27860,"Jonesboro, AR",employment_growth,151,133,18,11.92053,0.019162693,0.022458801,0.04063032,-0.047749511,-0.0082462082,0.044568245,0.08244695,-0.09380863,0.15568862,0.052814453,0.02432034,2.2556391,151,16,14,16,True,0.011343556,22.65,61.85,42766,6.25
420,27860,"Jonesboro, AR",establishment_growth,151,133,18,11.92053,0.002163011,0.0046728972,0.038987229,-0.061408348,-0.017077799,0.02293578,0.049380677,-0.125,0.14285714,0.040013579,0.01937878,13.533835,151,16,14,16,True,0.011343556,22.65,61.85,42766,6.25
420,27860,"Jonesboro, AR",payroll_growth,151,133,18,11.92053,0.055849618,0.058363615,0.059804417,-0.051400011,0.026094508,0.091017356,0.15097665,-0.11047819,0.2578363,0.064922848,0.03265374,0,151,16,14,16,True,0.011343556,22.65,61.85,42766,6.25
420,27860,"Jonesboro, AR",wage_growth,151,133,18,11.92053,0.035996558,0.033975453,0.042159426,-0.044165157,0.01618225,0.059805015,0.11095184,-0.079092021,0.15201297,0.043622765,0.020966571,0,151,16,14,16,True,0.011343556,22.65,61.85,42766,6.25
420,27860,"Jonesboro, AR",acs_population_growth,151,140,11,7.2847682,0.01043962,0.011343556,0.0031450663,0.0019498901,0.010463331,0.012326447,0.013758981,0.0019498901,0.013758981,0.0018631163,0.00088022473,0,151,16,14,16,True,0.011343556,22.65,61.85,42766,6.25
420,27860,"Jonesboro, AR",unemployment_rate,151,151,0,0,7.3768212,6.4,1.6631875,5.5,5.9,8.8,9.8,5.5,9.8,2.9,0.9,0,151,16,14,16,True,0.011343556,22.65,61.85,42766,6.25
420,27860,"Jonesboro, AR",educational_attainment_pct,151,151,0,0,22.55298,22.2,1.8141962,19.9,21.1,24.2,25.8,19.9,25.8,3.1,1.1,0,151,16,14,16,True,0.011343556,22.65,61.85,42766,6.25
420,27860,"Jonesboro, AR",median_household_income,151,151,0,0,43673.728,41883,5308.2591,37576,39524,47610,55478,37576,55478,8086,2906,0,151,16,14,16,True,0.011343556,22.65,61.85,42766,6.25
420,27860,"Jonesboro, AR",labor_force_participation_pct,151,151,0,0,61.623179,61.8,0.71081584,60.5,61,62,63,60.5,63,1,0.6,0,151,16,14,16,True,0.011343556,22.65,61.85,42766,6.25
421,27900,"Joplin, MO-KS",startup_rate,144,144,0,0,6.5154927,6.3452436,3.0977329,2.1082949,4.2196328,8.3659875,12.053577,0,15.555556,4.1463547,2.1133309,2.7777778,144,13,14,13,True,0.0037195672,21.25,63.65,44599.5,5.7
421,27900,"Joplin, MO-KS",employment_growth,144,130,14,9.7222222,0.0052286441,0.0051524366,0.062237799,-0.092220563,-0.017514056,0.0281168,0.081079682,-0.14550265,0.4423913,0.045630857,0.022808823,0,144,13,14,13,True,0.0037195672,21.25,63.65,44599.5,5.7
421,27900,"Joplin, MO-KS",establishment_growth,144,130,14,9.7222222,-0.0011315513,0,0.052316057,-0.055349554,-0.019545455,0.020331248,0.065847554,-0.43243243,0.1,0.039876703,0.020117365,8.4615385,144,13,14,13,True,0.0037195672,21.25,63.65,44599.5,5.7
421,27900,"Joplin, MO-KS",payroll_growth,144,130,14,9.7222222,0.041398469,0.040411763,0.054819553,-0.060450732,0.0085427589,0.074021624,0.12682649,-0.10162026,0.23046763,0.065478865,0.03297499,0,144,13,14,13,True,0.0037195672,21.25,63.65,44599.5,5.7
421,27900,"Joplin, MO-KS",wage_growth,144,130,14,9.7222222,0.037332911,0.034618053,0.043438826,-0.016878453,0.015750642,0.055921155,0.11711799,-0.20715875,0.15380696,0.040170512,0.019717487,0,144,13,14,13,True,0.0037195672,21.25,63.65,44599.5,5.7
421,27900,"Joplin, MO-KS",acs_population_growth,144,136,8,5.5555556,0.012998641,0.0037195672,0.02974255,0.00088656009,0.0031348859,0.006165153,0.11248742,0.00088656009,0.11248742,0.0030302671,0.0018718868,0,144,13,14,13,True,0.0037195672,21.25,63.65,44599.5,5.7
421,27900,"Joplin, MO-KS",unemployment_rate,144,144,0,0,5.9326389,5.4,1.4981961,4.2,4.8,7.45,8.285,4.2,8.3,2.65,1.1,0,144,13,14,13,True,0.0037195672,21.25,63.65,44599.5,5.7
421,27900,"Joplin, MO-KS",educational_attainment_pct,144,144,0,0,21.36875,21.6,1.7330788,18.575,20.075,22.4,24,18.5,24,2.325,1.3,0,144,13,14,13,True,0.0037195672,21.25,63.65,44599.5,5.7
421,27900,"Joplin, MO-KS",median_household_income,144,144,0,0,46816.556,45913,6426.2817,39056.4,41410,50244,60146,38844,60146,8834,4351,0,144,13,14,13,True,0.0037195672,21.25,63.65,44599.5,5.7
421,27900,"Joplin, MO-KS",labor_force_participation_pct,144,144,0,0,63.343056,63.6,0.8907962,62,62.2,64,64.88,62,65,1.8,0.5,0,144,13,14,13,True,0.0037195672,21.25,63.65,44599.5,5.7
424,28020,"Kalamazoo-Portage, MI",startup_rate,214,214,0,0,4.6989863,4.92252,2.7724733,0,3.1654067,6.3384813,8.4846087,0,15.151515,3.1730747,1.5084146,12.149533,214,17,14,17,True,0.0050212164,32.75,65.55,50188.5,7.05
424,28020,"Kalamazoo-Portage, MI",employment_growth,214,198,16,7.4766355,0.0083053256,0.012040709,0.084507217,-0.12758593,-0.02191654,0.048073282,0.10798273,-0.47297297,0.33536585,0.069989823,0.035624272,0.50505051,214,17,14,17,True,0.0050212164,32.75,65.55,50188.5,7.05
424,28020,"Kalamazoo-Portage, MI",establishment_growth,214,198,16,7.4766355,0.014058395,0,0.085775506,-0.051310451,-0.017938987,0.036073021,0.10107143,-0.53846154,0.75249501,0.054012008,0.023752344,10.10101,214,17,14,17,True,0.0050212164,32.75,65.55,50188.5,7.05
424,28020,"Kalamazoo-Portage, MI",payroll_growth,214,198,16,7.4766355,0.042931577,0.045594763,0.095040622,-0.10570472,0.010478946,0.080777787,0.17120371,-0.46147034,0.39333394,0.070298841,0.03557845,0,214,17,14,17,True,0.0050212164,32.75,65.55,50188.5,7.05
424,28020,"Kalamazoo-Portage, MI",wage_growth,214,198,16,7.4766355,0.034692968,0.030087919,0.046324834,-0.028802166,0.017057481,0.055241725,0.11543823,-0.18571286,0.23521766,0.038184244,0.019689284,0.50505051,214,17,14,17,True,0.0050212164,32.75,65.55,50188.5,7.05
424,28020,"Kalamazoo-Portage, MI",acs_population_growth,214,198,16,7.4766355,-0.012827033,0.0050212164,0.057455611,-0.21998248,0.00055878751,0.0054128887,0.0060020172,-0.21998248,0.0060020172,0.0048541012,0.00073194206,0,214,17,14,17,True,0.0050212164,32.75,65.55,50188.5,7.05
424,28020,"Kalamazoo-Portage, MI",unemployment_rate,214,214,0,0,8.2663551,7.4,2.3418,5.5,6.2,10.9,11.6,5.5,11.6,4.7,1.8,0,214,17,14,17,True,0.0050212164,32.75,65.55,50188.5,7.05
424,28020,"Kalamazoo-Portage, MI",educational_attainment_pct,214,214,0,0,34.260748,32.3,4.4932032,29.6,30.1,39.8,40.8,29.6,40.8,9.7,2.55,0,214,17,14,17,True,0.0050212164,32.75,65.55,50188.5,7.05
424,28020,"Kalamazoo-Portage, MI",median_household_income,214,214,0,0,53194.131,49058,8574.411,44723,45679,58836,70525,44723,70525,13157,3446,0,214,17,14,17,True,0.0050212164,32.75,65.55,50188.5,7.05
424,28020,"Kalamazoo-Portage, MI",labor_force_participation_pct,214,214,0,0,65.529907,65.55,0.91689566,64.2,64.8,66.4,66.8,64.2,66.8,1.6,0.75,0,214,17,14,17,True,0.0050212164,32.75,65.55,50188.5,7.05
426,28100,"Kankakee, IL",startup_rate,165,165,0,0,4.6934695,4.7272727,3.3154868,0,2.8301887,6.25,10.649351,0,16.666667,3.4198113,1.8426573,18.787879,165,17,14,17,True,-0.0040911592,19.4,62.05,55619.5,7.95
426,28100,"Kankakee, IL",employment_growth,165,151,14,8.4848485,-0.0022936215,-0.0014864865,0.086474892,-0.1389114,-0.029676982,0.034644486,0.10510117,-0.33236364,0.4893617,0.064321468,0.034273372,1.986755,165,17,14,17,True,-0.0040911592,19.4,62.05,55619.5,7.95
426,28100,"Kankakee, IL",establishment_growth,165,151,14,8.4848485,-0.0080153925,0,0.049436671,-0.096006144,-0.026258331,0.014583407,0.052432117,-0.25,0.15,0.040841739,0.018099548,15.89404,165,17,14,17,True,-0.0040911592,19.4,62.05,55619.5,7.95
426,28100,"Kankakee, IL",payroll_growth,165,151,14,8.4848485,0.03104914,0.029969489,0.10421411,-0.14549566,-0.010545921,0.074280781,0.20237292,-0.30984612,0.53076481,0.084826702,0.042180011,0,165,17,14,17,True,-0.0040911592,19.4,62.05,55619.5,7.95
426,28100,"Kankakee, IL",wage_growth,165,151,14,8.4848485,0.033639814,0.02938047,0.05788295,-0.038895863,0.0064192167,0.055347736,0.12718193,-0.1808178,0.38141287,0.048928519,0.024373999,0,165,17,14,17,True,-0.0040911592,19.4,62.05,55619.5,7.95
426,28100,"Kankakee, IL",acs_population_growth,165,153,12,7.2727273,-0.0038294768,-0.0040911592,0.0052257245,-0.016556894,-0.0063179901,-0.0015816913,0.0070918822,-0.016556894,0.0070918822,0.0047362988,0.0022268309,0,165,17,14,17,True,-0.0040911592,19.4,62.05,55619.5,7.95
426,28100,"Kankakee, IL",unemployment_rate,165,165,0,0,7.9042424,7.5,2.4465095,5.1,5.4,10.5,11.5,5.1,11.5,5.1,2.3,0,165,17,14,17,True,-0.0040911592,19.4,62.05,55619.5,7.95
426,28100,"Kankakee, IL",educational_attainment_pct,165,165,0,0,19.199394,19.8,1.5033498,16.9,17.4,20.6,21,16.9,21,3.2,1,0,165,17,14,17,True,-0.0040911592,19.4,62.05,55619.5,7.95
426,28100,"Kankakee, IL",median_household_income,165,165,0,0,56272.303,56542,5800.1867,49411.6,50484,59370,68325,49266,68325,8886,5122,0,165,17,14,17,True,-0.0040911592,19.4,62.05,55619.5,7.95
426,28100,"Kankakee, IL",labor_force_participation_pct,165,165,0,0,62.392727,61.7,1.2746862,61,61.4,63.5,65,61,65,2.1,0.7,0,165,17,14,17,True,-0.0040911592,19.4,62.05,55619.5,7.95
427,28140,"Kansas City, MO-KS",startup_rate,58,58,0,0,6.8715036,7.0033605,2.1556256,3.5545538,5.2183742,8.6066491,10.075031,3.1607263,10.782502,3.3882749,1.6918786,0,58,8,14,8,False,0.0081762119,35.35,68.3,60411.5,5.3
427,28140,"Kansas City, MO-KS",employment_growth,58,48,10,17.241379,0.016987575,0.019409582,0.031203445,-0.046088089,0.0045024727,0.038572483,0.056219874,-0.079525104,0.059685744,0.034070011,0.015937563,0,58,8,14,8,False,0.0081762119,35.35,68.3,60411.5,5.3
427,28140,"Kansas City, MO-KS",establishment_growth,58,48,10,17.241379,0.003212726,0.0098140301,0.054711648,-0.032821407,-0.0030135862,0.019587602,0.039853918,-0.32935098,0.10645223,0.022601189,0.011047571,2.0833333,58,8,14,8,False,0.0081762119,35.35,68.3,60411.5,5.3
427,28140,"Kansas City, MO-KS",payroll_growth,58,48,10,17.241379,0.046218273,0.042849568,0.039057441,-0.0061178668,0.02568957,0.071285642,0.10706347,-0.062644447,0.14343549,0.045596072,0.026826291,0,58,8,14,8,False,0.0081762119,35.35,68.3,60411.5,5.3
427,28140,"Kansas City, MO-KS",wage_growth,58,48,10,17.241379,0.02880096,0.026630258,0.024180148,-0.0035867523,0.013710207,0.038285991,0.077607791,-0.01954493,0.088075031,0.024575784,0.012552511,0,58,8,14,8,False,0.0081762119,35.35,68.3,60411.5,5.3
427,28140,"Kansas City, MO-KS",acs_population_growth,58,53,5,8.6206897,0.0074619524,0.0076887489,0.0041546865,-0.0048492359,0.0070400233,0.009024963,0.014922143,-0.0048492359,0.014922143,0.0019849396,0.00096762451,0,58,8,14,8,False,0.0081762119,35.35,68.3,60411.5,5.3
427,28140,"Kansas City, MO-KS",unemployment_rate,58,58,0,0,5.9034483,6.1,1.4123472,4.07,4.3,7.3,7.8,3.9,7.8,3,1.3,0,58,8,14,8,False,0.0081762119,35.35,68.3,60411.5,5.3
427,28140,"Kansas City, MO-KS",educational_attainment_pct,58,58,0,0,35.032759,34.65,2.2087059,32.2,33.3,37.1,38.605,32.2,39.2,3.8,1.85,0,58,8,14,8,False,0.0081762119,35.35,68.3,60411.5,5.3
427,28140,"Kansas City, MO-KS",median_household_income,58,58,0,0,62423.362,58366,7968.543,55749,56826,66632,79292,55749,81927,9806,1753,0,58,8,14,8,False,0.0081762119,35.35,68.3,60411.5,5.3
427,28140,"Kansas City, MO-KS",labor_force_participation_pct,58,58,0,0,68.65,68.4,0.69968665,68,68.1,69,70,68,70,0.9,0.3,0,58,8,14,8,False,0.0081762119,35.35,68.3,60411.5,5.3
433,28420,"Kennewick-Richland, WA",startup_rate,188,188,0,0,7.7497449,7.6501272,2.8031861,3.4092702,5.8344348,9.5230031,12.379211,1.8604651,16.438356,3.6885683,1.8535194,0,188,14,14,14,True,0.018052153,25.7,63.65,61131,6.25
433,28420,"Kennewick-Richland, WA",employment_growth,188,176,12,6.3829787,0.016784597,0.021726573,0.084405149,-0.09011322,-0.012023385,0.045733941,0.11717986,-0.47624703,0.38821138,0.057757325,0.027121188,0,188,14,14,14,True,0.018052153,25.7,63.65,61131,6.25
433,28420,"Kennewick-Richland, WA",establishment_growth,188,176,12,6.3829787,0.037210465,0.020618644,0.36775879,-0.062637363,-0.0043640931,0.046905793,0.099157373,-0.85182609,4.7216667,0.051269886,0.0259849,2.8409091,188,14,14,14,True,0.018052153,25.7,63.65,61131,6.25
433,28420,"Kennewick-Richland, WA",payroll_growth,188,176,12,6.3829787,0.055015769,0.052689412,0.10448449,-0.072440824,0.017953932,0.087558837,0.19478197,-0.44528188,0.814246,0.069604905,0.035354404,0,188,14,14,14,True,0.018052153,25.7,63.65,61131,6.25
433,28420,"Kennewick-Richland, WA",wage_growth,188,176,12,6.3829787,0.038219895,0.030700969,0.057547997,-0.033575707,0.015444507,0.055689999,0.11293328,-0.16082077,0.42426105,0.040245492,0.018924864,0,188,14,14,14,True,0.018052153,25.7,63.65,61131,6.25
433,28420,"Kennewick-Richland, WA",acs_population_growth,188,177,11,5.8510638,0.019775583,0.018052153,0.0063175928,0.011990061,0.015704848,0.02198392,0.033552008,0.011990061,0.033552008,0.0062790727,0.0034188527,0,188,14,14,14,True,0.018052153,25.7,63.65,61131,6.25
433,28420,"Kennewick-Richland, WA",unemployment_rate,188,188,0,0,6.1808511,5.9,0.91899464,5.1,5.3,7,7.8,5.1,7.8,1.7,0.7,0,188,14,14,14,True,0.018052153,25.7,63.65,61131,6.25
433,28420,"Kennewick-Richland, WA",educational_attainment_pct,188,188,0,0,26.284043,26,1.6636281,24.1,24.9,27.9,29.3,24.1,29.3,3,1.1,0,188,14,14,14,True,0.018052153,25.7,63.65,61131,6.25
433,28420,"Kennewick-Richland, WA",median_household_income,188,188,0,0,65438.053,61999,9414.6793,54374,58895,70545,85881,54374,85881,11650,4491,0,188,14,14,14,True,0.018052153,25.7,63.65,61131,6.25
433,28420,"Kennewick-Richland, WA",labor_force_participation_pct,188,188,0,0,64.024468,63.6,0.87651304,63.2,63.3,65,66.2,63.2,66.2,1.7,0.4,0,188,14,14,14,True,0.018052153,25.7,63.65,61131,6.25
434,28450,"Kenosha, WI",startup_rate,189,189,0,0,5.5524937,5.4237288,3.6694847,0,3.3333333,7.9734219,12.081386,0,16,4.6400886,2.3432615,16.931217,189,17,14,17,True,,30.8,67.2,79412,4.8
434,28450,"Kenosha, WI",employment_growth,189,174,15,7.9365079,0.026809195,0.020365446,0.080140601,-0.074678415,-0.0065273472,0.056779686,0.13090681,-0.18564036,0.56131968,0.063307034,0.030139523,0.57471264,189,17,14,17,True,,30.8,67.2,79412,4.8
434,28450,"Kenosha, WI",establishment_growth,189,174,15,7.9365079,0.029140314,0.020339625,0.07210614,-0.065833439,0,0.056155015,0.17785368,-0.22222222,0.38461538,0.056155015,0.028390244,8.6206897,189,17,14,17,True,,30.8,67.2,79412,4.8
434,28450,"Kenosha, WI",payroll_growth,189,174,15,7.9365079,0.074847152,0.056718596,0.098111417,-0.051351684,0.021041055,0.10929591,0.23860098,-0.19540259,0.64794253,0.088254851,0.042737697,0,189,17,14,17,True,,30.8,67.2,79412,4.8
434,28450,"Kenosha, WI",wage_growth,189,174,15,7.9365079,0.047877547,0.042900174,0.072093314,-0.049834489,0.0095174538,0.074308204,0.1484022,-0.1062637,0.5866423,0.06479075,0.031870117,0,189,17,14,17,True,,30.8,67.2,79412,4.8
434,28450,"Kenosha, WI",acs_population_growth,189,0,189,100,,,,,,,,,,,,,189,17,14,17,True,,30.8,67.2,79412,4.8
434,28450,"Kenosha, WI",unemployment_rate,189,14,175,92.592593,4.8,4.8,9.2170631e-16,4.8,4.8,4.8,4.8,4.8,4.8,0,0,0,189,17,14,17,True,,30.8,67.2,79412,4.8
434,28450,"Kenosha, WI",educational_attainment_pct,189,14,175,92.592593,30.8,30.8,3.6868252e-15,30.8,30.8,30.8,30.8,30.8,30.8,0,0,0,189,17,14,17,True,,30.8,67.2,79412,4.8
434,28450,"Kenosha, WI",median_household_income,189,14,175,92.592593,79412,79412,0,79412,79412,79412,79412,79412,79412,0,0,0,189,17,14,17,True,,30.8,67.2,79412,4.8
434,28450,"Kenosha, WI",labor_force_participation_pct,189,14,175,92.592593,67.2,67.2,1.4747301e-14,67.2,67.2,67.2,67.2,67.2,67.2,0,0,0,189,17,14,17,True,,30.8,67.2,79412,4.8
439,28660,"Killeen-Temple, TX",startup_rate,142,142,0,0,7.4068279,7.3086743,2.7527349,3.2445805,5.6404465,9.1494527,11.705079,0,17.54386,3.5090062,1.7424624,0.70422535,142,14,14,14,True,0.015594499,22,64.1,51761,8.2
439,28660,"Killeen-Temple, TX",employment_growth,142,125,17,11.971831,0.012979562,0.016098485,0.063730403,-0.11274702,-0.015368852,0.037567504,0.11485872,-0.20932697,0.17855038,0.052936357,0.028192173,0,142,14,14,14,True,0.015594499,22,64.1,51761,8.2
439,28660,"Killeen-Temple, TX",establishment_growth,142,125,17,11.971831,0.018448173,0.018518519,0.034463357,-0.031030151,-0.0047505938,0.037410072,0.077169049,-0.078947368,0.1255814,0.042160666,0.020057149,3.2,142,14,14,14,True,0.015594499,22,64.1,51761,8.2
439,28660,"Killeen-Temple, TX",payroll_growth,142,125,17,11.971831,0.050612424,0.048424324,0.080233219,-0.068689824,0.011215736,0.09227409,0.18539009,-0.18251866,0.29120646,0.081058354,0.042382646,0,142,14,14,14,True,0.015594499,22,64.1,51761,8.2
439,28660,"Killeen-Temple, TX",wage_growth,142,125,17,11.971831,0.036995135,0.034981714,0.041076311,-0.027585543,0.010440924,0.06241,0.10232407,-0.060159919,0.18923059,0.051969076,0.025967839,0.8,142,14,14,14,True,0.015594499,22,64.1,51761,8.2
439,28660,"Killeen-Temple, TX",acs_population_growth,142,131,11,7.7464789,0.017578756,0.015594499,0.0061849844,0.010743676,0.013751798,0.020278834,0.034060668,0.010743676,0.034060668,0.0065270362,0.0029604,0,142,14,14,14,True,0.015594499,22,64.1,51761,8.2
439,28660,"Killeen-Temple, TX",unemployment_rate,142,142,0,0,8.2387324,7.9,0.8473445,7.1,7.5,8.8,9.5,7.1,9.5,1.3,0.6,0,142,14,14,14,True,0.015594499,22,64.1,51761,8.2
439,28660,"Killeen-Temple, TX",educational_attainment_pct,142,142,0,0,22.221831,22.4,1.8643393,19.7,20.3,23.5,25.4,19.7,25.4,3.2,2,0,142,14,14,14,True,0.015594499,22,64.1,51761,8.2
439,28660,"Killeen-Temple, TX",median_household_income,142,142,0,0,54126.528,52353,5569.0911,48228,49990,55306,67203,48228,67203,5316,2445,0,142,14,14,14,True,0.015594499,22,64.1,51761,8.2
439,28660,"Killeen-Temple, TX",labor_force_participation_pct,142,142,0,0,64.311268,64.1,1.000007,63.3,63.5,64.5,66.6,63.3,66.6,1,0.6,0,142,14,14,14,True,0.015594499,22,64.1,51761,8.2
441,28700,"Kingsport-Bristol, TN-VA",startup_rate,81,81,0,0,5.0254655,4.7244094,2.2932429,1.9480519,3.4155598,6.2337662,8.5106383,1.1111111,13.75,2.8182065,1.5093568,0,81,12,14,12,False,0.00018776364,19.95,54.55,40995,7.25
441,28700,"Kingsport-Bristol, TN-VA",employment_growth,81,67,14,17.283951,0.0013936526,0.0060652009,0.051397499,-0.075393109,-0.0091278752,0.027662812,0.072376329,-0.21208307,0.13779983,0.036790687,0.019231489,0,81,12,14,12,False,0.00018776364,19.95,54.55,40995,7.25
441,28700,"Kingsport-Bristol, TN-VA",establishment_growth,81,67,14,17.283951,0.0065614718,0.0024213075,0.052520476,-0.039855072,-0.013884013,0.029034673,0.088159813,-0.24281609,0.13861386,0.042918687,0.02159939,5.9701493,81,12,14,12,False,0.00018776364,19.95,54.55,40995,7.25
441,28700,"Kingsport-Bristol, TN-VA",payroll_growth,81,67,14,17.283951,0.035754972,0.037622724,0.061222701,-0.056168522,0.0059212621,0.065135655,0.13271321,-0.16651546,0.19428297,0.059214393,0.030501542,0,81,12,14,12,False,0.00018776364,19.95,54.55,40995,7.25
441,28700,"Kingsport-Bristol, TN-VA",wage_growth,81,67,14,17.283951,0.034577126,0.029129556,0.037323821,-0.016878478,0.0099536291,0.055492999,0.099445,-0.028980801,0.15241659,0.04553937,0.022196179,0,81,12,14,12,False,0.00018776364,19.95,54.55,40995,7.25
441,28700,"Kingsport-Bristol, TN-VA",acs_population_growth,81,75,6,7.4074074,0.00047620856,0.00018776364,0.0021861668,-0.0024260873,-0.0011442729,0.0023520124,0.0038717711,-0.0024260873,0.0038717711,0.0034962854,0.0021307688,0,81,12,14,12,False,0.00018776364,19.95,54.55,40995,7.25
441,28700,"Kingsport-Bristol, TN-VA",unemployment_rate,81,81,0,0,7.2839506,6.8,1.2902962,5.8,6.1,8.5,9.5,5.8,9.5,2.4,0.9,0,81,12,14,12,False,0.00018776364,19.95,54.55,40995,7.25
441,28700,"Kingsport-Bristol, TN-VA",educational_attainment_pct,81,81,0,0,20.528395,20,1.8381536,18,18.6,22.2,23.8,18,23.8,3.6,1.4,0,81,12,14,12,False,0.00018776364,19.95,54.55,40995,7.25
441,28700,"Kingsport-Bristol, TN-VA",median_household_income,81,81,0,0,43702.296,41558,5704.0063,37749,39008,46685,55948,37749,55948,7677,2633,0,81,12,14,12,False,0.00018776364,19.95,54.55,40995,7.25
441,28700,"Kingsport-Bristol, TN-VA",labor_force_participation_pct,81,81,0,0,54.87284,54.3,1.183851,53.6,53.9,56,57,53.6,57,2.1,0.6,0,81,12,14,12,False,0.00018776364,19.95,54.55,40995,7.25
442,28740,"Kingston, NY",startup_rate,222,222,0,0,5.775148,6.1734009,3.2101954,0,4.0015031,8.0558405,10.397214,0,12.871287,4.0543374,2.0647437,14.414414,222,19,14,19,True,-0.0016455377,31.2,61.9,61022.5,6.8
442,28740,"Kingston, NY",employment_growth,222,201,21,9.4594595,0.008137644,0.0047489824,0.086225328,-0.10966981,-0.015552995,0.04150454,0.13176471,-0.33217189,0.63436123,0.057057535,0.030479163,0.99502488,222,19,14,19,True,-0.0016455377,31.2,61.9,61022.5,6.8
442,28740,"Kingston, NY",establishment_growth,222,201,21,9.4594595,0.011573129,0.0057471264,0.047548291,-0.045307443,-0.013513514,0.03030303,0.10810811,-0.2,0.17647059,0.043816544,0.021876159,10.447761,222,19,14,19,True,-0.0016455377,31.2,61.9,61022.5,6.8
442,28740,"Kingston, NY",payroll_growth,222,201,21,9.4594595,0.049434133,0.046811623,0.10391926,-0.086352003,0.0029212983,0.085567104,0.196452,-0.2485636,0.83411844,0.082645805,0.042459894,0,222,19,14,19,True,-0.0016455377,31.2,61.9,61022.5,6.8
442,28740,"Kingston, NY",wage_growth,222,201,21,9.4594595,0.041745514,0.036870539,0.060810873,-0.04403475,0.011512494,0.063324493,0.13356777,-0.13576717,0.40157543,0.051811999,0.026237078,0,222,19,14,19,True,-0.0016455377,31.2,61.9,61022.5,6.8
442,28740,"Kingston, NY",acs_population_growth,222,205,17,7.6576577,-0.00028623522,-0.0016455377,0.0058322129,-0.0045856025,-0.0026800523,-0.00039391187,0.019571567,-0.0045856025,0.019571567,0.0022861404,0.0012516259,0,222,19,14,19,True,-0.0016455377,31.2,61.9,61022.5,6.8
442,28740,"Kingston, NY",unemployment_rate,222,222,0,0,7.1585586,6.5,1.8579397,5.1,5.1,9,10.2,5.1,10.2,3.9,1.4,0,222,19,14,19,True,-0.0016455377,31.2,61.9,61022.5,6.8
442,28740,"Kingston, NY",educational_attainment_pct,222,222,0,0,31.871622,31.2,2.4315528,29.3,29.9,33.2,37.1,29.3,37.1,3.3,1.7,0,222,19,14,19,True,-0.0016455377,31.2,61.9,61022.5,6.8
442,28740,"Kingston, NY",median_household_income,222,222,0,0,64143.239,61022.5,7455.4294,57584,58808,65306,81804,57584,81804,6498,2431.5,0,222,19,14,19,True,-0.0016455377,31.2,61.9,61022.5,6.8
442,28740,"Kingston, NY",labor_force_participation_pct,222,222,0,0,61.794144,61.9,1.826356,58.7,60.3,63.2,64.3,58.7,64.3,2.9,1.6,0,222,19,14,19,True,-0.0016455377,31.2,61.9,61022.5,6.8
446,28880,"Kiryas Joel-Poughkeepsie-Newburgh, NY",startup_rate,221,221,0,0,6.9478763,7.0528967,2.9613559,0,5.3864169,9.0530697,11.068702,0,16,3.6666529,1.8034492,7.6923077,221,18,14,18,True,,35.6,63.4,96912,5.1
446,28880,"Kiryas Joel-Poughkeepsie-Newburgh, NY",employment_growth,221,205,16,7.239819,0.015917836,0.018860363,0.069640219,-0.096351705,-0.0074702886,0.040712468,0.09314741,-0.35148393,0.33282905,0.048182757,0.023385627,0,221,18,14,18,True,,35.6,63.4,96912,5.1
446,28880,"Kiryas Joel-Poughkeepsie-Newburgh, NY",establishment_growth,221,205,16,7.239819,0.007906673,0.0061004223,0.030125358,-0.029531931,-0.010056315,0.022326675,0.066683267,-0.125,0.092092092,0.03238299,0.016226252,6.3414634,221,18,14,18,True,,35.6,63.4,96912,5.1
446,28880,"Kiryas Joel-Poughkeepsie-Newburgh, NY",payroll_growth,221,205,16,7.239819,0.051877293,0.044431177,0.075308882,-0.056625554,0.019662347,0.082268167,0.17341712,-0.27827785,0.36347598,0.06260582,0.028450479,0,221,18,14,18,True,,35.6,63.4,96912,5.1
446,28880,"Kiryas Joel-Poughkeepsie-Newburgh, NY",wage_growth,221,205,16,7.239819,0.036114184,0.032100803,0.042134228,-0.016840809,0.01031738,0.057255601,0.093706726,-0.11062025,0.29191242,0.046938221,0.021914431,0,221,18,14,18,True,,35.6,63.4,96912,5.1
446,28880,"Kiryas Joel-Poughkeepsie-Newburgh, NY",acs_population_growth,221,0,221,100,,,,,,,,,,,,,221,18,14,18,True,,35.6,63.4,96912,5.1
446,28880,"Kiryas Joel-Poughkeepsie-Newburgh, NY",unemployment_rate,221,15,206,93.21267,5.1,5.1,9.1935201e-16,5.1,5.1,5.1,5.1,5.1,5.1,0,0,0,221,18,14,18,True,,35.6,63.4,96912,5.1
446,28880,"Kiryas Joel-Poughkeepsie-Newburgh, NY",educational_attainment_pct,221,15,206,93.21267,35.6,35.6,7.3548161e-15,35.6,35.6,35.6,35.6,35.6,35.6,0,0,0,221,18,14,18,True,,35.6,63.4,96912,5.1
446,28880,"Kiryas Joel-Poughkeepsie-Newburgh, NY",median_household_income,221,15,206,93.21267,96912,96912,0,96912,96912,96912,96912,96912,96912,0,0,0,221,18,14,18,True,,35.6,63.4,96912,5.1
446,28880,"Kiryas Joel-Poughkeepsie-Newburgh, NY",labor_force_participation_pct,221,15,206,93.21267,63.4,63.4,7.3548161e-15,63.4,63.4,63.4,63.4,63.4,63.4,0,0,0,221,18,14,18,True,,35.6,63.4,96912,5.1
448,28940,"Knoxville, TN",startup_rate,58,58,0,0,6.363897,6.3676621,2.4253603,3.0769876,4.6569749,7.3714065,10.666089,1.5228426,13.297872,2.7144317,1.5798292,0,58,11,14,11,False,0.0090848336,28.55,60.35,48588.5,6.25
448,28940,"Knoxville, TN",employment_growth,58,38,20,34.482759,0.018092601,0.017161957,0.034997251,-0.022785414,0.0027361541,0.030253049,0.072096448,-0.09382151,0.12832545,0.027516895,0.014391103,0,58,11,14,11,False,0.0090848336,28.55,60.35,48588.5,6.25
448,28940,"Knoxville, TN",establishment_growth,58,38,20,34.482759,0.018980279,0.022684675,0.04319185,-0.02111879,0.001928846,0.03784642,0.076105024,-0.18022088,0.085357391,0.035917574,0.019499187,0,58,11,14,11,False,0.0090848336,28.55,60.35,48588.5,6.25
448,28940,"Knoxville, TN",payroll_growth,58,38,20,34.482759,0.057545593,0.050190852,0.040872089,0.0085129354,0.025633729,0.079976074,0.13848398,-0.0034995696,0.15472456,0.054342345,0.028339747,0,58,11,14,11,False,0.0090848336,28.55,60.35,48588.5,6.25
448,28940,"Knoxville, TN",wage_growth,58,38,20,34.482759,0.03909535,0.034375735,0.032289874,0.00068419456,0.01806662,0.056816673,0.092020951,-0.043170578,0.11164462,0.038750053,0.018005166,0,58,11,14,11,False,0.0090848336,28.55,60.35,48588.5,6.25
448,28940,"Knoxville, TN",acs_population_growth,58,56,2,3.4482759,0.022305918,0.0095433719,0.052366857,-0.017457706,0.0058111221,0.012065469,0.2062246,-0.017457706,0.2062246,0.0062543471,0.0034999442,0,58,11,14,11,False,0.0090848336,28.55,60.35,48588.5,6.25
448,28940,"Knoxville, TN",unemployment_rate,58,58,0,0,5.9155172,5.4,1.4808487,4.2,4.6,6.9,8.6,3.9,8.6,2.3,1.1,0,58,11,14,11,False,0.0090848336,28.55,60.35,48588.5,6.25
448,28940,"Knoxville, TN",educational_attainment_pct,58,58,0,0,29.101724,28.6,1.7373595,26.4,27.85,31,31.4,26.4,31.9,3.15,1.8,0,58,11,14,11,False,0.0090848336,28.55,60.35,48588.5,6.25
448,28940,"Knoxville, TN",median_household_income,58,58,0,0,53488.69,52113,7954.6057,44666,46422,60862,66715,44666,69734,14440,5895,0,58,11,14,11,False,0.0090848336,28.55,60.35,48588.5,6.25
448,28940,"Knoxville, TN",labor_force_participation_pct,58,58,0,0,60.389655,60.3,1.023357,59.385,59.6,60.6,62.9,59.3,63.1,1,0.35,0,58,11,14,11,False,0.0090848336,28.55,60.35,48588.5,6.25
449,29020,"Kokomo, IN",startup_rate,174,174,0,0,4.6144467,4.5743403,4.096707,0,0,6.6447368,11.724266,0,20,6.6447368,2.6286784,28.735632,174,17,14,17,True,-0.00067971889,19.9,59.4,47126.5,7.05
449,29020,"Kokomo, IN",employment_growth,174,162,12,6.8965517,0.00082141166,0.0089912504,0.080198934,-0.13700004,-0.040865385,0.045460443,0.11833669,-0.40449438,0.2244898,0.086325827,0.039432155,1.8518519,174,17,14,17,True,-0.00067971889,19.9,59.4,47126.5,7.05
449,29020,"Kokomo, IN",establishment_growth,174,162,12,6.8965517,0.0034534475,0,0.077944094,-0.1,-0.014270926,0.025894331,0.10453224,-0.36842105,0.25,0.040165257,0.022024854,21.604938,174,17,14,17,True,-0.00067971889,19.9,59.4,47126.5,7.05
449,29020,"Kokomo, IN",payroll_growth,174,162,12,6.8965517,0.03455512,0.034193344,0.11690021,-0.11874774,-0.0038443193,0.076069156,0.20001243,-0.51270215,0.64101714,0.079913476,0.041078725,0,174,17,14,17,True,-0.00067971889,19.9,59.4,47126.5,7.05
449,29020,"Kokomo, IN",wage_growth,174,162,12,6.8965517,0.033783724,0.025565024,0.089938003,-0.066419029,0.00051846365,0.061295528,0.13191407,-0.32839053,0.706677,0.060777064,0.0310126,0,174,17,14,17,True,-0.00067971889,19.9,59.4,47126.5,7.05
449,29020,"Kokomo, IN",acs_population_growth,174,162,12,6.8965517,-0.011602556,-0.00067971889,0.042901885,-0.16225678,-0.0028854788,0.0014372849,0.010462381,-0.16225678,0.010462381,0.0043227636,0.0022057599,0,174,17,14,17,True,-0.00067971889,19.9,59.4,47126.5,7.05
449,29020,"Kokomo, IN",unemployment_rate,174,174,0,0,7.7741379,6.5,2.2842178,5.1,5.7,10.3,11.2,5.1,11.2,4.6,1.2,0,174,17,14,17,True,-0.00067971889,19.9,59.4,47126.5,7.05
449,29020,"Kokomo, IN",educational_attainment_pct,174,174,0,0,19.991954,20,0.89793834,18.7,19.1,20.8,21.6,18.7,21.6,1.7,0.8,0,174,17,14,17,True,-0.00067971889,19.9,59.4,47126.5,7.05
449,29020,"Kokomo, IN",median_household_income,174,174,0,0,50448.868,47958,6754.7504,42078,45702,56387,62496,42078,62496,10685,4050,0,174,17,14,17,True,-0.00067971889,19.9,59.4,47126.5,7.05
449,29020,"Kokomo, IN",labor_force_participation_pct,174,174,0,0,59.481034,59.4,0.37002901,58.7,59.3,59.7,60.3,58.7,60.3,0.4,0.3,0,174,17,14,17,True,-0.00067971889,19.9,59.4,47126.5,7.05
451,29100,"La Crosse-Onalaska, WI-MN",startup_rate,127,127,0,0,5.3202718,4.8387097,2.2797277,2.2867094,3.7898388,6.6666667,9.1888112,0,13.580247,2.8768278,1.3196481,2.3622047,127,15,14,15,True,0.003923771,31.25,68.2,53289,4.55
451,29100,"La Crosse-Onalaska, WI-MN",employment_growth,127,112,15,11.811024,0.01007372,0.018756079,0.057479885,-0.1064598,-0.0056371076,0.039853856,0.07544881,-0.22012038,0.14222712,0.045490964,0.022652951,0,127,15,14,15,True,0.003923771,31.25,68.2,53289,4.55
451,29100,"La Crosse-Onalaska, WI-MN",establishment_growth,127,112,15,11.811024,0.01183047,0.007803943,0.037872294,-0.04302762,-0.011863787,0.02979798,0.082571429,-0.074257426,0.16235294,0.041661767,0.021501999,7.1428571,127,15,14,15,True,0.003923771,31.25,68.2,53289,4.55
451,29100,"La Crosse-Onalaska, WI-MN",payroll_growth,127,112,15,11.811024,0.050545949,0.050972837,0.055793519,-0.029795502,0.018231601,0.079252422,0.12984704,-0.17480202,0.24285581,0.061020821,0.031582597,0,127,15,14,15,True,0.003923771,31.25,68.2,53289,4.55
451,29100,"La Crosse-Onalaska, WI-MN",wage_growth,127,112,15,11.811024,0.041211338,0.035543213,0.042105079,-0.0079414742,0.019633329,0.0553351,0.10472749,-0.060862019,0.24642305,0.035701771,0.017454681,0,127,15,14,15,True,0.003923771,31.25,68.2,53289,4.55
451,29100,"La Crosse-Onalaska, WI-MN",acs_population_growth,127,119,8,6.2992126,0.015021833,0.003452083,0.048133658,-0.00039540752,0.00092065081,0.0060641171,0.037083373,-0.00039540752,0.22225658,0.0051434663,0.0026120341,0,127,15,14,15,True,0.003923771,31.25,68.2,53289,4.55
451,29100,"La Crosse-Onalaska, WI-MN",unemployment_rate,127,127,0,0,4.4,4.7,1.1437199,2.6,3.3,5.6,5.9,2.6,5.9,2.3,1,0,127,15,14,15,True,0.003923771,31.25,68.2,53289,4.55
451,29100,"La Crosse-Onalaska, WI-MN",educational_attainment_pct,127,127,0,0,31.14252,31,2.3436344,27.8,28.8,33.4,34.44,27.8,34.5,4.6,2.2,0,127,15,14,15,True,0.003923771,31.25,68.2,53289,4.55
451,29100,"La Crosse-Onalaska, WI-MN",median_household_income,127,127,0,0,55863.803,52004,6137.519,49573,51156,58501,69043,49573,71009,7345,2431,0,127,15,14,15,True,0.003923771,31.25,68.2,53289,4.55
451,29100,"La Crosse-Onalaska, WI-MN",labor_force_participation_pct,127,127,0,0,68.085039,68.2,1.4972503,66.2,67.2,69.3,70.4,65.2,70.4,2.1,1.1,0,127,15,14,15,True,0.003923771,31.25,68.2,53289,4.55
452,29180,"Lafayette, LA",startup_rate,215,215,0,0,6.3362586,6.1919505,3.2044491,0,4.5135588,8.3722741,11.725,0,17.857143,3.8587154,1.8400986,7.9069767,215,19,14,19,True,0.0074166965,23.85,63.6,49031.5,6.65
452,29180,"Lafayette, LA",employment_growth,215,194,21,9.7674419,0.0026131394,0.010837382,0.067581259,-0.1238624,-0.027097381,0.037990309,0.10668675,-0.2334827,0.21040975,0.06508769,0.033004266,0,215,19,14,19,True,0.0074166965,23.85,63.6,49031.5,6.65
452,29180,"Lafayette, LA",establishment_growth,215,194,21,9.7674419,0.016238151,0.015259473,0.042319992,-0.057206551,-0.0011857069,0.034231947,0.083204393,-0.13986014,0.2278481,0.035417654,0.018747917,3.0927835,215,19,14,19,True,0.0074166965,23.85,63.6,49031.5,6.65
452,29180,"Lafayette, LA",payroll_growth,215,194,21,9.7674419,0.03260129,0.028672273,0.098648747,-0.14966165,-0.0068317618,0.07836415,0.19905229,-0.26711951,0.46620914,0.085195911,0.042038707,0,215,19,14,19,True,0.0074166965,23.85,63.6,49031.5,6.65
452,29180,"Lafayette, LA",wage_growth,215,194,21,9.7674419,0.028718915,0.027097595,0.04897702,-0.034830507,0.0055343968,0.047790115,0.10500956,-0.19914859,0.2983931,0.042255719,0.021195889,0,215,19,14,19,True,0.0074166965,23.85,63.6,49031.5,6.65
452,29180,"Lafayette, LA",acs_population_growth,215,201,14,6.5116279,0.042456948,0.0074166965,0.18992441,-0.14375293,0.00062459942,0.0098662971,0.71957875,-0.14375293,0.71957875,0.0092416976,0.0052618469,0,215,19,14,19,True,0.0074166965,23.85,63.6,49031.5,6.65
452,29180,"Lafayette, LA",unemployment_rate,215,215,0,0,6.6627907,6.7,0.67637822,5.4,6.2,7,7.7,5.4,7.7,0.8,0.3,0,215,19,14,19,True,0.0074166965,23.85,63.6,49031.5,6.65
452,29180,"Lafayette, LA",educational_attainment_pct,215,215,0,0,23.247907,23.4,1.9373078,20,21.6,24.6,27,20,27,3,1.3,0,215,19,14,19,True,0.0074166965,23.85,63.6,49031.5,6.65
452,29180,"Lafayette, LA",median_household_income,215,215,0,0,50889.958,49514,4401.2213,46472,47309,52827,60910,46472,60910,5518,2340,0,215,19,14,19,True,0.0074166965,23.85,63.6,49031.5,6.65
452,29180,"Lafayette, LA",labor_force_participation_pct,215,215,0,0,63.731628,63.2,2.0090972,61.1,62,64.5,67.2,61.1,67.2,2.5,1.3,0,215,19,14,19,True,0.0074166965,23.85,63.6,49031.5,6.65
453,29200,"Lafayette-West Lafayette, IN",startup_rate,59,59,0,0,5.9295601,5.8309038,2.2331061,2.7441965,3.9479345,7.7099076,9.6570548,1.9607843,10.559006,3.7619731,2.012288,0,59,9,14,9,False,0.011705845,34.4,63.2,52034,4.7
453,29200,"Lafayette-West Lafayette, IN",employment_growth,59,45,14,23.728814,0.025415628,0.0184003,0.03845799,-0.025243841,0.0016522098,0.060064191,0.085522178,-0.065635452,0.10790598,0.058411981,0.019757766,0,59,9,14,9,False,0.011705845,34.4,63.2,52034,4.7
453,29200,"Lafayette-West Lafayette, IN",establishment_growth,59,45,14,23.728814,0.012188763,0.0080862534,0.035121859,-0.030190725,-0.010084034,0.022988506,0.071420814,-0.032590051,0.13469388,0.033072539,0.018069614,0,59,9,14,9,False,0.011705845,34.4,63.2,52034,4.7
453,29200,"Lafayette-West Lafayette, IN",payroll_growth,59,45,14,23.728814,0.07618653,0.053764315,0.12248586,-0.012871425,0.01712404,0.095513494,0.16741181,-0.032757624,0.80296139,0.078389454,0.039129612,0,59,9,14,9,False,0.011705845,34.4,63.2,52034,4.7
453,29200,"Lafayette-West Lafayette, IN",wage_growth,59,45,14,23.728814,0.048564861,0.031241476,0.097815436,-0.0037851097,0.0095001037,0.059212887,0.087936648,-0.016188612,0.65920715,0.049712784,0.023624017,0,59,9,14,9,False,0.011705845,34.4,63.2,52034,4.7
453,29200,"Lafayette-West Lafayette, IN",acs_population_growth,59,42,17,28.813559,0.010240817,0.011991592,0.015566183,-0.028702881,0.0058401567,0.013066812,0.04688503,-0.030331708,0.048569659,0.0072266556,0.0028854804,0,59,9,14,9,False,0.011705845,34.4,63.2,52034,4.7
453,29200,"Lafayette-West Lafayette, IN",unemployment_rate,59,46,13,22.033898,5.3021739,4.95,1.7053496,3,3.8,6.7,8.5,3,8.5,2.9,1.25,0,59,9,14,9,False,0.011705845,34.4,63.2,52034,4.7
453,29200,"Lafayette-West Lafayette, IN",educational_attainment_pct,59,46,13,22.033898,33.743478,34,1.32458,32.1,32.3,34.8,35.625,32.1,35.7,2.5,1.4,0,59,9,14,9,False,0.011705845,34.4,63.2,52034,4.7
453,29200,"Lafayette-West Lafayette, IN",median_household_income,59,46,13,22.033898,51125.022,51414.5,4582.001,45062,46582,53321,59895,45062,59895,6739,3271.5,0,59,9,14,9,False,0.011705845,34.4,63.2,52034,4.7
453,29200,"Lafayette-West Lafayette, IN",labor_force_participation_pct,59,46,13,22.033898,63.243478,63.3,0.62241543,62,62.9,63.8,64.05,62,64.1,0.9,0.5,0,59,9,14,9,False,0.011705845,34.4,63.2,52034,4.7
456,29340,"Lake Charles, LA",startup_rate,112,112,0,0,5.7443909,5.53467,2.8212893,0,4.1285052,7.2881291,11.349123,0,12.5,3.1596238,1.6517462,7.1428571,112,13,14,13,True,0.0068067505,21,61.85,47760,6.9
456,29340,"Lake Charles, LA",employment_growth,112,92,20,17.857143,0.0021599188,0.0031672284,0.10014373,-0.13961312,-0.039750734,0.040045692,0.12332702,-0.33889197,0.39641214,0.079796425,0.041310838,0,112,13,14,13,True,0.0068067505,21,61.85,47760,6.9
456,29340,"Lake Charles, LA",establishment_growth,112,92,20,17.857143,0.013487755,0.013061713,0.044375023,-0.073902592,-0.0052494529,0.041219748,0.095110887,-0.097222222,0.11278195,0.046469201,0.021102383,6.5217391,112,13,14,13,True,0.0068067505,21,61.85,47760,6.9
456,29340,"Lake Charles, LA",payroll_growth,112,92,20,17.857143,0.03620431,0.036144851,0.12719894,-0.15410156,-0.0042937154,0.081860286,0.18664201,-0.31795762,0.72757039,0.086154001,0.042248311,0,112,13,14,13,True,0.0068067505,21,61.85,47760,6.9
456,29340,"Lake Charles, LA",wage_growth,112,92,20,17.857143,0.032890666,0.031435062,0.050319733,-0.036949921,0.0097251951,0.059383507,0.10362139,-0.14758781,0.23715125,0.049658312,0.022489832,0,112,13,14,13,True,0.0068067505,21,61.85,47760,6.9
456,29340,"Lake Charles, LA",acs_population_growth,112,106,6,5.3571429,0.015212701,0.0068067505,0.031627197,-0.0095237659,0.006099286,0.0077804797,0.11331364,-0.0095237659,0.137621,0.0016811937,0.00097372919,0,112,13,14,13,True,0.0068067505,21,61.85,47760,6.9
456,29340,"Lake Charles, LA",unemployment_rate,112,112,0,0,6.9866071,7.3,1.3703091,5.3,5.6,8.2,9,5.3,9,2.6,1.5,0,112,13,14,13,True,0.0068067505,21,61.85,47760,6.9
456,29340,"Lake Charles, LA",educational_attainment_pct,112,112,0,0,21,20.6,1.4510636,18.9,19.7,21.9,23.6,18.9,23.6,2.2,1,0,112,13,14,13,True,0.0068067505,21,61.85,47760,6.9
456,29340,"Lake Charles, LA",median_household_income,112,112,0,0,50073.348,47039,7033.1251,44204,44644,51643.5,65774.7,44204,67010,6999.5,2671,0,112,13,14,13,True,0.0068067505,21,61.85,47760,6.9
456,29340,"Lake Charles, LA",labor_force_participation_pct,112,112,0,0,61.589286,62,0.96453855,59.7,60.9,62.4,62.725,59.7,63,1.5,0.5,0,112,13,14,13,True,0.0068067505,21,61.85,47760,6.9
458,29420,"Lake Havasu City-Kingman, AZ",startup_rate,217,217,0,0,6.5332051,6.684492,3.9960531,0,4.5454545,8.9189189,13.333333,0,20,4.3734644,2.2344269,16.129032,217,18,14,18,True,0.0052153672,12.25,45.3,41070,10.45
458,29420,"Lake Havasu City-Kingman, AZ",employment_growth,217,201,16,7.3732719,0.029879745,0.019366197,0.12109087,-0.14248021,-0.019230769,0.060830861,0.25471698,-0.28089888,0.72580645,0.08006163,0.040483324,0.49751244,217,18,14,18,True,0.0052153672,12.25,45.3,41070,10.45
458,29420,"Lake Havasu City-Kingman, AZ",establishment_growth,217,201,16,7.3732719,0.041286995,0.018867925,0.15856469,-0.077669903,-0.012135922,0.071428571,0.16666667,-0.375,1.7142857,0.083564494,0.040166065,6.9651741,217,18,14,18,True,0.0052153672,12.25,45.3,41070,10.45
458,29420,"Lake Havasu City-Kingman, AZ",payroll_growth,217,201,16,7.3732719,0.079105914,0.050107739,0.16722517,-0.11310359,0.0032968142,0.1088825,0.37801679,-0.27088264,1.1907878,0.10558568,0.051702295,0,217,18,14,18,True,0.0052153672,12.25,45.3,41070,10.45
458,29420,"Lake Havasu City-Kingman, AZ",wage_growth,217,201,16,7.3732719,0.047820386,0.036536606,0.094928907,-0.039184242,0.01226542,0.070669051,0.1767048,-0.37525364,0.69294341,0.058403631,0.028247769,0,217,18,14,18,True,0.0052153672,12.25,45.3,41070,10.45
458,29420,"Lake Havasu City-Kingman, AZ",acs_population_growth,217,201,16,7.3732719,0.0068808599,0.0052153672,0.0050072151,0.0013080693,0.0026209577,0.0079150167,0.015903127,0.0013080693,0.015903127,0.005294059,0.0026996495,0,217,18,14,18,True,0.0052153672,12.25,45.3,41070,10.45
458,29420,"Lake Havasu City-Kingman, AZ",unemployment_rate,217,217,0,0,10.393088,10.1,2.7090039,6.9,7.6,13.2,14.5,6.9,14.5,5.6,2.5,0,217,18,14,18,True,0.0052153672,12.25,45.3,41070,10.45
458,29420,"Lake Havasu City-Kingman, AZ",educational_attainment_pct,217,217,0,0,12.849309,12.3,1.0452326,11.8,12,13.4,14.9,11.8,14.9,1.4,0.5,0,217,18,14,18,True,0.0052153672,12.25,45.3,41070,10.45
458,29420,"Lake Havasu City-Kingman, AZ",median_household_income,217,217,0,0,43922.899,41567,5597.3513,38456,39383,47686,55799,38456,55799,8303,3079,0,217,18,14,18,True,0.0052153672,12.25,45.3,41070,10.45
458,29420,"Lake Havasu City-Kingman, AZ",labor_force_participation_pct,217,217,0,0,46.519816,45.1,2.542313,43.9,44.8,48,52.3,43.9,52.3,3.2,0.5,0,217,18,14,18,True,0.0052153672,12.25,45.3,41070,10.45
459,29460,"Lakeland-Winter Haven, FL",startup_rate,244,244,0,0,8.3346859,8.4969802,4.4816122,0,5.7702574,11.216264,15.025279,0,25,5.4460066,2.7231203,11.47541,244,19,14,19,True,0.017576866,19.5,56,45193,8.5
459,29460,"Lakeland-Winter Haven, FL",employment_growth,244,228,16,6.557377,0.026570658,0.027049262,0.062880128,-0.0635861,0.0014789446,0.056326011,0.11121861,-0.23827047,0.34974383,0.054847066,0.027591629,0.43859649,244,19,14,19,True,0.017576866,19.5,56,45193,8.5
459,29460,"Lakeland-Winter Haven, FL",establishment_growth,244,228,16,6.557377,0.033756129,0.02509324,0.093417599,-0.053721174,0,0.057622867,0.12818999,-0.40847983,0.98201936,0.057622867,0.027988533,4.3859649,244,19,14,19,True,0.017576866,19.5,56,45193,8.5
459,29460,"Lakeland-Winter Haven, FL",payroll_growth,244,228,16,6.557377,0.06204455,0.060503894,0.073258936,-0.047027414,0.024808025,0.099068608,0.19510499,-0.19229603,0.33089921,0.074260583,0.036377863,0,244,19,14,19,True,0.017576866,19.5,56,45193,8.5
459,29460,"Lakeland-Winter Haven, FL",wage_growth,244,228,16,6.557377,0.034930295,0.0282674,0.042889993,-0.015545016,0.013599936,0.052364323,0.11871973,-0.14474263,0.17929031,0.038764387,0.019088977,0,244,19,14,19,True,0.017576866,19.5,56,45193,8.5
459,29460,"Lakeland-Winter Haven, FL",acs_population_growth,244,228,16,6.557377,0.019640394,0.017576866,0.0083311896,0.0094828984,0.011515742,0.026241605,0.033592809,0.0094828984,0.033592809,0.014725862,0.0072388844,0,244,19,14,19,True,0.017576866,19.5,56,45193,8.5
459,29460,"Lakeland-Winter Haven, FL",unemployment_rate,244,244,0,0,8.3241803,7.7,2.8672174,4.4,5.4,10.6,12.6,4.4,12.6,5.2,2.8,0,244,19,14,19,True,0.017576866,19.5,56,45193,8.5
459,29460,"Lakeland-Winter Haven, FL",educational_attainment_pct,244,244,0,0,19.593852,19.5,1.3502946,18,18.2,20.6,22.6,18,22.6,2.4,1.1,0,244,19,14,19,True,0.017576866,19.5,56,45193,8.5
459,29460,"Lakeland-Winter Haven, FL",median_household_income,244,244,0,0,48580.701,45988,6447.0272,43063,43606,51535,63644,43063,63644,7929,2850.5,0,244,19,14,19,True,0.017576866,19.5,56,45193,8.5
459,29460,"Lakeland-Winter Haven, FL",labor_force_participation_pct,244,244,0,0,56.145082,55.9,1.1735145,54.7,55.1,57.1,58.6,54.7,58.6,2,0.9,0,244,19,14,19,True,0.017576866,19.5,56,45193,8.5
461,29540,"Lancaster, PA",startup_rate,252,252,0,0,5.4665594,5.415242,3.3693922,0,3.8876521,7.1882117,10.095521,0,25,3.3005596,1.7401662,13.095238,252,19,14,19,True,0.0063476581,26.1,66.5,60364.5,5.1
461,29540,"Lancaster, PA",employment_growth,252,234,18,7.1428571,0.020024876,0.016800502,0.085795247,-0.066676848,-0.0037491872,0.038345955,0.088347692,-0.36423841,0.78393352,0.042095142,0.021446117,0.85470085,252,19,14,19,True,0.0063476581,26.1,66.5,60364.5,5.1
461,29540,"Lancaster, PA",establishment_growth,252,234,18,7.1428571,0.021635497,0.016404994,0.04541071,-0.022798503,0,0.035037075,0.072882483,-0.10869565,0.375,0.035037075,0.017217949,6.4102564,252,19,14,19,True,0.0063476581,26.1,66.5,60364.5,5.1
461,29540,"Lancaster, PA",payroll_growth,252,234,18,7.1428571,0.051899594,0.04358384,0.085110084,-0.029577588,0.018626348,0.072861482,0.14704687,-0.27879794,0.67948776,0.054235134,0.026821059,0,252,19,14,19,True,0.0063476581,26.1,66.5,60364.5,5.1
461,29540,"Lancaster, PA",wage_growth,252,234,18,7.1428571,0.031956022,0.02952456,0.036614618,-0.01485057,0.013338054,0.04999139,0.087117083,-0.14906217,0.22410495,0.036653335,0.017817576,0,252,19,14,19,True,0.0063476581,26.1,66.5,60364.5,5.1
461,29540,"Lancaster, PA",acs_population_growth,252,234,18,7.1428571,0.0063750782,0.0063476581,0.0026918933,0.0034539063,0.0049261907,0.006751308,0.013681981,0.0034539063,0.013681981,0.0018251173,0.0014214674,0,252,19,14,19,True,0.0063476581,26.1,66.5,60364.5,5.1
461,29540,"Lancaster, PA",unemployment_rate,252,252,0,0,5.0003968,4.7,1.419542,3.3,3.6,6.2,7.4,3.3,7.4,2.6,1.3,0,252,19,14,19,True,0.0063476581,26.1,66.5,60364.5,5.1
461,29540,"Lancaster, PA",educational_attainment_pct,252,252,0,0,26.497619,26.5,2.5770505,23.2,24.2,28.6,31,23.2,31,4.4,2.3,0,252,19,14,19,True,0.0063476581,26.1,66.5,60364.5,5.1
461,29540,"Lancaster, PA",median_household_income,252,252,0,0,64229.714,61492,9281.6432,54765,56483,69588,83703,54765,83703,13105,5320,0,252,19,14,19,True,0.0063476581,26.1,66.5,60364.5,5.1
461,29540,"Lancaster, PA",labor_force_participation_pct,252,252,0,0,66.462698,66.5,0.32608608,65.9,66.2,66.7,67,65.9,67,0.5,0.2,0,252,19,14,19,True,0.0063476581,26.1,66.5,60364.5,5.1
462,29620,"Lansing-East Lansing, MI",startup_rate,190,190,0,0,6.3966017,5.9452695,3.5597037,0,4.5057499,7.6894671,12.472007,0,33.333333,3.1837172,1.5359973,5.7894737,190,16,14,16,True,0.0018545207,32.95,63.6,52636,7.4
462,29620,"Lansing-East Lansing, MI",employment_growth,190,171,19,10,0.012155027,0.011850153,0.069102041,-0.087411421,-0.01098526,0.041971659,0.10147973,-0.39386563,0.40983607,0.05295692,0.026289759,0,190,16,14,16,True,0.0018545207,32.95,63.6,52636,7.4
462,29620,"Lansing-East Lansing, MI",establishment_growth,190,171,19,10,0.021333767,0.013793103,0.052227683,-0.044358765,-0.013884874,0.052905133,0.10147059,-0.073982737,0.32984293,0.066790007,0.032352866,2.9239766,190,16,14,16,True,0.0018545207,32.95,63.6,52636,7.4
462,29620,"Lansing-East Lansing, MI",payroll_growth,190,171,19,10,0.049387851,0.044135157,0.11334664,-0.052733505,0.014295859,0.079562404,0.16223598,-0.27791296,1.2269556,0.065266545,0.033078067,0,190,16,14,16,True,0.0018545207,32.95,63.6,52636,7.4
462,29620,"Lansing-East Lansing, MI",wage_growth,190,171,19,10,0.036298685,0.032445508,0.060531221,-0.029991886,0.012043751,0.05322808,0.10669246,-0.19709026,0.57959009,0.041184328,0.020785137,0,190,16,14,16,True,0.0018545207,32.95,63.6,52636,7.4
462,29620,"Lansing-East Lansing, MI",acs_population_growth,190,176,14,7.3684211,0.0018400538,0.0018545207,0.056024124,-0.12718536,0.00076574303,0.0037078929,0.14719847,-0.12718536,0.14719847,0.0029421498,0.0018533722,0,190,16,14,16,True,0.0018545207,32.95,63.6,52636,7.4
462,29620,"Lansing-East Lansing, MI",unemployment_rate,190,190,0,0,7.4136842,7.8,1.7424431,5.4,5.6,9.3,10.2,5.4,10.2,3.7,1.9,0,190,16,14,16,True,0.0018545207,32.95,63.6,52636,7.4
462,29620,"Lansing-East Lansing, MI",educational_attainment_pct,190,190,0,0,33.16,32.8,1.5752316,31.3,32.1,34.1,37.3,31.3,37.3,2,1.1,0,190,16,14,16,True,0.0018545207,32.95,63.6,52636,7.4
462,29620,"Lansing-East Lansing, MI",median_household_income,190,190,0,0,56084.868,51562,7119.6901,49896,50185,60278,70886,49896,70886,10093,1666,0,190,16,14,16,True,0.0018545207,32.95,63.6,52636,7.4
462,29620,"Lansing-East Lansing, MI",labor_force_participation_pct,190,190,0,0,63.904737,63.6,0.65725796,63.2,63.5,64.1,65.5,63.2,65.5,0.6,0.2,0,190,16,14,16,True,0.0018545207,32.95,63.6,52636,7.4
464,29700,"Laredo, TX",startup_rate,231,231,0,0,7.3433082,7.6023392,4.8119733,0,5.1910869,9.4547784,15.04717,0,29.787234,4.2636915,2.2015824,15.151515,231,19,14,19,True,0.010465297,17.45,60.2,39945.5,5.9
464,29700,"Laredo, TX",employment_growth,231,216,15,6.4935065,0.023618409,0.025564512,0.11114593,-0.125662,-0.012924182,0.054909157,0.16702128,-0.38697318,0.64102564,0.067833339,0.034636094,0.92592593,231,19,14,19,True,0.010465297,17.45,60.2,39945.5,5.9
464,29700,"Laredo, TX",establishment_growth,231,216,15,6.4935065,0.017586372,0.01373312,0.059538156,-0.071969697,-0.0029261203,0.039428471,0.10243902,-0.20212766,0.33333333,0.042354592,0.020454545,12.037037,231,19,14,19,True,0.010465297,17.45,60.2,39945.5,5.9
464,29700,"Laredo, TX",payroll_growth,231,216,15,6.4935065,0.057266191,0.051675147,0.11463698,-0.091796994,0.012223044,0.10587132,0.24358,-0.35032208,0.55541189,0.093648274,0.044662348,0,231,19,14,19,True,0.010465297,17.45,60.2,39945.5,5.9
464,29700,"Laredo, TX",wage_growth,231,216,15,6.4935065,0.034003557,0.029504477,0.051443904,-0.037054307,0.0081655866,0.059867734,0.11474712,-0.17023213,0.31035212,0.051702147,0.02582349,0,231,19,14,19,True,0.010465297,17.45,60.2,39945.5,5.9
464,29700,"Laredo, TX",acs_population_growth,231,216,15,6.4935065,0.0085001331,0.010465297,0.012704587,-0.02868505,0.0048295226,0.018012943,0.02253418,-0.02868505,0.02253418,0.013183421,0.0075476461,0,231,19,14,19,True,0.010465297,17.45,60.2,39945.5,5.9
464,29700,"Laredo, TX",unemployment_rate,231,231,0,0,6.1138528,5.9,0.74049241,4.9,5.7,6.9,7.5,4.9,7.5,1.2,0.7,0,231,19,14,19,True,0.010465297,17.45,60.2,39945.5,5.9
464,29700,"Laredo, TX",educational_attainment_pct,231,231,0,0,18.11645,17.4,1.3246451,16.7,17.1,18.9,20.9,16.7,20.9,1.8,0.5,0,231,19,14,19,True,0.010465297,17.45,60.2,39945.5,5.9
464,29700,"Laredo, TX",median_household_income,231,231,0,0,44529.255,39449,8302.8439,36684,38679,50296,62506,36684,62506,11617,1581,0,231,19,14,19,True,0.010465297,17.45,60.2,39945.5,5.9
464,29700,"Laredo, TX",labor_force_participation_pct,231,231,0,0,60.158874,59.8,1.9314776,57.5,58.2,62,63.8,57.5,63.8,3.8,1.7,0,231,19,14,19,True,0.010465297,17.45,60.2,39945.5,5.9
466,29740,"Las Cruces, NM",startup_rate,223,223,0,0,5.5588554,5.8333333,3.8093788,0,3.2071429,7.7813329,11.509349,0,19.512195,4.57419,2.2935103,19.282511,223,19,14,19,True,0.007530002,27.45,60.25,38983.5,8.95
466,29740,"Las Cruces, NM",employment_growth,223,206,17,7.6233184,0.013937483,0.016101884,0.1178512,-0.15859435,-0.022717019,0.052795696,0.14762677,-0.46666667,0.6744186,0.075512715,0.037315243,0.48543689,223,19,14,19,True,0.007530002,27.45,60.25,38983.5,8.95
466,29740,"Las Cruces, NM",establishment_growth,223,206,17,7.6233184,0.016918057,0.0091326105,0.079210942,-0.10535714,-0.021154706,0.041916667,0.14123377,-0.20689655,0.36363636,0.063071373,0.031666096,7.7669903,223,19,14,19,True,0.007530002,27.45,60.25,38983.5,8.95
466,29740,"Las Cruces, NM",payroll_growth,223,206,17,7.6233184,0.048130425,0.039887551,0.14127676,-0.1563551,0.00040962445,0.089866261,0.23314348,-0.46587495,0.72677316,0.089456637,0.045123276,0,223,19,14,19,True,0.007530002,27.45,60.25,38983.5,8.95
466,29740,"Las Cruces, NM",wage_growth,223,206,17,7.6233184,0.033765173,0.032007944,0.06568268,-0.061087083,0.0017253248,0.058420577,0.13649763,-0.3164987,0.32962983,0.056695252,0.028808684,0,223,19,14,19,True,0.007530002,27.45,60.25,38983.5,8.95
466,29740,"Las Cruces, NM",acs_population_growth,223,208,15,6.7264574,0.007440306,0.007530002,0.0055650918,-0.00064497133,0.0033946633,0.0083674677,0.019670749,-0.00064497133,0.019670749,0.0049728045,0.0038735824,0,223,19,14,19,True,0.007530002,27.45,60.25,38983.5,8.95
466,29740,"Las Cruces, NM",unemployment_rate,223,223,0,0,9.4224215,9.3,1.9631147,6.8,7.7,11.5,12.4,6.8,12.4,3.8,1.9,0,223,19,14,19,True,0.007530002,27.45,60.25,38983.5,8.95
466,29740,"Las Cruces, NM",educational_attainment_pct,223,223,0,0,27.820179,27.5,1.7881734,25.4,26.6,29.5,31.4,25.4,31.4,2.9,1.5,0,223,19,14,19,True,0.007530002,27.45,60.25,38983.5,8.95
466,29740,"Las Cruces, NM",median_household_income,223,223,0,0,41693.843,38853,5596.0201,36657,38426,44024,55663,36657,55663,5598,920,0,223,19,14,19,True,0.007530002,27.45,60.25,38983.5,8.95
466,29740,"Las Cruces, NM",labor_force_participation_pct,223,223,0,0,59.555605,61,2.1534076,56.3,57.4,61.5,62.2,56.3,62.2,4.1,1.2,0,223,19,14,19,True,0.007530002,27.45,60.25,38983.5,8.95
468,29820,"Las Vegas-Henderson-North Las Vegas, NV",startup_rate,249,249,0,0,11.06149,11.516748,3.8967017,2.4049514,9.207834,13.311688,16.3105,0,21.521175,4.1038543,1.9967653,3.2128514,249,19,14,19,True,0.015587946,23.05,64.8,56109.5,8.65
468,29820,"Las Vegas-Henderson-North Las Vegas, NV",employment_growth,249,231,18,7.2289157,0.047273008,0.038490086,0.12164438,-0.08910394,0.012884977,0.065618796,0.1447677,-0.29841844,1.2729045,0.052733819,0.026367521,0,249,19,14,19,True,0.015587946,23.05,64.8,56109.5,8.65
468,29820,"Las Vegas-Henderson-North Las Vegas, NV",establishment_growth,249,231,18,7.2289157,0.030157175,0.023166023,0.071372851,-0.057082023,0,0.0456139,0.14711215,-0.15384615,0.42307692,0.0456139,0.023166023,1.2987013,249,19,14,19,True,0.015587946,23.05,64.8,56109.5,8.65
468,29820,"Las Vegas-Henderson-North Las Vegas, NV",payroll_growth,249,231,18,7.2289157,0.082597861,0.062914626,0.14396193,-0.071738996,0.028865242,0.1047774,0.23294159,-0.3332786,1.2252595,0.075912159,0.036612797,0,249,19,14,19,True,0.015587946,23.05,64.8,56109.5,8.65
468,29820,"Las Vegas-Henderson-North Las Vegas, NV",wage_growth,249,231,18,7.2289157,0.033826158,0.026945527,0.066729913,-0.040140369,0.011014967,0.047603787,0.1304981,-0.30247946,0.51340915,0.036588821,0.018115505,0,249,19,14,19,True,0.015587946,23.05,64.8,56109.5,8.65
468,29820,"Las Vegas-Henderson-North Las Vegas, NV",acs_population_growth,249,231,18,7.2289157,0.014800718,0.015587946,0.004987834,0.0010233904,0.013499753,0.017501257,0.021476588,0.0010233904,0.021476588,0.0040015035,0.0020881931,0,249,19,14,19,True,0.015587946,23.05,64.8,56109.5,8.65
468,29820,"Las Vegas-Henderson-North Las Vegas, NV",unemployment_rate,249,249,0,0,9.1839357,9,2.0280252,6.4,7.4,10.8,12.7,6.4,12.7,3.4,1.6,0,249,19,14,19,True,0.015587946,23.05,64.8,56109.5,8.65
468,29820,"Las Vegas-Henderson-North Las Vegas, NV",educational_attainment_pct,249,249,0,0,23.694779,22.8,1.7737367,21.7,22.1,25.2,27.3,21.7,27.3,3.1,0.8,0,249,19,14,19,True,0.015587946,23.05,64.8,56109.5,8.65
468,29820,"Las Vegas-Henderson-North Las Vegas, NV",median_household_income,249,249,0,0,58206.008,55961,6588.0684,51575,52873,61048,73845,51575,73845,8175,3379,0,249,19,14,19,True,0.015587946,23.05,64.8,56109.5,8.65
468,29820,"Las Vegas-Henderson-North Las Vegas, NV",labor_force_participation_pct,249,249,0,0,65.393173,65,1.622844,63.7,63.9,66.9,68.4,63.7,68.4,3,1.1,0,249,19,14,19,True,0.015587946,23.05,64.8,56109.5,8.65
471,29940,"Lawrence, KS",startup_rate,206,206,0,0,5.8173897,5.7512611,3.5424762,0,3.8647451,8.105729,12.122532,0,17.073171,4.2409838,2.0012611,14.563107,206,18,14,18,True,0.0093808458,49.65,70.45,53534,5.05
471,29940,"Lawrence, KS",employment_growth,206,190,16,7.7669903,0.00705212,0.0089090837,0.10248186,-0.16538686,-0.027035137,0.047747783,0.16400474,-0.34375,0.47826087,0.07478292,0.038523856,1.5789474,206,18,14,18,True,0.0093808458,49.65,70.45,53534,5.05
471,29940,"Lawrence, KS",establishment_growth,206,190,16,7.7669903,0.018174482,0.0069244777,0.075434831,-0.059231516,-0.011721868,0.038221154,0.14064039,-0.28571429,0.6,0.049943021,0.025742776,12.105263,206,18,14,18,True,0.0093808458,49.65,70.45,53534,5.05
471,29940,"Lawrence, KS",payroll_growth,206,190,16,7.7669903,0.044080278,0.038969268,0.13520122,-0.10448598,0.00064285171,0.082436661,0.23317285,-0.68403004,0.73462822,0.08179381,0.042349467,0,206,18,14,18,True,0.0093808458,49.65,70.45,53534,5.05
471,29940,"Lawrence, KS",wage_growth,206,190,16,7.7669903,0.037699108,0.034826168,0.086460051,-0.058346234,0.012459444,0.064039583,0.15814574,-0.72800694,0.37475871,0.051580138,0.026856417,0,206,18,14,18,True,0.0093808458,49.65,70.45,53534,5.05
471,29940,"Lawrence, KS",acs_population_growth,206,193,13,6.3106796,0.0070590257,0.0093808458,0.0088676349,-0.021549166,0.008137849,0.012046935,0.01330541,-0.021549166,0.01330541,0.0039090862,0.0026660894,0,206,18,14,18,True,0.0093808458,49.65,70.45,53534,5.05
471,29940,"Lawrence, KS",unemployment_rate,206,206,0,0,5.4757282,4.8,1.1358861,4.2,4.4,6.9,7.2,4.2,7.2,2.5,0.5,0,206,18,14,18,True,0.0093808458,49.65,70.45,53534,5.05
471,29940,"Lawrence, KS",educational_attainment_pct,206,206,0,0,50.139806,49.7,1.3252401,48.3,49.1,51.2,52.3,48.3,52.3,2.1,0.9,0,206,18,14,18,True,0.0093808458,49.65,70.45,53534,5.05
471,29940,"Lawrence, KS",median_household_income,206,206,0,0,55566.767,54370,7049.6335,45831,49508,61020,68756,45831,68756,11512,5975,0,206,18,14,18,True,0.0093808458,49.65,70.45,53534,5.05
471,29940,"Lawrence, KS",labor_force_participation_pct,206,206,0,0,70.22233,70.4,0.72110106,69.1,69.6,70.6,71.3,69.1,71.3,1,0.6,0,206,18,14,18,True,0.0093808458,49.65,70.45,53534,5.05
473,30020,"Lawton, OK",startup_rate,91,91,0,0,5.9375259,5.7268722,2.9916494,0,4.170904,7.7350427,10.801768,0,13.809524,3.5641387,1.6728182,6.5934066,91,11,14,11,False,-0.0010996434,21,64.5,48463.5,8.35
473,30020,"Lawton, OK",employment_growth,91,72,19,20.879121,-0.00022731984,-0.0017906741,0.080342242,-0.080328999,-0.03344429,0.027119284,0.079025971,-0.22392975,0.477433,0.060563574,0.031367351,0,91,11,14,11,False,-0.0010996434,21,64.5,48463.5,8.35
473,30020,"Lawton, OK",establishment_growth,91,72,19,20.879121,0.0070698043,0,0.038547818,-0.038047008,-0.02028169,0.017950289,0.079644788,-0.063492063,0.13178295,0.038231979,0.020368664,4.1666667,91,11,14,11,False,-0.0010996434,21,64.5,48463.5,8.35
473,30020,"Lawton, OK",payroll_growth,91,72,19,20.879121,0.026223624,0.017899421,0.079072206,-0.099014412,-0.018814526,0.056074823,0.16081055,-0.14791143,0.29394106,0.074889349,0.037366337,0,91,11,14,11,False,-0.0010996434,21,64.5,48463.5,8.35
473,30020,"Lawton, OK",wage_growth,91,72,19,20.879121,0.027521036,0.024229535,0.04703197,-0.039020874,0.0021993209,0.056601407,0.096357814,-0.12419246,0.15323028,0.054402086,0.025139394,0,91,11,14,11,False,-0.0010996434,21,64.5,48463.5,8.35
473,30020,"Lawton, OK",acs_population_growth,91,83,8,8.7912088,0.0049123524,-0.0010996434,0.019019418,-0.012086188,-0.004462833,0.0080072195,0.062192834,-0.012086188,0.062192834,0.012470052,0.0056713115,0,91,11,14,11,False,-0.0010996434,21,64.5,48463.5,8.35
473,30020,"Lawton, OK",unemployment_rate,91,91,0,0,7.9626374,8.3,1.0680874,6.4,6.7,8.8,9.5,6.4,9.5,2.1,0.8,0,91,11,14,11,False,-0.0010996434,21,64.5,48463.5,8.35
473,30020,"Lawton, OK",educational_attainment_pct,91,91,0,0,21.494505,21.5,1.4811679,19.6,20.3,22.8,24,19.6,24,2.5,1.3,0,91,11,14,11,False,-0.0010996434,21,64.5,48463.5,8.35
473,30020,"Lawton, OK",median_household_income,91,91,0,0,49983.22,49608,4613.4438,44012,46245,52219,59060,44012,59060,5974,3363,0,91,11,14,11,False,-0.0010996434,21,64.5,48463.5,8.35
473,30020,"Lawton, OK",labor_force_participation_pct,91,91,0,0,63.863736,64.6,1.9206201,60.4,62.1,65.3,66.4,60.4,66.4,3.2,1.5,0,91,11,14,11,False,-0.0010996434,21,64.5,48463.5,8.35
475,30140,"Lebanon, PA",startup_rate,180,180,0,0,4.4725618,4.4968705,3.0368508,0,2.6056739,6.4922854,9.4461476,0,12.903226,3.8866115,1.9922002,19.444444,180,18,14,18,True,0.0062360568,20.1,64.7,56944.5,5.95
475,30140,"Lebanon, PA",employment_growth,180,162,18,10,0.018627069,0.0094075371,0.13143901,-0.10624101,-0.014796486,0.049520437,0.14019047,-0.63089623,0.87244898,0.064316924,0.031456037,0.61728395,180,18,14,18,True,0.0062360568,20.1,64.7,56944.5,5.95
475,30140,"Lebanon, PA",establishment_growth,180,162,18,10,0.0092187026,0.0035849663,0.054837343,-0.058823529,-0.012496783,0.031258242,0.073083624,-0.19230769,0.28571429,0.043755026,0.020954045,11.111111,180,18,14,18,True,0.0062360568,20.1,64.7,56944.5,5.95
475,30140,"Lebanon, PA",payroll_growth,180,162,18,10,0.05774864,0.049304539,0.16621498,-0.068453953,0.016418865,0.08472483,0.21557739,-0.77510144,1.3224621,0.068305965,0.034706416,0,180,18,14,18,True,0.0062360568,20.1,64.7,56944.5,5.95
475,30140,"Lebanon, PA",wage_growth,180,162,18,10,0.040261849,0.033241408,0.11427952,-0.036569945,0.016329249,0.065394227,0.13460395,-0.62020244,1.1050133,0.049064978,0.02163339,0,180,18,14,18,True,0.0062360568,20.1,64.7,56944.5,5.95
475,30140,"Lebanon, PA",acs_population_growth,180,168,12,6.6666667,0.0070654944,0.0062360568,0.0029818662,0.0023314579,0.0048737198,0.0086465944,0.014785272,0.0023314579,0.014785272,0.0037728745,0.0014520027,0,180,18,14,18,True,0.0062360568,20.1,64.7,56944.5,5.95
475,30140,"Lebanon, PA",unemployment_rate,180,180,0,0,5.9705556,6.1,1.2616694,4.1,4.7,7.3,7.8,4.1,7.8,2.6,1.2,0,180,18,14,18,True,0.0062360568,20.1,64.7,56944.5,5.95
475,30140,"Lebanon, PA",educational_attainment_pct,180,180,0,0,20.407778,19.9,1.537845,18.3,19.4,21.2,24,18.3,24,1.8,0.8,0,180,18,14,18,True,0.0062360568,20.1,64.7,56944.5,5.95
475,30140,"Lebanon, PA",median_household_income,180,180,0,0,59520.983,56191,6816.9027,52356,54818,61632,76350,52356,76350,6814,2717,0,180,18,14,18,True,0.0062360568,20.1,64.7,56944.5,5.95
475,30140,"Lebanon, PA",labor_force_participation_pct,180,180,0,0,64.533333,64.9,0.89959643,63,63.5,65.3,65.9,63,65.9,1.8,0.5,0,180,18,14,18,True,0.0062360568,20.1,64.7,56944.5,5.95
480,30300,"Lewiston, ID-WA",startup_rate,112,112,0,0,5.4298724,5.2261478,3.9280607,0,2.970297,7.3396567,12.126316,0,20,4.3693597,2.2457804,16.964286,112,13,14,13,True,0.0051262196,21.65,59.9,49390,5.75
480,30300,"Lewiston, ID-WA",employment_growth,112,97,15,13.392857,0.004390699,0.0051020408,0.054417063,-0.071600468,-0.016835017,0.028861154,0.080783366,-0.25464191,0.11680912,0.045696171,0.023759114,0,112,13,14,13,True,0.0051262196,21.65,59.9,49390,5.75
480,30300,"Lewiston, ID-WA",establishment_growth,112,97,15,13.392857,0.0049288201,0.0091743119,0.087621227,-0.074908425,-0.016666667,0.047244094,0.081707317,-0.65030675,0.22222222,0.063910761,0.031921578,11.340206,112,13,14,13,True,0.0051262196,21.65,59.9,49390,5.75
480,30300,"Lewiston, ID-WA",payroll_growth,112,97,15,13.392857,0.042341177,0.040354859,0.073113604,-0.049590792,0.006801167,0.077071098,0.17084185,-0.29022934,0.230519,0.070269931,0.036550863,0,112,13,14,13,True,0.0051262196,21.65,59.9,49390,5.75
480,30300,"Lewiston, ID-WA",wage_growth,112,97,15,13.392857,0.037651006,0.040160976,0.043675054,-0.037318796,0.012934519,0.063112674,0.10144841,-0.074526814,0.18545455,0.050178155,0.025590387,0,112,13,14,13,True,0.0051262196,21.65,59.9,49390,5.75
480,30300,"Lewiston, ID-WA",acs_population_growth,112,104,8,7.1428571,0.0055577002,0.0051262196,0.0030229178,0.002336299,0.0035167729,0.0061756783,0.014599233,0.002336299,0.015862703,0.0026589054,0.0016094467,0,112,13,14,13,True,0.0051262196,21.65,59.9,49390,5.75
480,30300,"Lewiston, ID-WA",unemployment_rate,112,112,0,0,5.5723214,5.4,1.2009913,3.9,4.2,6.8,7.19,3.9,7.3,2.6,1.3,0,112,13,14,13,True,0.0051262196,21.65,59.9,49390,5.75
480,30300,"Lewiston, ID-WA",educational_attainment_pct,112,112,0,0,21.813393,21.8,2.3405742,18.2,19.9,23.8,25.9,18.2,25.9,3.9,2,0,112,13,14,13,True,0.0051262196,21.65,59.9,49390,5.75
480,30300,"Lewiston, ID-WA",median_household_income,112,112,0,0,52093.304,50760,8324.9367,43103,44887,56430,70694,43103,70694,11543,5820,0,112,13,14,13,True,0.0051262196,21.65,59.9,49390,5.75
480,30300,"Lewiston, ID-WA",labor_force_participation_pct,112,112,0,0,59.794643,59.8,0.78509072,58.6,59.5,60.3,61.3,58.6,61.3,0.8,0.5,0,112,13,14,13,True,0.0051262196,21.65,59.9,49390,5.75
481,30340,"Lewiston-Auburn, ME",startup_rate,197,197,0,0,5.2926759,5.4794521,3.7400593,0,3.3707865,7.2727273,11.568432,0,22.222222,3.9019408,1.9333528,19.796954,197,18,14,18,True,-0.0001582971,21.4,65.65,49133,5.5
481,30340,"Lewiston-Auburn, ME",employment_growth,197,179,18,9.1370558,0.018550631,0.0039370079,0.26528187,-0.11444474,-0.020053249,0.029301782,0.083666049,-0.31564987,3.4482759,0.049355032,0.024202012,1.6759777,197,18,14,18,True,-0.0001582971,21.4,65.65,49133,5.5
481,30340,"Lewiston-Auburn, ME",establishment_growth,197,179,18,9.1370558,0.015709447,0.0070422535,0.065052906,-0.06851649,-0.016304348,0.038147422,0.1262931,-0.14285714,0.35294118,0.05445177,0.02629108,7.8212291,197,18,14,18,True,-0.0001582971,21.4,65.65,49133,5.5
481,30340,"Lewiston-Auburn, ME",payroll_growth,197,179,18,9.1370558,0.052705999,0.039492975,0.14585332,-0.054409795,0.0077998734,0.07918284,0.14808257,-0.26003562,1.7533997,0.071382967,0.034710723,0,197,18,14,18,True,-0.0001582971,21.4,65.65,49133,5.5
481,30340,"Lewiston-Auburn, ME",wage_growth,197,179,18,9.1370558,0.042704213,0.041714873,0.064155848,-0.023243488,0.015256436,0.065372722,0.12043353,-0.3810178,0.34400011,0.050116287,0.025374319,0,197,18,14,18,True,-0.0001582971,21.4,65.65,49133,5.5
481,30340,"Lewiston-Auburn, ME",acs_population_growth,197,182,15,7.6142132,0.0033841074,-0.0001582971,0.0067011657,-0.0015236821,-0.00071647902,0.0033084887,0.022416125,-0.0015236821,0.022416125,0.0040249677,0.001341707,0,197,18,14,18,True,-0.0001582971,21.4,65.65,49133,5.5
481,30340,"Lewiston-Auburn, ME",unemployment_rate,197,197,0,0,6.2375635,5.2,1.9736298,3.9,4.6,8.8,9.4,3.9,9.4,4.2,1,0,197,18,14,18,True,-0.0001582971,21.4,65.65,49133,5.5
481,30340,"Lewiston-Auburn, ME",educational_attainment_pct,197,197,0,0,21.100508,22.1,1.8215966,18.4,18.8,22.8,23.4,18.4,23.4,4,1.3,0,197,18,14,18,True,-0.0001582971,21.4,65.65,49133,5.5
481,30340,"Lewiston-Auburn, ME",median_household_income,197,197,0,0,51931.117,49538,7312.424,44470,45699,55002,67298,44470,67298,9303,3971,0,197,18,14,18,True,-0.0001582971,21.4,65.65,49133,5.5
481,30340,"Lewiston-Auburn, ME",labor_force_participation_pct,197,197,0,0,65.697462,65.6,0.81261963,64.2,65,66.4,67,64.2,67,1.4,0.6,0,197,18,14,18,True,-0.0001582971,21.4,65.65,49133,5.5
484,30460,"Lexington-Fayette, KY",startup_rate,135,135,0,0,6.6188502,6.2792877,2.4750886,3.0366989,4.8751286,8.4358784,10.950211,2.0618557,13.128492,3.5607498,1.6752577,0,135,12,14,12,True,0.011067498,35.95,66.8,53184.5,6.2
484,30460,"Lexington-Fayette, KY",employment_growth,135,119,16,11.851852,0.0095115356,0.015153171,0.069653761,-0.063362147,-0.01019108,0.036383693,0.094813031,-0.45934024,0.12874368,0.046574774,0.024871636,0,135,12,14,12,True,0.011067498,35.95,66.8,53184.5,6.2
484,30460,"Lexington-Fayette, KY",establishment_growth,135,119,16,11.851852,0.030390412,0.026692088,0.053712018,-0.040246737,0.00041832306,0.053517866,0.12297233,-0.10857143,0.27659574,0.053099543,0.027546059,0,135,12,14,12,True,0.011067498,35.95,66.8,53184.5,6.2
484,30460,"Lexington-Fayette, KY",payroll_growth,135,119,16,11.851852,0.046162528,0.041198236,0.069127179,-0.040994573,0.020394234,0.071077506,0.14753941,-0.32008412,0.24270865,0.050683272,0.023136784,0,135,12,14,12,True,0.011067498,35.95,66.8,53184.5,6.2
484,30460,"Lexington-Fayette, KY",wage_growth,135,119,16,11.851852,0.037487972,0.032356362,0.03678319,-0.0031066334,0.019393444,0.051023464,0.086098692,-0.050825892,0.25755185,0.03163002,0.016445656,0,135,12,14,12,True,0.011067498,35.95,66.8,53184.5,6.2
484,30460,"Lexington-Fayette, KY",acs_population_growth,135,125,10,7.4074074,0.0089404284,0.011067498,0.0045043468,0.00023139461,0.0071007957,0.012104259,0.01461194,0.00023139461,0.01461194,0.0050034638,0.0028559588,0,135,12,14,12,True,0.011067498,35.95,66.8,53184.5,6.2
484,30460,"Lexington-Fayette, KY",unemployment_rate,135,135,0,0,6.1874074,6,1.3662472,4.6,4.9,7.6,8.4,4.6,8.4,2.7,1.3,0,135,12,14,12,True,0.011067498,35.95,66.8,53184.5,6.2
484,30460,"Lexington-Fayette, KY",educational_attainment_pct,135,135,0,0,36.542222,36.2,2.3923843,33.6,34.4,38.6,41.1,33.6,41.1,4.2,2.2,0,135,12,14,12,True,0.011067498,35.95,66.8,53184.5,6.2
484,30460,"Lexington-Fayette, KY",median_household_income,135,135,0,0,56163.03,54436,7299.6769,48545,49497,60769,70717,48545,70717,11272,4995,0,135,12,14,12,True,0.011067498,35.95,66.8,53184.5,6.2
484,30460,"Lexington-Fayette, KY",labor_force_participation_pct,135,135,0,0,67.100741,66.8,0.73550635,66.4,66.5,67.8,68.6,66.4,68.6,1.3,0.4,0,135,12,14,12,True,0.011067498,35.95,66.8,53184.5,6.2
485,30500,"Lexington Park, MD",startup_rate,142,142,0,0,6.3763835,6.0314897,3.1437756,0,4.6201281,8.0339467,12.295756,0,16.363636,3.4138185,1.5303417,7.0422535,142,16,14,16,True,,35.2,67.9,123577,3.4
485,30500,"Lexington Park, MD",employment_growth,142,123,19,13.380282,0.0053854089,0.0071810758,0.068623909,-0.12314421,-0.022514206,0.034612288,0.10970675,-0.17173252,0.25262009,0.057126494,0.027761106,2.4390244,142,16,14,16,True,,35.2,67.9,123577,3.4
485,30500,"Lexington Park, MD",establishment_growth,142,123,19,13.380282,0.0060303121,0.0031545741,0.036586835,-0.045353535,-0.013986698,0.028016396,0.068735632,-0.11627907,0.096505824,0.042003094,0.021285344,5.6910569,142,16,14,16,True,,35.2,67.9,123577,3.4
485,30500,"Lexington Park, MD",payroll_growth,142,123,19,13.380282,0.050219414,0.029667139,0.11766903,-0.08448371,-0.0013303164,0.081320116,0.20782046,-0.23051188,0.70705849,0.082650433,0.040441299,0,142,16,14,16,True,,35.2,67.9,123577,3.4
485,30500,"Lexington Park, MD",wage_growth,142,123,19,13.380282,0.045275873,0.029068309,0.10458375,-0.06449722,0.011470138,0.055635947,0.17627984,-0.12588739,0.92537459,0.044165809,0.021705374,0,142,16,14,16,True,,35.2,67.9,123577,3.4
485,30500,"Lexington Park, MD",acs_population_growth,142,0,142,100,,,,,,,,,,,,,142,16,14,16,True,,35.2,67.9,123577,3.4
485,30500,"Lexington Park, MD",unemployment_rate,142,11,131,92.253521,3.4,3.4,0,3.4,3.4,3.4,3.4,3.4,3.4,0,0,0,142,16,14,16,True,,35.2,67.9,123577,3.4
485,30500,"Lexington Park, MD",educational_attainment_pct,142,11,131,92.253521,35.2,35.2,7.4522351e-15,35.2,35.2,35.2,35.2,35.2,35.2,0,0,0,142,16,14,16,True,,35.2,67.9,123577,3.4
485,30500,"Lexington Park, MD",median_household_income,142,11,131,92.253521,123577,123577,0,123577,123577,123577,123577,123577,123577,0,0,0,142,16,14,16,True,,35.2,67.9,123577,3.4
485,30500,"Lexington Park, MD",labor_force_participation_pct,142,11,131,92.253521,67.9,67.9,1.490447e-14,67.9,67.9,67.9,67.9,67.9,67.9,0,0,0,142,16,14,16,True,,35.2,67.9,123577,3.4
487,30620,"Lima, OH",startup_rate,178,178,0,0,3.3268964,3.0612245,2.9230378,0,0,4.8312529,9.2832796,0,12.5,4.8312529,2.1412615,29.213483,178,18,14,18,True,-0.00365368,17.55,62.4,46740,7.4
487,30620,"Lima, OH",employment_growth,178,160,18,10.11236,0.0010593905,-0.00071960613,0.050809334,-0.079520675,-0.027475007,0.031383687,0.074085631,-0.22649573,0.19452055,0.058858695,0.030176189,2.5,178,18,14,18,True,-0.00365368,17.55,62.4,46740,7.4
487,30620,"Lima, OH",establishment_growth,178,160,18,10.11236,0.0056642239,0,0.049025244,-0.047091748,-0.017838496,0.020302897,0.062580128,-0.11428571,0.4,0.038141394,0.018735466,19.375,178,18,14,18,True,-0.00365368,17.55,62.4,46740,7.4
487,30620,"Lima, OH",payroll_growth,178,160,18,10.11236,0.040868892,0.039192338,0.063189626,-0.056105948,0.0052329529,0.071917629,0.14844745,-0.16592915,0.25699445,0.066684676,0.033536786,0,178,18,14,18,True,-0.00365368,17.55,62.4,46740,7.4
487,30620,"Lima, OH",wage_growth,178,160,18,10.11236,0.040135922,0.035256713,0.044059298,-0.019127908,0.014221718,0.060071079,0.12161189,-0.093880407,0.22038104,0.045849361,0.023431017,0,178,18,14,18,True,-0.00365368,17.55,62.4,46740,7.4
487,30620,"Lima, OH",acs_population_growth,178,164,14,7.8651685,-0.003596509,-0.00365368,0.0011722554,-0.0050572265,-0.0045904396,-0.0033654968,-0.0011070872,-0.0050572265,-0.0011070872,0.0012249427,0.00050905559,0,178,18,14,18,True,-0.00365368,17.55,62.4,46740,7.4
487,30620,"Lima, OH",unemployment_rate,178,178,0,0,8.1752809,7.6,2.299117,5.4,6,10.9,11.4,5.4,11.4,4.9,2,0,178,18,14,18,True,-0.00365368,17.55,62.4,46740,7.4
487,30620,"Lima, OH",educational_attainment_pct,178,178,0,0,17.694944,17.4,1.2338114,15.7,17.2,18.9,19.9,15.7,19.9,1.7,0.9,0,178,18,14,18,True,-0.00365368,17.55,62.4,46740,7.4
487,30620,"Lima, OH",median_household_income,178,178,0,0,48806.23,45575,6121.653,42823,43632,53131,62001,42823,62001,9499,2381,0,178,18,14,18,True,-0.00365368,17.55,62.4,46740,7.4
487,30620,"Lima, OH",labor_force_participation_pct,178,178,0,0,62.294944,62.5,0.77388684,61,61.8,62.9,63.5,61,63.5,1.1,0.45,0,178,18,14,18,True,-0.00365368,17.55,62.4,46740,7.4
489,30700,"Lincoln, NE",startup_rate,168,168,0,0,6.0820533,5.8580839,2.4394741,2.6480263,4.5439374,7.5897129,10.438306,0,11.918063,3.0457755,1.5331439,3.5714286,168,14,14,14,True,0.011869376,37,71.5,55150,4.05
489,30700,"Lincoln, NE",employment_growth,168,148,20,11.904762,0.014788721,0.016951132,0.0667905,-0.06934275,-0.0046301819,0.039427581,0.087415869,-0.31790895,0.29181355,0.044057763,0.022098385,0.67567568,168,14,14,14,True,0.011869376,37,71.5,55150,4.05
489,30700,"Lincoln, NE",establishment_growth,168,148,20,11.904762,0.022131782,0.010263196,0.12986296,-0.025089822,-0.0056794626,0.034576013,0.083360299,-0.56825233,1.3965304,0.040255475,0.018418216,5.4054054,168,14,14,14,True,0.011869376,37,71.5,55150,4.05
489,30700,"Lincoln, NE",payroll_growth,168,148,20,11.904762,0.055462624,0.050793051,0.074934438,-0.048268516,0.020396184,0.080875308,0.17093461,-0.18893539,0.45584928,0.060479123,0.030631286,0,168,14,14,14,True,0.011869376,37,71.5,55150,4.05
489,30700,"Lincoln, NE",wage_growth,168,148,20,11.904762,0.040658209,0.035805489,0.040451793,-0.01033813,0.019373067,0.061816183,0.10686381,-0.1006448,0.18909216,0.042443116,0.020998164,0,168,14,14,14,True,0.011869376,37,71.5,55150,4.05
489,30700,"Lincoln, NE",acs_population_growth,168,155,13,7.7380952,0.010961746,0.011869376,0.0030897523,0.0047158286,0.0094981679,0.012937851,0.014371746,0.0047158286,0.014371746,0.0034396828,0.002275579,0,168,14,14,14,True,0.011869376,37,71.5,55150,4.05
489,30700,"Lincoln, NE",unemployment_rate,168,168,0,0,4.427381,4.3,1.2120504,3.1,3.2,5.7,6.3,3.1,6.3,2.5,1.1,0,168,14,14,14,True,0.011869376,37,71.5,55150,4.05
489,30700,"Lincoln, NE",educational_attainment_pct,168,168,0,0,37.391071,36.7,2.0090165,34.8,35.5,39.3,40.6,34.8,40.6,3.8,1.3,0,168,14,14,14,True,0.011869376,37,71.5,55150,4.05
489,30700,"Lincoln, NE",median_household_income,168,168,0,0,58121.19,54168,7464.2925,51092,52177,62883,73095,51092,73095,10706,2749,0,168,14,14,14,True,0.011869376,37,71.5,55150,4.05
489,30700,"Lincoln, NE",labor_force_participation_pct,168,168,0,0,71.555357,71.6,0.99373842,69.8,70.7,72.2,73.3,69.8,73.3,1.5,0.9,0,168,14,14,14,True,0.011869376,37,71.5,55150,4.05
490,30780,"Little Rock-North Little Rock-Conway, AR",startup_rate,87,87,0,0,5.9605556,6.4973861,2.0100571,2.6017981,4.4089067,7.4422534,8.9502406,2,10.248042,3.0333468,1.2087071,0,87,9,14,9,False,0.0062381684,29.35,63.25,50807,5.7
490,30780,"Little Rock-North Little Rock-Conway, AR",employment_growth,87,74,13,14.942529,0.0066600569,0.0074212192,0.028409318,-0.031754876,-0.0099906188,0.023908309,0.046889257,-0.086966825,0.083299275,0.033898928,0.016913485,0,87,9,14,9,False,0.0062381684,29.35,63.25,50807,5.7
490,30780,"Little Rock-North Little Rock-Conway, AR",establishment_growth,87,74,13,14.942529,-0.004265082,-0.0026104913,0.023124296,-0.034730898,-0.0152532,0.0090308468,0.02544591,-0.11764706,0.053757543,0.024284046,0.012038698,2.7027027,87,9,14,9,False,0.0062381684,29.35,63.25,50807,5.7
490,30780,"Little Rock-North Little Rock-Conway, AR",payroll_growth,87,74,13,14.942529,0.038275232,0.036984169,0.042413453,-0.018902703,0.010188465,0.058872894,0.10968168,-0.069886586,0.20743733,0.048684429,0.024303134,0,87,9,14,9,False,0.0062381684,29.35,63.25,50807,5.7
490,30780,"Little Rock-North Little Rock-Conway, AR",wage_growth,87,74,13,14.942529,0.031275205,0.026665732,0.024942936,0.001102144,0.01727755,0.041442316,0.081292927,-0.051301211,0.11456646,0.024164766,0.011385216,0,87,9,14,9,False,0.0062381684,29.35,63.25,50807,5.7
490,30780,"Little Rock-North Little Rock-Conway, AR",acs_population_growth,87,80,7,8.045977,0.0079742585,0.0062381684,0.0035512828,0.0034213658,0.005458776,0.010854917,0.014176929,0.0034213658,0.014176929,0.0053961408,0.0019016211,0,87,9,14,9,False,0.0062381684,29.35,63.25,50807,5.7
490,30780,"Little Rock-North Little Rock-Conway, AR",unemployment_rate,87,87,0,0,6.0218391,6,1.4205653,4.26,4.6,7.5,8,4.2,8,2.9,1.5,0,87,9,14,9,False,0.0062381684,29.35,63.25,50807,5.7
490,30780,"Little Rock-North Little Rock-Conway, AR",educational_attainment_pct,87,87,0,0,29.43908,29,2.0961957,26.7,27.4,31.4,32.9,26.7,32.9,4,1.6,0,87,9,14,9,False,0.0062381684,29.35,63.25,50807,5.7
490,30780,"Little Rock-North Little Rock-Conway, AR",median_household_income,87,87,0,0,52895.276,50252,5674.8248,46820,48808,55983,65309,46820,65309,7175,2521,0,87,9,14,9,False,0.0062381684,29.35,63.25,50807,5.7
490,30780,"Little Rock-North Little Rock-Conway, AR",labor_force_participation_pct,87,87,0,0,64.02069,63.4,1.6005187,62.23,62.5,65.4,66.7,62.2,66.7,2.9,1.1,0,87,9,14,9,False,0.0062381684,29.35,63.25,50807,5.7
492,30860,"Logan, UT-ID",startup_rate,172,172,0,0,8.0646759,7.5903788,4.2060794,0,5.6962025,10.591587,15.998322,0,22.522523,4.895385,2.5556663,6.9767442,172,17,14,17,True,0.017206851,34.85,68.75,52662.5,4
492,30860,"Logan, UT-ID",employment_growth,172,149,23,13.372093,0.025273587,0.025481314,0.060804705,-0.084048109,-0.0074611399,0.06557377,0.11616369,-0.18503937,0.16968912,0.07303491,0.036127882,2.0134228,172,17,14,17,True,0.017206851,34.85,68.75,52662.5,4
492,30860,"Logan, UT-ID",establishment_growth,172,149,23,13.372093,0.022752489,0.019093079,0.053367851,-0.055789805,-0.0045454545,0.048309179,0.10650541,-0.16342412,0.31944444,0.052854633,0.024384084,6.7114094,172,17,14,17,True,0.017206851,34.85,68.75,52662.5,4
492,30860,"Logan, UT-ID",payroll_growth,172,149,23,13.372093,0.073090823,0.068063023,0.10301563,-0.054354724,0.019442053,0.12210824,0.19499098,-0.32072713,0.7211821,0.10266619,0.050542703,0,172,17,14,17,True,0.017206851,34.85,68.75,52662.5,4
492,30860,"Logan, UT-ID",wage_growth,172,149,23,13.372093,0.046416946,0.037370721,0.07497019,-0.024154939,0.020361633,0.072210882,0.12692094,-0.31614357,0.61072096,0.051849249,0.02312949,0,172,17,14,17,True,0.017206851,34.85,68.75,52662.5,4
492,30860,"Logan, UT-ID",acs_population_growth,172,159,13,7.5581395,0.018589521,0.017206851,0.0072368702,0.011306889,0.014372116,0.019868956,0.040457765,0.011306889,0.040457765,0.0054968407,0.002834735,0,172,17,14,17,True,0.017206851,34.85,68.75,52662.5,4
492,30860,"Logan, UT-ID",unemployment_rate,172,172,0,0,4.2813953,3.5,1.8407036,2.3,2.5,6.4,7.1,2.3,7.1,3.9,1.2,0,172,17,14,17,True,0.017206851,34.85,68.75,52662.5,4
492,30860,"Logan, UT-ID",educational_attainment_pct,172,172,0,0,35.220349,35,1.4920036,33.2,33.9,36.1,38.3,33.2,38.3,2.2,1.1,0,172,17,14,17,True,0.017206851,34.85,68.75,52662.5,4
492,30860,"Logan, UT-ID",median_household_income,172,172,0,0,56625.779,53548,9284.932,46817,49056,60466,77520,46817,77520,11410,5261,0,172,17,14,17,True,0.017206851,34.85,68.75,52662.5,4
492,30860,"Logan, UT-ID",labor_force_participation_pct,172,172,0,0,68.992442,68.9,1.0106456,67.6,68.1,69.5,70.9,67.6,70.9,1.4,0.6,0,172,17,14,17,True,0.017206851,34.85,68.75,52662.5,4
494,30980,"Longview, TX",startup_rate,180,180,0,0,6.369152,6.342024,3.4247614,0,4.4537295,8.1772435,12.584568,0,18,3.723514,1.8811768,6.1111111,180,18,14,18,True,0.0054357093,18.35,58.9,47830,5.8
494,30980,"Longview, TX",employment_growth,180,161,19,10.555556,0.0057987841,0.0053720967,0.074169725,-0.086422124,-0.034046693,0.047172414,0.11169514,-0.31025811,0.25091724,0.081219106,0.040294864,0,180,18,14,18,True,0.0054357093,18.35,58.9,47830,5.8
494,30980,"Longview, TX",establishment_growth,180,161,19,10.555556,0.0055802112,0.002293578,0.031399894,-0.045889101,-0.011214953,0.019455253,0.064233577,-0.10932476,0.11764706,0.030670206,0.015868239,6.2111801,180,18,14,18,True,0.0054357093,18.35,58.9,47830,5.8
494,30980,"Longview, TX",payroll_growth,180,161,19,10.555556,0.041360891,0.041467474,0.11345513,-0.10381213,-0.020290648,0.089494477,0.22065138,-0.32853223,0.54261392,0.10978513,0.053984736,0,180,18,14,18,True,0.0054357093,18.35,58.9,47830,5.8
494,30980,"Longview, TX",wage_growth,180,161,19,10.555556,0.033555606,0.034725067,0.05386987,-0.040555786,0.00092004015,0.059388547,0.11488602,-0.096575355,0.35415216,0.058468507,0.029507299,0,180,18,14,18,True,0.0054357093,18.35,58.9,47830,5.8
494,30980,"Longview, TX",acs_population_growth,180,168,12,6.6666667,0.031215091,0.0054357093,0.086744303,-6.9205429e-05,0.00073347941,0.0063443714,0.30725518,-6.9205429e-05,0.30725518,0.0056108919,0.0027741551,0,180,18,14,18,True,0.0054357093,18.35,58.9,47830,5.8
494,30980,"Longview, TX",unemployment_rate,180,180,0,0,5.8311111,5.6,0.84551322,4.4,5.4,6.7,7.2,4.4,7.2,1.3,0.6,0,180,18,14,18,True,0.0054357093,18.35,58.9,47830,5.8
494,30980,"Longview, TX",educational_attainment_pct,180,180,0,0,18.558333,18.5,1.1770086,17.1,17.6,19.5,20.8,17.1,20.8,1.9,0.9,0,180,18,14,18,True,0.0054357093,18.35,58.9,47830,5.8
494,30980,"Longview, TX",median_household_income,180,180,0,0,51102.15,48359,6651.3224,44276,45819,53524,65210,44276,65210,7705,2923,0,180,18,14,18,True,0.0054357093,18.35,58.9,47830,5.8
494,30980,"Longview, TX",labor_force_participation_pct,180,180,0,0,59.096667,58.9,1.0212764,57.9,58.3,59.9,61.4,57.9,61.4,1.6,0.6,0,180,18,14,18,True,0.0054357093,18.35,58.9,47830,5.8
495,31020,"Longview-Kelso, WA",startup_rate,205,205,0,0,5.3928212,5.3763441,4.1134895,0,2.7777778,7.8212291,12.444444,0,21.73913,5.0434513,2.5658942,22.926829,205,19,14,19,True,0.0071557742,16.05,56.35,49465.5,9.05
495,31020,"Longview-Kelso, WA",employment_growth,205,191,14,6.8292683,0.023316735,0.019889841,0.09708385,-0.092989452,-0.01697906,0.051425979,0.14535695,-0.40432612,0.58823529,0.068405038,0.034988208,3.6649215,205,19,14,19,True,0.0071557742,16.05,56.35,49465.5,9.05
495,31020,"Longview-Kelso, WA",establishment_growth,205,191,14,6.8292683,0.034135511,0,0.439443,-0.10610244,-0.019237884,0.033679579,0.13780207,-0.8397272,5.8814433,0.052917463,0.026490066,18.324607,205,19,14,19,True,0.0071557742,16.05,56.35,49465.5,9.05
495,31020,"Longview-Kelso, WA",payroll_growth,205,191,14,6.8292683,0.07157428,0.061626574,0.12357142,-0.072383334,0.0059847748,0.12199969,0.27762897,-0.52581921,0.65479734,0.11601492,0.057464722,0,205,19,14,19,True,0.0071557742,16.05,56.35,49465.5,9.05
495,31020,"Longview-Kelso, WA",wage_growth,205,191,14,6.8292683,0.049210315,0.040870545,0.10299849,-0.04923121,0.0063429023,0.073417348,0.20548648,-0.4204415,0.69778709,0.067074446,0.033408804,0,205,19,14,19,True,0.0071557742,16.05,56.35,49465.5,9.05
495,31020,"Longview-Kelso, WA",acs_population_growth,205,191,14,6.8292683,0.0071269556,0.0071557742,0.0053906097,-0.00037214768,0.0026060036,0.010634313,0.01584976,-0.00037214768,0.01584976,0.0080283094,0.0045497706,0,205,19,14,19,True,0.0071557742,16.05,56.35,49465.5,9.05
495,31020,"Longview-Kelso, WA",unemployment_rate,205,205,0,0,9.3287805,9.7,2.9322582,5.1,6.5,11.6,13.5,5.1,13.5,5.1,3.2,0,205,19,14,19,True,0.0071557742,16.05,56.35,49465.5,9.05
495,31020,"Longview-Kelso, WA",educational_attainment_pct,205,205,0,0,16.073659,16,0.76047507,14.7,15.4,17,17,14.7,17,1.6,0.6,0,205,19,14,19,True,0.0071557742,16.05,56.35,49465.5,9.05
495,31020,"Longview-Kelso, WA",median_household_income,205,205,0,0,53552.044,49127,9006.0045,45877,46571,58791,72932,45877,72932,12220,2625,0,205,19,14,19,True,0.0071557742,16.05,56.35,49465.5,9.05
495,31020,"Longview-Kelso, WA",labor_force_participation_pct,205,205,0,0,56.66,56.3,1.0786066,55.3,55.8,57.3,59.2,55.3,59.2,1.5,0.5,0,205,19,14,19,True,0.0071557742,16.05,56.35,49465.5,9.05
497,31080,"Los Angeles-Long Beach-Anaheim, CA",startup_rate,265,265,0,0,9.4404992,9.5701126,3.1406472,2.8517099,7.6923077,11.091312,14.203004,1.2509773,20.212766,3.3990039,1.7493522,0,265,19,14,19,True,-0.00029428639,33.7,65,69138,6.6
497,31080,"Los Angeles-Long Beach-Anaheim, CA",employment_growth,265,246,19,7.1698113,0.0084246476,0.01793703,0.073068256,-0.10360026,-0.0067569534,0.040646738,0.07188922,-0.44575625,0.31660423,0.047403692,0.023785636,0,265,19,14,19,True,-0.00029428639,33.7,65,69138,6.6
497,31080,"Los Angeles-Long Beach-Anaheim, CA",establishment_growth,265,246,19,7.1698113,0.042491407,0.021042216,0.31596826,-0.029738003,0.00077356535,0.048600006,0.10262961,-0.84792369,4.860357,0.04782644,0.023883093,0,265,19,14,19,True,-0.00029428639,33.7,65,69138,6.6
497,31080,"Los Angeles-Long Beach-Anaheim, CA",payroll_growth,265,246,19,7.1698113,0.042272099,0.048902372,0.070319371,-0.059100423,0.016335097,0.076517778,0.13252701,-0.42626323,0.25833835,0.060182681,0.029368142,0,265,19,14,19,True,-0.00029428639,33.7,65,69138,6.6
497,31080,"Los Angeles-Long Beach-Anaheim, CA",wage_growth,265,246,19,7.1698113,0.035404782,0.03409037,0.055446089,-0.030767848,0.015079687,0.053337711,0.10287166,-0.1876721,0.50183328,0.038258023,0.019199755,0,265,19,14,19,True,-0.00029428639,33.7,65,69138,6.6
497,31080,"Los Angeles-Long Beach-Anaheim, CA",acs_population_growth,265,189,76,28.679245,0.00053985465,5.24826e-05,0.0053150068,-0.0075845508,-0.0029123113,0.005471984,0.00890535,-0.0075845508,0.00890535,0.0083842953,0.0054195014,0,265,19,14,19,True,-0.00029428639,33.7,65,69138,6.6
497,31080,"Los Angeles-Long Beach-Anaheim, CA",unemployment_rate,265,208,57,21.509434,7.6913462,6.6,1.7479932,5.7,6.4,9.4,10.9,5.7,10.9,3,0.7,0,265,19,14,19,True,-0.00029428639,33.7,65,69138,6.6
497,31080,"Los Angeles-Long Beach-Anaheim, CA",educational_attainment_pct,265,208,57,21.509434,34.034135,33.7,1.9962134,31.4,32,36,37.4,31.4,37.4,4,1.7,0,265,19,14,19,True,-0.00029428639,33.7,65,69138,6.6
497,31080,"Los Angeles-Long Beach-Anaheim, CA",median_household_income,265,208,57,21.509434,71963.962,69138,11414,60252,60705,81652,93525,60252,93525,20947,8433,0,265,19,14,19,True,-0.00029428639,33.7,65,69138,6.6
497,31080,"Los Angeles-Long Beach-Anaheim, CA",labor_force_participation_pct,265,208,57,21.509434,64.945673,65,0.20707423,64.7,64.7,65.1,65.4,64.7,65.4,0.4,0.1,0,265,19,14,19,True,-0.00029428639,33.7,65,69138,6.6
498,31140,"Louisville/Jefferson County, KY-IN",startup_rate,56,56,0,0,6.849027,6.9697647,1.6222984,4.2328184,5.735864,7.6490982,9.8216311,2.8119508,10.379747,1.9132342,0.74214646,0,56,10,14,10,False,0.0067677206,27.85,65.2,53530.5,6.45
498,31140,"Louisville/Jefferson County, KY-IN",employment_growth,56,40,16,28.571429,0.0060031695,0.014783304,0.043278668,-0.064255326,-0.0086863671,0.032799123,0.057603023,-0.14034585,0.073442665,0.04148549,0.021051158,0,56,10,14,10,False,0.0067677206,27.85,65.2,53530.5,6.45
498,31140,"Louisville/Jefferson County, KY-IN",establishment_growth,56,40,16,28.571429,0.018897735,0.017572516,0.042162641,-0.039274183,-0.0061849924,0.044367787,0.079897844,-0.10283912,0.13969336,0.05055278,0.025068262,0,56,10,14,10,False,0.0067677206,27.85,65.2,53530.5,6.45
498,31140,"Louisville/Jefferson County, KY-IN",payroll_growth,56,40,16,28.571429,0.048994168,0.047706947,0.048541789,-0.026466967,0.018227334,0.073343328,0.12276823,-0.049710217,0.16662826,0.055115994,0.027722863,0,56,10,14,10,False,0.0067677206,27.85,65.2,53530.5,6.45
498,31140,"Louisville/Jefferson County, KY-IN",wage_growth,56,40,16,28.571429,0.042990408,0.03720391,0.028079097,0.0084002905,0.023576299,0.056036565,0.095008943,0.0075309669,0.1166874,0.032460266,0.017292968,0,56,10,14,10,False,0.0067677206,27.85,65.2,53530.5,6.45
498,31140,"Louisville/Jefferson County, KY-IN",acs_population_growth,56,51,5,8.9285714,0.0071608979,0.0060335865,0.024149139,-0.030614509,0.0023711387,0.009639213,0.06179615,-0.030614509,0.06179615,0.0072680744,0.0036624478,0,56,10,14,10,False,0.0067677206,27.85,65.2,53530.5,6.45
498,31140,"Louisville/Jefferson County, KY-IN",unemployment_rate,56,56,0,0,6.3267857,5,1.9374295,4.3,4.9,8.2,9.7,4.3,9.7,3.3,0.7,0,56,10,14,10,False,0.0067677206,27.85,65.2,53530.5,6.45
498,31140,"Louisville/Jefferson County, KY-IN",educational_attainment_pct,56,56,0,0,28.766071,29.6,2.6672612,24.4,26.3,31.1,32.3,24.4,32.3,4.8,2.4,0,56,10,14,10,False,0.0067677206,27.85,65.2,53530.5,6.45
498,31140,"Louisville/Jefferson County, KY-IN",median_household_income,56,56,0,0,58266.107,59158,8212.4483,47823,49753,64533,71737,47823,71737,14780,8362.5,0,56,10,14,10,False,0.0067677206,27.85,65.2,53530.5,6.45
498,31140,"Louisville/Jefferson County, KY-IN",labor_force_participation_pct,56,56,0,0,65.4125,65.2,0.44479311,64.9,65.2,65.7,66.3,64.9,66.3,0.5,0.1,0,56,10,14,10,False,0.0067677206,27.85,65.2,53530.5,6.45
499,31180,"Lubbock, TX",startup_rate,26,26,0,0,6.0131854,6.0249849,1.6666329,3.3215872,5.6032859,6.9328841,7.8446186,0,8.2887701,1.3295981,0.75783922,3.8461538,26,4,14,4,False,0.012688686,27.75,65.35,47670.5,5.2
499,31180,"Lubbock, TX",employment_growth,26,18,8,30.769231,0.014730497,0.01174662,0.033452979,-0.030075968,-0.00044875441,0.035561021,0.053042183,-0.06247775,0.091913747,0.036009775,0.015291236,0,26,4,14,4,False,0.012688686,27.75,65.35,47670.5,5.2
499,31180,"Lubbock, TX",establishment_growth,26,18,8,30.769231,0.0043050174,0.0049004114,0.018977422,-0.022382987,-0.01045869,0.018858045,0.032214362,-0.026365348,0.033106134,0.029316736,0.015894407,0,26,4,14,4,False,0.012688686,27.75,65.35,47670.5,5.2
499,31180,"Lubbock, TX",payroll_growth,26,18,8,30.769231,0.054428099,0.047804075,0.043752468,-0.0014804444,0.025558946,0.073903115,0.11899215,-0.0041741381,0.17765024,0.048344169,0.025421309,0,26,4,14,4,False,0.012688686,27.75,65.35,47670.5,5.2
499,31180,"Lubbock, TX",wage_growth,26,18,8,30.769231,0.039035185,0.037621115,0.020886361,0.013865729,0.027014857,0.049105592,0.070014316,-0.0097872488,0.078535159,0.022090735,0.012474498,0,26,4,14,4,False,0.012688686,27.75,65.35,47670.5,5.2
499,31180,"Lubbock, TX",acs_population_growth,26,24,2,7.6923077,0.019648929,0.012688686,0.025871609,-0.00025121787,0.010826789,0.014494727,0.091029674,-0.0018716937,0.10083311,0.0036679383,0.0019035386,0,26,4,14,4,False,0.012688686,27.75,65.35,47670.5,5.2
499,31180,"Lubbock, TX",unemployment_rate,26,26,0,0,5.3038462,5.2,0.99819067,3.9,4.4,6.2,6.5,3.9,7,1.8,0.9,0,26,4,14,4,False,0.012688686,27.75,65.35,47670.5,5.2
499,31180,"Lubbock, TX",educational_attainment_pct,26,26,0,0,28.723077,27.75,1.9066846,27,27.1,30.85,31.6,26.9,32.1,3.75,0.75,0,26,4,14,4,False,0.012688686,27.75,65.35,47670.5,5.2
499,31180,"Lubbock, TX",median_household_income,26,26,0,0,49381.846,47670.5,6245.9283,42757.25,43800,52737.75,62099.75,42415,62288,8937.75,3886.5,0,26,4,14,4,False,0.012688686,27.75,65.35,47670.5,5.2
499,31180,"Lubbock, TX",labor_force_participation_pct,26,26,0,0,65.519231,65.3,0.64126078,64.725,64.925,66.2,66.4,64.7,66.4,1.275,0.5,0,26,4,14,4,False,0.012688686,27.75,65.35,47670.5,5.2
503,31340,"Lynchburg, VA",startup_rate,114,114,0,0,5.731582,5.5427547,2.5022687,2.2794728,3.7902188,7.1177062,10.484234,1.2552301,13.793103,3.3274874,1.7461009,0,114,11,14,11,True,0.0049111033,26.15,59.7,49490,5.35
503,31340,"Lynchburg, VA",employment_growth,114,95,19,16.666667,0.0076532297,0.0048533873,0.053212141,-0.081015672,-0.01864049,0.036107643,0.10069376,-0.15829146,0.17853922,0.054748133,0.026899243,0,114,11,14,11,True,0.0049111033,26.15,59.7,49490,5.35
503,31340,"Lynchburg, VA",establishment_growth,114,95,19,16.666667,0.017362842,0.0038610039,0.0747105,-0.040209262,-0.011608934,0.029148871,0.1154809,-0.30055147,0.35371901,0.040757805,0.020121166,2.1052632,114,11,14,11,True,0.0049111033,26.15,59.7,49490,5.35
503,31340,"Lynchburg, VA",payroll_growth,114,95,19,16.666667,0.042779547,0.037233442,0.064580236,-0.048429273,0.0043193202,0.074108267,0.14730056,-0.12030856,0.26210526,0.069788947,0.035419107,0,114,11,14,11,True,0.0049111033,26.15,59.7,49490,5.35
503,31340,"Lynchburg, VA",wage_growth,114,95,19,16.666667,0.035185771,0.030637255,0.040697548,-0.029606625,0.013087272,0.060206593,0.10624937,-0.067072726,0.18124477,0.047119322,0.021062106,0,114,11,14,11,True,0.0049111033,26.15,59.7,49490,5.35
503,31340,"Lynchburg, VA",acs_population_growth,114,106,8,7.0175439,0.0039519897,0.004175276,0.0035931309,-0.006484443,0.0034145893,0.0060640464,0.0088847078,-0.006484443,0.0088847078,0.002649457,0.001656374,0,114,11,14,11,True,0.0049111033,26.15,59.7,49490,5.35
503,31340,"Lynchburg, VA",unemployment_rate,114,114,0,0,5.7438596,5.2,1.5032728,4.2,4.5,6.8,8.6,4.2,8.6,2.3,0.9,0,114,11,14,11,True,0.0049111033,26.15,59.7,49490,5.35
503,31340,"Lynchburg, VA",educational_attainment_pct,114,114,0,0,26.387719,26.5,2.9026732,21.5,24.4,28.7,30.9,21.5,30.9,4.3,2.2,0,114,11,14,11,True,0.0049111033,26.15,59.7,49490,5.35
503,31340,"Lynchburg, VA",median_household_income,114,114,0,0,52993.061,50711,7398.7799,44560,46913,56983,67782,44560,67782,10070,4372,0,114,11,14,11,True,0.0049111033,26.15,59.7,49490,5.35
503,31340,"Lynchburg, VA",labor_force_participation_pct,114,114,0,0,60.051754,59.6,1.0402716,59.1,59.4,60.3,62.5,59.1,62.5,0.9,0.3,0,114,11,14,11,True,0.0049111033,26.15,59.7,49490,5.35
505,31420,"Macon-Bibb County, GA",startup_rate,21,21,0,0,5.3571849,4.9180328,1.6066096,3.8054968,4.1580042,6.0344828,7.9365079,2.742616,8.9311859,1.8764786,0.95198818,0,21,4,14,4,False,-0.00024541568,22.85,56.85,40958.5,9.15
505,31420,"Macon-Bibb County, GA",employment_growth,21,16,5,23.809524,0.014066285,0.012084187,0.051760858,-0.057586793,-0.02032055,0.049493137,0.089637873,-0.074859368,0.12270243,0.069813686,0.034300406,0,21,4,14,4,False,-0.00024541568,22.85,56.85,40958.5,9.15
505,31420,"Macon-Bibb County, GA",establishment_growth,21,16,5,23.809524,-0.0086312341,-0.01179538,0.097338715,-0.17961394,-0.02139747,0.023685028,0.095950522,-0.2354049,0.22979798,0.045082498,0.022078661,6.25,21,4,14,4,False,-0.00024541568,22.85,56.85,40958.5,9.15
505,31420,"Macon-Bibb County, GA",payroll_growth,21,16,5,23.809524,0.041552225,0.033491155,0.045465584,-0.008094524,0.016370633,0.063524216,0.12085672,-0.047989848,0.14320431,0.047153583,0.023202833,0,21,4,14,4,False,-0.00024541568,22.85,56.85,40958.5,9.15
505,31420,"Macon-Bibb County, GA",wage_growth,21,16,5,23.809524,0.027819023,0.029453609,0.028907233,-0.012677205,0.012813294,0.035522408,0.081473982,-0.014453478,0.093735792,0.022709114,0.012347511,0,21,4,14,4,False,-0.00024541568,22.85,56.85,40958.5,9.15
505,31420,"Macon-Bibb County, GA",acs_population_growth,21,19,2,9.5238095,0.0010222436,0.00026579057,0.0040954014,-0.0035487575,-0.0011602392,0.0028377139,0.0042307691,-0.0035487575,0.01507634,0.0039979531,0.0021583909,0,21,4,14,4,False,-0.00024541568,22.85,56.85,40958.5,9.15
505,31420,"Macon-Bibb County, GA",unemployment_rate,21,21,0,0,8.952381,9.6,1.9673889,6.3,6.9,10.2,11.6,6.3,11.9,3.3,1.8,0,21,4,14,4,False,-0.00024541568,22.85,56.85,40958.5,9.15
505,31420,"Macon-Bibb County, GA",educational_attainment_pct,21,21,0,0,22.204762,22.6,1.5393103,20.2,20.7,23.5,24.2,20.2,24.2,2.8,1.6,0,21,4,14,4,False,-0.00024541568,22.85,56.85,40958.5,9.15
505,31420,"Macon-Bibb County, GA",median_household_income,21,21,0,0,44558.905,40746,6799.8902,39609,40241,46083,58127,39501,58127,5842,858,0,21,4,14,4,False,-0.00024541568,22.85,56.85,40958.5,9.15
505,31420,"Macon-Bibb County, GA",labor_force_participation_pct,21,21,0,0,57.119048,57.3,0.84771401,55.9,56.4,58,58.5,55.9,58.5,1.6,0.7,0,21,4,14,4,False,-0.00024541568,22.85,56.85,40958.5,9.15
507,31540,"Madison, WI",startup_rate,145,145,0,0,5.8557155,5.6732224,1.8618844,3.0870015,4.5676998,7.0208729,9.0225035,2.2759602,12.5,2.453173,1.2282873,0,145,12,14,12,True,0.01059721,44.35,72.1,65125.5,4
507,31540,"Madison, WI",employment_growth,145,132,13,8.9655172,0.016589625,0.013505082,0.054465484,-0.0377346,-0.003233127,0.03984509,0.095674989,-0.28803377,0.18366526,0.043078217,0.021340866,0,145,12,14,12,True,0.01059721,44.35,72.1,65125.5,4
507,31540,"Madison, WI",establishment_growth,145,132,13,8.9655172,0.017833047,0.007131743,0.11683923,-0.034004068,-0.0093020415,0.025675403,0.073328015,-0.29187563,1.260771,0.034977444,0.017239623,2.2727273,145,12,14,12,True,0.01059721,44.35,72.1,65125.5,4
507,31540,"Madison, WI",payroll_growth,145,132,13,8.9655172,0.057096265,0.049191403,0.062783319,-0.00073762166,0.027282604,0.084745778,0.14957124,-0.23804523,0.26643781,0.057463174,0.026941523,0,145,12,14,12,True,0.01059721,44.35,72.1,65125.5,4
507,31540,"Madison, WI",wage_growth,145,132,13,8.9655172,0.040019246,0.035843469,0.031100283,0.0037738409,0.025826831,0.051665626,0.088302343,-0.076876098,0.21025488,0.025838795,0.01271095,0,145,12,14,12,True,0.01059721,44.35,72.1,65125.5,4
507,31540,"Madison, WI",acs_population_growth,145,135,10,6.8965517,0.016245598,0.01059721,0.018161077,0.006655241,0.0099231328,0.011626794,0.075929538,0.006655241,0.075929538,0.0017036611,0.0010295835,0,145,12,14,12,True,0.01059721,44.35,72.1,65125.5,4
507,31540,"Madison, WI",unemployment_rate,145,145,0,0,4.0144828,4.3,1.2923374,2.4,2.6,5.4,5.7,2.4,5.7,2.8,1.2,0,145,12,14,12,True,0.01059721,44.35,72.1,65125.5,4
507,31540,"Madison, WI",educational_attainment_pct,145,145,0,0,44.610345,43.9,2.6489968,41.5,42.1,47.1,49.3,41.5,49.3,5,2.2,0,145,12,14,12,True,0.01059721,44.35,72.1,65125.5,4
507,31540,"Madison, WI",median_household_income,145,145,0,0,68288.124,63642,8588.4989,59650,61163,73807,86827,59650,86827,12644,2967,0,145,12,14,12,True,0.01059721,44.35,72.1,65125.5,4
507,31540,"Madison, WI",labor_force_participation_pct,145,145,0,0,72.084828,72.2,1.1782361,69.9,71.1,73.1,73.9,69.9,73.9,2,0.9,0,145,12,14,12,True,0.01059721,44.35,72.1,65125.5,4
511,31700,"Manchester-Nashua, NH",startup_rate,242,242,0,0,5.7163015,5.6398679,3.7367968,0,3.4952978,7.4216301,10.669853,0,29.166667,3.9263323,1.9987694,11.983471,242,19,14,19,True,0.0035140314,36.4,70.5,74483,5
511,31700,"Manchester-Nashua, NH",employment_growth,242,224,18,7.4380165,0.016443936,0.014286913,0.066248014,-0.063365971,-0.0089182972,0.040115517,0.10976504,-0.4109589,0.28070175,0.049033815,0.024643807,0,242,19,14,19,True,0.0035140314,36.4,70.5,74483,5
511,31700,"Manchester-Nashua, NH",establishment_growth,242,224,18,7.4380165,0.0056403329,0.0044351349,0.043278528,-0.050614431,-0.010607144,0.021701906,0.063905385,-0.27272727,0.22222222,0.03230905,0.016697834,4.9107143,242,19,14,19,True,0.0035140314,36.4,70.5,74483,5
511,31700,"Manchester-Nashua, NH",payroll_growth,242,224,18,7.4380165,0.052592203,0.048685221,0.076953937,-0.058595349,0.016500983,0.083966234,0.17146353,-0.2375381,0.35677806,0.067465251,0.03365684,0,242,19,14,19,True,0.0035140314,36.4,70.5,74483,5
511,31700,"Manchester-Nashua, NH",wage_growth,242,224,18,7.4380165,0.036847242,0.033888523,0.059240187,-0.031511121,0.0092165588,0.056322922,0.11645477,-0.2231684,0.35384919,0.047106363,0.023692066,0,242,19,14,19,True,0.0035140314,36.4,70.5,74483,5
511,31700,"Manchester-Nashua, NH",acs_population_growth,242,224,18,7.4380165,0.0047048933,0.0035140314,0.0033200665,0.0017219156,0.0022837141,0.0053007819,0.01251851,0.0017219156,0.01251851,0.0030170678,0.0013703337,0,242,19,14,19,True,0.0035140314,36.4,70.5,74483,5
511,31700,"Manchester-Nashua, NH",unemployment_rate,242,242,0,0,5.164876,4.8,1.3170309,3.3,4,6.6,7.4,3.3,7.4,2.6,1.1,0,242,19,14,19,True,0.0035140314,36.4,70.5,74483,5
511,31700,"Manchester-Nashua, NH",educational_attainment_pct,242,242,0,0,37.03595,36.5,2.0262563,34.5,35.3,38.6,40.6,34.5,40.6,3.3,1.6,0,242,19,14,19,True,0.0035140314,36.4,70.5,74483,5
511,31700,"Manchester-Nashua, NH",median_household_income,242,242,0,0,78454.57,75777,9668.9697,69321,70591,82099,100436,69321,100436,11508,5683,0,242,19,14,19,True,0.0035140314,36.4,70.5,74483,5
511,31700,"Manchester-Nashua, NH",labor_force_participation_pct,242,242,0,0,70.830165,70.5,0.88174147,69.9,70.1,71.4,72.4,69.9,72.4,1.3,0.4,0,242,19,14,19,True,0.0035140314,36.4,70.5,74483,5
512,31740,"Manhattan, KS",startup_rate,121,121,0,0,6.167216,5.8394161,3.0282668,1.4836795,4.2402827,7.7272727,11.904762,0,15.625,3.48699,1.7236092,4.9586777,121,13,14,13,True,0.008583292,39.05,69.4,50767.5,4.6
512,31740,"Manhattan, KS",employment_growth,121,110,11,9.0909091,-0.0018995764,-0.0011780755,0.068461445,-0.10310627,-0.026372332,0.040590269,0.081074663,-0.24336283,0.22270742,0.066962602,0.037293234,0,121,13,14,13,True,0.008583292,39.05,69.4,50767.5,4.6
512,31740,"Manhattan, KS",establishment_growth,121,110,11,9.0909091,0.011604298,0.004551137,0.055896795,-0.046582811,-0.017324561,0.030790441,0.077435642,-0.068870523,0.44444444,0.048115003,0.024404032,4.5454545,121,13,14,13,True,0.008583292,39.05,69.4,50767.5,4.6
512,31740,"Manhattan, KS",payroll_growth,121,110,11,9.0909091,0.038927431,0.046548368,0.090324101,-0.11722755,0.0033660472,0.083452285,0.15066238,-0.20733163,0.52548877,0.080086238,0.039823631,0,121,13,14,13,True,0.008583292,39.05,69.4,50767.5,4.6
512,31740,"Manhattan, KS",wage_growth,121,110,11,9.0909091,0.040753172,0.042252176,0.048204373,-0.023140892,0.021263197,0.065200361,0.10744123,-0.13612767,0.24766543,0.043937164,0.022655664,0.90909091,121,13,14,13,True,0.008583292,39.05,69.4,50767.5,4.6
512,31740,"Manhattan, KS",acs_population_growth,121,113,8,6.6115702,0.0058553939,0.008583292,0.10831546,-0.25384429,-0.00271241,0.019966406,0.15787671,-0.25384429,0.34486701,0.022678816,0.011383114,0,121,13,14,13,True,0.008583292,39.05,69.4,50767.5,4.6
512,31740,"Manhattan, KS",unemployment_rate,121,121,0,0,4.7413223,4.6,0.41606679,4.3,4.3,5.2,5.4,4.3,5.4,0.9,0.3,0,121,13,14,13,True,0.008583292,39.05,69.4,50767.5,4.6
512,31740,"Manhattan, KS",educational_attainment_pct,121,121,0,0,39.149587,39.1,2.9027609,33.1,37.3,41.8,42.7,33.1,42.7,4.5,2.3,0,121,13,14,13,True,0.008583292,39.05,69.4,50767.5,4.6
512,31740,"Manhattan, KS",median_household_income,121,121,0,0,51663.785,50108,5905.6699,43104,46858,54488,64096,43104,64096,7630,3685,0,121,13,14,13,True,0.008583292,39.05,69.4,50767.5,4.6
512,31740,"Manhattan, KS",labor_force_participation_pct,121,121,0,0,69.338843,68.9,1.0450177,68,68.2,70.5,70.6,68,70.6,2.3,0.9,0,121,13,14,13,True,0.008583292,39.05,69.4,50767.5,4.6
514,31860,"Mankato, MN",startup_rate,126,126,0,0,4.9185198,5.1003344,2.8775951,0,3.2015432,6.5514806,9.7730038,0,14.893617,3.3499375,1.8036312,11.111111,126,13,14,13,True,0.0064332451,32.05,72.05,55777.5,4.3
514,31860,"Mankato, MN",employment_growth,126,113,13,10.31746,0.010775607,0.016361257,0.068868939,-0.12145156,-0.013599275,0.04551201,0.097207533,-0.26153846,0.28594507,0.059111285,0.02987477,0.88495575,126,13,14,13,True,0.0064332451,32.05,72.05,55777.5,4.3
514,31860,"Mankato, MN",establishment_growth,126,113,13,10.31746,0.010179628,0.0083102493,0.038117583,-0.050544888,-0.01459854,0.031578947,0.0765555,-0.12195122,0.11428571,0.046177488,0.023016132,10.619469,126,13,14,13,True,0.0064332451,32.05,72.05,55777.5,4.3
514,31860,"Mankato, MN",payroll_growth,126,113,13,10.31746,0.060002686,0.056256491,0.087545595,-0.086643355,0.026018488,0.096807314,0.19602007,-0.22743441,0.39617613,0.070788826,0.038654083,0,126,13,14,13,True,0.0064332451,32.05,72.05,55777.5,4.3
514,31860,"Mankato, MN",wage_growth,126,113,13,10.31746,0.048861828,0.040079551,0.053785712,-0.017177455,0.024420131,0.065437337,0.12152676,-0.074022801,0.41973846,0.041017206,0.021205691,0,126,13,14,13,True,0.0064332451,32.05,72.05,55777.5,4.3
514,31860,"Mankato, MN",acs_population_growth,126,115,11,8.7301587,0.0068693886,0.0064332451,0.0025875092,0.0029788502,0.0051715758,0.0087148349,0.013058379,0.0029788502,0.013058379,0.0035432591,0.0014576521,0,126,13,14,13,True,0.0064332451,32.05,72.05,55777.5,4.3
514,31860,"Mankato, MN",unemployment_rate,126,126,0,0,4.5119048,4.4,1.1047973,2.9,3.4,5.4,6.2,2.9,6.2,2,1,0,126,13,14,13,True,0.0064332451,32.05,72.05,55777.5,4.3
514,31860,"Mankato, MN",educational_attainment_pct,126,126,0,0,32.670635,31.9,1.6346286,30.9,31.3,34.5,35.4,30.9,35.4,3.2,0.9,0,126,13,14,13,True,0.0064332451,32.05,72.05,55777.5,4.3
514,31860,"Mankato, MN",median_household_income,126,126,0,0,58415.008,55097,7374.7689,51058,53041,63288,73472,51058,74722,10247,3202,0,126,13,14,13,True,0.0064332451,32.05,72.05,55777.5,4.3
514,31860,"Mankato, MN",labor_force_participation_pct,126,126,0,0,72.288889,72.1,1.1384356,70.8,71.7,73.1,74.2,69.7,74.2,1.4,0.6,0,126,13,14,13,True,0.0064332451,32.05,72.05,55777.5,4.3
515,31900,"Mansfield, OH",startup_rate,182,182,0,0,4.3743778,4.0061728,3.5618847,0,2.390553,5.9093724,10.93608,0,23.529412,3.5188194,1.7575638,18.681319,182,18,14,18,True,-0.0029125098,16.8,56.6,43618,7.9
515,31900,"Mansfield, OH",employment_growth,182,165,17,9.3406593,-0.0035488386,0.00053029299,0.066395139,-0.11927551,-0.029605263,0.030034466,0.087718102,-0.30487805,0.23214286,0.059639729,0.029804655,1.2121212,182,18,14,18,True,-0.0029125098,16.8,56.6,43618,7.9
515,31900,"Mansfield, OH",establishment_growth,182,165,17,9.3406593,0.0089804056,0,0.069415038,-0.053499653,-0.020833333,0.023026316,0.090203001,-0.22047244,0.5,0.043859649,0.02173913,10.30303,182,18,14,18,True,-0.0029125098,16.8,56.6,43618,7.9
515,31900,"Mansfield, OH",payroll_growth,182,165,17,9.3406593,0.034011445,0.035195707,0.078161935,-0.08463055,-0.0044127391,0.069451355,0.16685108,-0.1833437,0.35063753,0.073864094,0.037228896,0,182,18,14,18,True,-0.0029125098,16.8,56.6,43618,7.9
515,31900,"Mansfield, OH",wage_growth,182,165,17,9.3406593,0.038392273,0.033706651,0.051392903,-0.025710962,0.011177233,0.058401466,0.10856504,-0.16087407,0.31993434,0.047224233,0.024686116,0,182,18,14,18,True,-0.0029125098,16.8,56.6,43618,7.9
515,31900,"Mansfield, OH",acs_population_growth,182,168,14,7.6923077,0.00013463031,-0.0029125098,0.0094787858,-0.0076252984,-0.0046520298,0.0010399334,0.028593145,-0.0076252984,0.028593145,0.0056919632,0.0024418245,0,182,18,14,18,True,-0.0029125098,16.8,56.6,43618,7.9
515,31900,"Mansfield, OH",unemployment_rate,182,182,0,0,7.3642857,7.5,1.9805935,4.8,5.3,9.4,10.2,4.8,10.2,4.1,2.05,0,182,18,14,18,True,-0.0029125098,16.8,56.6,43618,7.9
515,31900,"Mansfield, OH",educational_attainment_pct,182,182,0,0,16.664835,17.2,1.2747331,14.9,15.1,17.8,18.3,14.9,18.3,2.7,0.8,0,182,18,14,18,True,-0.0029125098,16.8,56.6,43618,7.9
515,31900,"Mansfield, OH",median_household_income,182,182,0,0,47141.687,44138,5566.4136,41835,42664,49547,57649,41835,57649,6883,2303,0,182,18,14,18,True,-0.0029125098,16.8,56.6,43618,7.9
515,31900,"Mansfield, OH",labor_force_participation_pct,182,182,0,0,57.015934,56.7,1.3124221,55.5,55.9,57.9,59.6,55.5,59.6,2,0.8,0,182,18,14,18,True,-0.0029125098,16.8,56.6,43618,7.9
534,32580,"McAllen-Edinburg-Mission, TX",startup_rate,240,240,0,0,8.7136583,8.5538092,3.5332225,0,6.9404349,10.654875,14.466647,0,18.518519,3.7144402,1.7887294,6.25,240,19,14,19,True,0.011732629,17.6,58.45,36595.5,8.55
534,32580,"McAllen-Edinburg-Mission, TX",employment_growth,240,223,17,7.0833333,0.029271625,0.0301459,0.078024802,-0.073905236,-0.00076045627,0.056756203,0.15002492,-0.37928571,0.46551724,0.057516659,0.029554965,0.44843049,240,19,14,19,True,0.011732629,17.6,58.45,36595.5,8.55
534,32580,"McAllen-Edinburg-Mission, TX",establishment_growth,240,223,17,7.0833333,0.025155453,0.025235032,0.046778647,-0.029498554,0.0045925272,0.045351707,0.07731032,-0.16793893,0.33333333,0.04075918,0.020404114,0.89686099,240,19,14,19,True,0.011732629,17.6,58.45,36595.5,8.55
534,32580,"McAllen-Edinburg-Mission, TX",payroll_growth,240,223,17,7.0833333,0.066613349,0.057705939,0.08773943,-0.03782653,0.024470203,0.097921884,0.19919484,-0.34081504,0.46885115,0.073451681,0.035132626,0,240,19,14,19,True,0.011732629,17.6,58.45,36595.5,8.55
534,32580,"McAllen-Edinburg-Mission, TX",wage_growth,240,223,17,7.0833333,0.036725848,0.034579577,0.043774986,-0.021265596,0.014146589,0.055374595,0.10317798,-0.11476323,0.393305,0.041228006,0.020806803,0,240,19,14,19,True,0.011732629,17.6,58.45,36595.5,8.55
534,32580,"McAllen-Edinburg-Mission, TX",acs_population_growth,240,223,17,7.0833333,0.013927838,0.011732629,0.0067664392,0.0052720996,0.0086521878,0.019984924,0.027789349,0.0052720996,0.027789349,0.011332736,0.0047621345,0,240,19,14,19,True,0.011732629,17.6,58.45,36595.5,8.55
534,32580,"McAllen-Edinburg-Mission, TX",unemployment_rate,240,240,0,0,8.8358333,9,1.3799094,6.9,7.6,10.1,10.8,6.9,10.8,2.5,1.4,0,240,19,14,19,True,0.011732629,17.6,58.45,36595.5,8.55
534,32580,"McAllen-Edinburg-Mission, TX",educational_attainment_pct,240,240,0,0,17.587083,17.4,1.7441474,15.1,15.9,19.3,20.3,15.1,20.3,3.4,1.5,0,240,19,14,19,True,0.011732629,17.6,58.45,36595.5,8.55
534,32580,"McAllen-Edinburg-Mission, TX",median_household_income,240,240,0,0,38597.713,36094,6070.7559,31879,34146,41846,52281,31879,52281,7700,2876,0,240,19,14,19,True,0.011732629,17.6,58.45,36595.5,8.55
534,32580,"McAllen-Edinburg-Mission, TX",labor_force_participation_pct,240,240,0,0,58.3875,58.45,0.35583892,57.6,58.1,58.7,58.8,57.6,58.8,0.6,0.25,0,240,19,14,19,True,0.011732629,17.6,58.45,36595.5,8.55
539,32780,"Medford, OR",startup_rate,235,235,0,0,6.697577,6.8627451,3.2579133,0,5.166139,8.7981481,11.771879,0,15.957447,3.6320092,1.8119537,10.212766,235,19,14,19,True,0.0079317204,26.45,57.9,47515.5,8.2
539,32780,"Medford, OR",employment_growth,235,218,17,7.2340426,0.018096614,0.02324052,0.068762984,-0.075257414,-0.010476219,0.045775955,0.10438648,-0.33005532,0.46478873,0.056252173,0.025651521,0.4587156,235,19,14,19,True,0.0079317204,26.45,57.9,47515.5,8.2
539,32780,"Medford, OR",establishment_growth,235,218,17,7.2340426,0.031479954,0.020934308,0.078625084,-0.032869398,0,0.053797468,0.12038756,-0.4302926,0.69749009,0.053797468,0.026203184,5.5045872,235,19,14,19,True,0.0079317204,26.45,57.9,47515.5,8.2
539,32780,"Medford, OR",payroll_growth,235,218,17,7.2340426,0.065850422,0.060672383,0.093967475,-0.033827569,0.028040403,0.099207112,0.17176648,-0.3056188,0.92020469,0.071166709,0.03459923,0,235,19,14,19,True,0.0079317204,26.45,57.9,47515.5,8.2
539,32780,"Medford, OR",wage_growth,235,218,17,7.2340426,0.046635547,0.037272444,0.045425966,-0.0057837526,0.022976688,0.064635564,0.12559938,-0.11590002,0.3109148,0.041658875,0.019949002,0,235,19,14,19,True,0.0079317204,26.45,57.9,47515.5,8.2
539,32780,"Medford, OR",acs_population_growth,235,219,16,6.8085106,0.007986737,0.0079317204,0.00349919,-0.00018418357,0.007097706,0.010359787,0.01316842,-0.00018418357,0.01316842,0.0032620809,0.0024280665,0,235,19,14,19,True,0.0079317204,26.45,57.9,47515.5,8.2
539,32780,"Medford, OR",unemployment_rate,235,235,0,0,8.4646809,7.5,2.9122177,5.1,5.6,11.4,13.1,5.1,13.1,5.8,2.1,0,235,19,14,19,True,0.0079317204,26.45,57.9,47515.5,8.2
539,32780,"Medford, OR",educational_attainment_pct,235,235,0,0,26.925957,26.8,2.2856966,23.7,24.8,28.8,30.6,23.7,30.6,4,2,0,235,19,14,19,True,0.0079317204,26.45,57.9,47515.5,8.2
539,32780,"Medford, OR",median_household_income,235,235,0,0,51840.991,48688,9347.3219,43386,44028,56327,71443,43386,71443,12299,4724,0,235,19,14,19,True,0.0079317204,26.45,57.9,47515.5,8.2
539,32780,"Medford, OR",labor_force_participation_pct,235,235,0,0,58.495319,57.8,1.2564107,57.4,57.5,59.4,61.2,57.4,61.2,1.9,0.4,0,235,19,14,19,True,0.0079317204,26.45,57.9,47515.5,8.2
540,32820,"Memphis, TN-MS-AR",startup_rate,35,35,0,0,5.1537407,4.6511628,1.8173619,2.4842713,3.9409823,6.1489308,8.2652486,2.3653088,9.670947,2.2079485,1.1900997,0,35,5,14,5,False,0.0024846411,27.05,64.45,49369.5,8.6
540,32820,"Memphis, TN-MS-AR",employment_growth,35,28,7,20,0.005094569,0.0047225537,0.025077682,-0.029348272,-0.0097679056,0.016797796,0.049136413,-0.042605319,0.069641393,0.026565701,0.013253263,0,35,5,14,5,False,0.0024846411,27.05,64.45,49369.5,8.6
540,32820,"Memphis, TN-MS-AR",establishment_growth,35,28,7,20,0.0055217061,0.0086262672,0.024154231,-0.03714605,-0.0050764647,0.02322216,0.037588788,-0.047941636,0.048664122,0.028298625,0.01474113,0,35,5,14,5,False,0.0024846411,27.05,64.45,49369.5,8.6
540,32820,"Memphis, TN-MS-AR",payroll_growth,35,28,7,20,0.023478034,0.027233599,0.057136242,-0.097807235,-0.00085434161,0.049242052,0.092410821,-0.099602258,0.14612762,0.050096394,0.025038983,0,35,5,14,5,False,0.0024846411,27.05,64.45,49369.5,8.6
540,32820,"Memphis, TN-MS-AR",wage_growth,35,28,7,20,0.018185406,0.022530028,0.049288239,-0.073105137,0.0047526066,0.042428291,0.086542722,-0.087085162,0.13884056,0.037675684,0.020119701,0,35,5,14,5,False,0.0024846411,27.05,64.45,49369.5,8.6
540,32820,"Memphis, TN-MS-AR",acs_population_growth,35,30,5,14.285714,0.0029359559,0.0024846411,0.0039077739,-0.0047310866,0.001438182,0.0058196889,0.0090229548,-0.0058511708,0.011096064,0.0043815069,0.0017363213,0,35,5,14,5,False,0.0024846411,27.05,64.45,49369.5,8.6
540,32820,"Memphis, TN-MS-AR",unemployment_rate,35,35,0,0,9.24,9.9,1.5891544,6.8,7.85,10.6,11.15,6.5,11.5,2.75,1.1,0,35,5,14,5,False,0.0024846411,27.05,64.45,49369.5,8.6
540,32820,"Memphis, TN-MS-AR",educational_attainment_pct,35,35,0,0,26.625714,26.8,1.675137,24.6,25,27.45,29.98,24.6,30.7,2.45,1.4,0,35,5,14,5,False,0.0024846411,27.05,64.45,49369.5,8.6
540,32820,"Memphis, TN-MS-AR",median_household_income,35,35,0,0,49730.571,47647,4264.888,46260,47344,50777,58501.6,46260,64743,3433,1387,0,35,5,14,5,False,0.0024846411,27.05,64.45,49369.5,8.6
540,32820,"Memphis, TN-MS-AR",labor_force_participation_pct,35,35,0,0,65.097143,65,0.94323776,64,64.2,66.2,66.4,63.7,66.4,2,0.9,0,35,5,14,5,False,0.0024846411,27.05,64.45,49369.5,8.6
542,32900,"Merced, CA",startup_rate,190,190,0,0,6.5743144,6.1102037,4.7792066,0,3.8834951,9.0113812,14.107143,0,25.764192,5.1278861,2.5,16.842105,190,17,14,17,True,0.0090150603,13.75,59.5,45367.5,14.2
542,32900,"Merced, CA",employment_growth,190,175,15,7.8947368,0.015930604,0.021319797,0.12866746,-0.14473519,-0.03154711,0.057274859,0.20474804,-0.64111812,0.61318052,0.088821969,0.045565102,0,190,17,14,17,True,0.0090150603,13.75,59.5,45367.5,14.2
542,32900,"Merced, CA",establishment_growth,190,175,15,7.8947368,0.049099034,0.022556391,0.40130034,-0.075315729,-0.00094517958,0.055777778,0.15471933,-0.91008689,5.1726804,0.056722957,0.02872566,9.1428571,190,17,14,17,True,0.0090150603,13.75,59.5,45367.5,14.2
542,32900,"Merced, CA",payroll_growth,190,175,15,7.8947368,0.054449022,0.047422557,0.15523674,-0.15131217,0.002834721,0.096455869,0.27422131,-0.57652953,0.97402487,0.093621147,0.045873847,0,190,17,14,17,True,0.0090150603,13.75,59.5,45367.5,14.2
542,32900,"Merced, CA",wage_growth,190,175,15,7.8947368,0.039883115,0.037997418,0.087541642,-0.073197161,0.010719441,0.062692663,0.14451181,-0.21651723,0.70884416,0.051973221,0.026558475,0,190,17,14,17,True,0.0090150603,13.75,59.5,45367.5,14.2
542,32900,"Merced, CA",acs_population_growth,190,178,12,6.3157895,0.0099459117,0.0090150603,0.0034885115,0.004229115,0.0085738177,0.011248433,0.020057663,0.004229115,0.020057663,0.002674615,0.0022022628,0,190,17,14,17,True,0.0090150603,13.75,59.5,45367.5,14.2
542,32900,"Merced, CA",unemployment_rate,190,190,0,0,14.056316,14.6,2.5400781,10.7,11.1,16.1,17.9,10.7,17.9,5,1.9,0,190,17,14,17,True,0.0090150603,13.75,59.5,45367.5,14.2
542,32900,"Merced, CA",educational_attainment_pct,190,190,0,0,13.477368,13.7,0.79119722,12.3,12.6,14.1,14.8,12.3,14.8,1.5,0.7,0,190,17,14,17,True,0.0090150603,13.75,59.5,45367.5,14.2
542,32900,"Merced, CA",median_household_income,190,190,0,0,49660.889,44397,8043.0651,42462,43565,56330,65044,42462,65044,12765,1935,0,190,17,14,17,True,0.0090150603,13.75,59.5,45367.5,14.2
542,32900,"Merced, CA",labor_force_participation_pct,190,190,0,0,59.868421,59.5,0.7702488,58.9,59.3,60.6,61.3,58.9,61.3,1.3,0.4,0,190,17,14,17,True,0.0090150603,13.75,59.5,45367.5,14.2
546,33100,"Miami-Fort Lauderdale-West Palm Beach, FL",startup_rate,265,265,0,0,11.019752,11.192571,2.7361497,6.5665726,9.4430576,12.610576,15.294274,2.8813559,19.351002,3.1675184,1.5438203,0,265,19,14,19,True,0.0086185671,30.35,63.35,50911,8
546,33100,"Miami-Fort Lauderdale-West Palm Beach, FL",employment_growth,265,246,19,7.1698113,0.024542184,0.026730362,0.049345575,-0.045335275,0.0072242025,0.042013829,0.095023609,-0.24230001,0.34388186,0.034789626,0.017251377,0,265,19,14,19,True,0.0086185671,30.35,63.35,50911,8
546,33100,"Miami-Fort Lauderdale-West Palm Beach, FL",establishment_growth,265,246,19,7.1698113,0.029763518,0.023572874,0.043063224,-0.021813389,0.0076215296,0.045666349,0.096187561,-0.078651685,0.34848485,0.038044819,0.018440615,1.2195122,265,19,14,19,True,0.0086185671,30.35,63.35,50911,8
546,33100,"Miami-Fort Lauderdale-West Palm Beach, FL",payroll_growth,265,246,19,7.1698113,0.067167654,0.058817026,0.081182198,-0.010165066,0.033378005,0.094012545,0.16549208,-0.43389696,0.69887777,0.06063454,0.027976459,0,265,19,14,19,True,0.0086185671,30.35,63.35,50911,8
546,33100,"Miami-Fort Lauderdale-West Palm Beach, FL",wage_growth,265,246,19,7.1698113,0.041613325,0.036049224,0.06481165,-0.010809248,0.018256901,0.059422303,0.099416904,-0.32748893,0.71230642,0.041165403,0.018747696,0,265,19,14,19,True,0.0086185671,30.35,63.35,50911,8
546,33100,"Miami-Fort Lauderdale-West Palm Beach, FL",acs_population_growth,265,246,19,7.1698113,0.0087785328,0.0086185671,0.00612322,-0.0039088997,0.0032476004,0.013376925,0.017982668,-0.0039088997,0.017982668,0.010129325,0.0053709667,0,265,19,14,19,True,0.0086185671,30.35,63.35,50911,8
546,33100,"Miami-Fort Lauderdale-West Palm Beach, FL",unemployment_rate,265,265,0,0,8.0520755,8.5,2.4212767,5,5.6,10.2,11.9,5,11.9,4.6,2.8,0,265,19,14,19,True,0.0086185671,30.35,63.35,50911,8
546,33100,"Miami-Fort Lauderdale-West Palm Beach, FL",educational_attainment_pct,265,265,0,0,31.159245,30.1,2.332543,28.7,29,33,35.6,28.7,35.6,4,1.4,0,265,19,14,19,True,0.0086185671,30.35,63.35,50911,8
546,33100,"Miami-Fort Lauderdale-West Palm Beach, FL",median_household_income,265,265,0,0,54945.483,50064,8049.1756,48148,48745,59030,73481,48148,73481,10285,1916,0,265,19,14,19,True,0.0086185671,30.35,63.35,50911,8
546,33100,"Miami-Fort Lauderdale-West Palm Beach, FL",labor_force_participation_pct,265,265,0,0,63.309057,63.5,0.36149031,62.8,63,63.7,63.8,62.8,63.8,0.7,0.3,0,265,19,14,19,True,0.0086185671,30.35,63.35,50911,8
547,33140,"Michigan City-La Porte, IN",startup_rate,170,170,0,0,4.1173657,3.960396,2.9810178,0,2.4768519,6.0953042,9.375,0,14.285714,3.6184523,1.9038321,21.176471,170,18,14,18,True,-0.00022454754,17.7,57.85,49043,8.4
547,33140,"Michigan City-La Porte, IN",employment_growth,170,154,16,9.4117647,0.00078525305,0.002796183,0.073923928,-0.096987493,-0.028611211,0.033046461,0.11137606,-0.31666667,0.20588235,0.061657672,0.031364218,0,170,18,14,18,True,-0.00022454754,17.7,57.85,49043,8.4
547,33140,"Michigan City-La Porte, IN",establishment_growth,170,154,16,9.4117647,0.0038784532,0,0.06579194,-0.069746151,-0.024632353,0.026546982,0.10025674,-0.27272727,0.25,0.051179335,0.025565629,12.987013,170,18,14,18,True,-0.00022454754,17.7,57.85,49043,8.4
547,33140,"Michigan City-La Porte, IN",payroll_growth,170,154,16,9.4117647,0.039565062,0.035325747,0.096306171,-0.093317568,0.0053212427,0.069919683,0.17415069,-0.28532634,0.49934809,0.06459844,0.033122196,0,170,18,14,18,True,-0.00022454754,17.7,57.85,49043,8.4
547,33140,"Michigan City-La Porte, IN",wage_growth,170,154,16,9.4117647,0.03853339,0.040582842,0.051637015,-0.035932157,0.008775451,0.063772615,0.12016188,-0.16242805,0.27722102,0.054997164,0.027498969,0,170,18,14,18,True,-0.00022454754,17.7,57.85,49043,8.4
547,33140,"Michigan City-La Porte, IN",acs_population_growth,170,156,14,8.2352941,0.0010274103,-0.00022454754,0.0058786539,-0.0036001158,-0.0013874749,0.00044030696,0.019613546,-0.0036001158,0.019613546,0.0018277818,0.00093746201,0,170,18,14,18,True,-0.00022454754,17.7,57.85,49043,8.4
547,33140,"Michigan City-La Porte, IN",unemployment_rate,170,170,0,0,8.0452941,8,2.30577,4.4,5.5,10.3,11,4.4,11,4.8,2.3,0,170,18,14,18,True,-0.00022454754,17.7,57.85,49043,8.4
547,33140,"Michigan City-La Porte, IN",educational_attainment_pct,170,170,0,0,18.216471,17.8,1.5284557,16.7,17.1,19.1,21.7,16.7,21.7,2,0.8,0,170,18,14,18,True,-0.00022454754,17.7,57.85,49043,8.4
547,33140,"Michigan City-La Porte, IN",median_household_income,170,170,0,0,52875.435,49921,7550.5262,46014,47117,57010,70452,46014,70452,9893,3049,0,170,18,14,18,True,-0.00022454754,17.7,57.85,49043,8.4
547,33140,"Michigan City-La Porte, IN",labor_force_participation_pct,170,170,0,0,58.424118,57.8,1.4428176,57,57.3,59.2,61.3,57,61.3,1.9,0.7,0,170,18,14,18,True,-0.00022454754,17.7,57.85,49043,8.4
549,33220,"Midland, MI",startup_rate,158,158,0,0,6.7356247,5.4669988,7.8632094,0,3.1311516,8.0630391,16.888696,0,62.903226,4.9318875,2.3831071,17.721519,158,16,14,16,True,-0.0001799461,34.1,60.2,59271,6
549,33220,"Midland, MI",employment_growth,158,147,11,6.9620253,0.014862077,0.010529483,0.11180034,-0.13298723,-0.024556373,0.051795299,0.16417933,-0.55136335,0.60934579,0.076351672,0.039767497,0.68027211,158,16,14,16,True,-0.0001799461,34.1,60.2,59271,6
549,33220,"Midland, MI",establishment_growth,158,147,11,6.9620253,0.094999503,0.0025188917,0.54947065,-0.086403509,-0.029057705,0.06289557,0.3464394,-0.74972737,5.7307692,0.091953275,0.042841472,11.564626,158,16,14,16,True,-0.0001799461,34.1,60.2,59271,6
549,33220,"Midland, MI",payroll_growth,158,147,11,6.9620253,0.038505439,0.045360592,0.12607143,-0.16178054,-0.0035013128,0.085980539,0.21064669,-0.33187291,0.88920234,0.089481852,0.046055963,0,158,16,14,16,True,-0.0001799461,34.1,60.2,59271,6
549,33220,"Midland, MI",wage_growth,158,147,11,6.9620253,0.028955601,0.027606805,0.11422432,-0.11827259,-0.0019425044,0.056984272,0.14194989,-0.40344569,0.63773893,0.058926776,0.029642728,0,158,16,14,16,True,-0.0001799461,34.1,60.2,59271,6
549,33220,"Midland, MI",acs_population_growth,158,115,43,27.21519,-0.00027600858,-0.00040772764,0.0011346023,-0.0026478376,-0.00083773142,0.00043130818,0.0016526352,-0.0026478376,0.0016526352,0.0012690396,0.00067137435,0,158,16,14,16,True,-0.0001799461,34.1,60.2,59271,6
549,33220,"Midland, MI",unemployment_rate,158,125,33,20.886076,6.46,6,1.5785355,4.5,5,8.5,8.8,4.5,8.8,3.5,1.2,0,158,16,14,16,True,-0.0001799461,34.1,60.2,59271,6
549,33220,"Midland, MI",educational_attainment_pct,158,125,33,20.886076,34.1176,34.1,1.4356107,32,32.5,35.6,36.3,32,36.3,3.1,1.5,0,158,16,14,16,True,-0.0001799461,34.1,60.2,59271,6
549,33220,"Midland, MI",median_household_income,158,125,33,20.886076,61410.784,59271,8066.0796,52613,54059,67642,77538,52613,77538,13583,5212,0,158,16,14,16,True,-0.0001799461,34.1,60.2,59271,6
549,33220,"Midland, MI",labor_force_participation_pct,158,125,33,20.886076,60.0472,60.2,0.68973768,59.1,59.3,60.8,60.9,59.1,60.9,1.5,0.6,0,158,16,14,16,True,-0.0001799461,34.1,60.2,59271,6
550,33260,"Midland, TX",startup_rate,115,115,0,0,8.2315063,7.6923077,4.6776452,0,5.6336238,10.211297,16.456304,0,29.468599,4.5776729,2.3304714,6.9565217,115,13,14,13,True,0.025703323,26.3,69.95,73375.5,3.6
550,33260,"Midland, TX",employment_growth,115,94,21,18.26087,0.038329191,0.034246595,0.1031593,-0.10310334,-0.013076995,0.09651464,0.2052485,-0.2493027,0.37415361,0.10959163,0.058212618,0,115,13,14,13,True,0.025703323,26.3,69.95,73375.5,3.6
550,33260,"Midland, TX",establishment_growth,115,94,21,18.26087,0.03346307,0.022603167,0.049149711,-0.014079525,0.0064026793,0.044958977,0.11226837,-0.063348416,0.26056338,0.038556297,0.016829132,2.1276596,115,13,14,13,True,0.025703323,26.3,69.95,73375.5,3.6
550,33260,"Midland, TX",payroll_growth,115,94,21,18.26087,0.0914724,0.086466661,0.1434979,-0.13435736,0.0045780113,0.16309203,0.34078257,-0.25619105,0.5098082,0.15851402,0.079787118,0,115,13,14,13,True,0.025703323,26.3,69.95,73375.5,3.6
550,33260,"Midland, TX",wage_growth,115,94,21,18.26087,0.048595757,0.058434855,0.051011918,-0.042278525,0.017623029,0.082773977,0.11723001,-0.11385066,0.18666545,0.065150948,0.032056495,0,115,13,14,13,True,0.025703323,26.3,69.95,73375.5,3.6
550,33260,"Midland, TX",acs_population_growth,115,109,6,5.2173913,0.019961821,0.023603128,0.018233465,-0.026775722,0.014194695,0.026464366,0.033396487,-0.026775722,0.063355769,0.012269671,0.0057796828,0,115,13,14,13,True,0.025703323,26.3,69.95,73375.5,3.6
550,33260,"Midland, TX",unemployment_rate,115,115,0,0,3.6078261,3.5,0.30925713,3.3,3.3,3.8,4.1,3.3,4.4,0.5,0.2,0,115,13,14,13,True,0.025703323,26.3,69.95,73375.5,3.6
550,33260,"Midland, TX",educational_attainment_pct,115,115,0,0,26.748696,27.1,2.0965873,23.7,25.3,28.5,30.6,22.9,30.6,3.2,1.4,0,115,13,14,13,True,0.025703323,26.3,69.95,73375.5,3.6
550,33260,"Midland, TX",median_household_income,115,115,0,0,76552.087,78581,11440.71,56948.4,68470,87812,93442,54945,93442,19342,9231,0,115,13,14,13,True,0.025703323,26.3,69.95,73375.5,3.6
550,33260,"Midland, TX",labor_force_participation_pct,115,115,0,0,70.065217,70.1,0.70921794,68.74,69.9,70.6,71.1,68.6,71.1,0.7,0.3,0,115,13,14,13,True,0.025703323,26.3,69.95,73375.5,3.6
552,33340,"Milwaukee-Waukesha, WI",startup_rate,202,202,0,0,6.0487639,6.2625045,2.1261682,2.4033189,4.700417,7.4647163,9.2848206,1.0638298,10.720562,2.7642993,1.374032,0,202,15,14,15,True,0.001098085,34.15,66.95,56578,5.9
552,33340,"Milwaukee-Waukesha, WI",employment_growth,202,187,15,7.4257426,0.0057990021,0.0077504252,0.045893991,-0.047478841,-0.0086466614,0.023174201,0.062919907,-0.31044854,0.18329224,0.031820863,0.0159619,0,202,15,14,15,True,0.001098085,34.15,66.95,56578,5.9
552,33340,"Milwaukee-Waukesha, WI",establishment_growth,202,187,15,7.4257426,0.011741211,0.0067237164,0.049780873,-0.045073992,-0.013682905,0.027220438,0.082522991,-0.10637353,0.32816389,0.040903342,0.020528721,0.53475936,202,15,14,15,True,0.001098085,34.15,66.95,56578,5.9
552,33340,"Milwaukee-Waukesha, WI",payroll_growth,202,187,15,7.4257426,0.041099859,0.039733432,0.054767907,-0.03056223,0.019535878,0.06226226,0.11143251,-0.27968621,0.29107515,0.042726381,0.020699563,0,202,15,14,15,True,0.001098085,34.15,66.95,56578,5.9
552,33340,"Milwaukee-Waukesha, WI",wage_growth,202,187,15,7.4257426,0.035198156,0.033688862,0.029519565,-0.010330079,0.016461771,0.051169712,0.090637857,-0.069268858,0.13000088,0.034707941,0.017368157,0,202,15,14,15,True,0.001098085,34.15,66.95,56578,5.9
552,33340,"Milwaukee-Waukesha, WI",acs_population_growth,202,187,15,7.4257426,0.0013074144,0.001098085,0.0024658165,-0.003007247,-0.00043403576,0.0030417379,0.0049379926,-0.003007247,0.0049379926,0.0034757736,0.0019436529,0,202,15,14,15,True,0.001098085,34.15,66.95,56578,5.9
552,33340,"Milwaukee-Waukesha, WI",unemployment_rate,202,202,0,0,6.1306931,6.3,1.9246111,3.8,4.2,8.1,9,3.8,9,3.9,2.1,0,202,15,14,15,True,0.001098085,34.15,66.95,56578,5.9
552,33340,"Milwaukee-Waukesha, WI",educational_attainment_pct,202,202,0,0,34.388614,33.8,2.4769021,30.9,32.2,36.1,38.8,30.9,38.8,3.9,1.95,0,202,15,14,15,True,0.001098085,34.15,66.95,56578,5.9
552,33340,"Milwaukee-Waukesha, WI",median_household_income,202,202,0,0,59845.812,55625,7521.323,53043,53628,63739,76404,53043,76404,10111,2364,0,202,15,14,15,True,0.001098085,34.15,66.95,56578,5.9
552,33340,"Milwaukee-Waukesha, WI",labor_force_participation_pct,202,202,0,0,67.132673,67.1,0.97512432,65.9,66.2,67.9,68.8,65.9,68.8,1.7,0.85,0,202,15,14,15,True,0.001098085,34.15,66.95,56578,5.9
555,33460,"Minneapolis-St. Paul-Bloomington, MN-WI",startup_rate,129,129,0,0,7.2767445,7.37644,1.8357067,3.778154,6.1692592,8.4724005,10.128744,2.8780885,10.571493,2.3031414,1.1796164,0,129,12,14,12,True,0.0094367581,40.25,72.15,72325,4.6
555,33460,"Minneapolis-St. Paul-Bloomington, MN-WI",employment_growth,129,113,16,12.403101,0.0096764713,0.017948623,0.063156573,-0.06246804,-0.00076534517,0.030742331,0.082275598,-0.35062612,0.20021127,0.031507676,0.017120518,0,129,12,14,12,True,0.0094367581,40.25,72.15,72325,4.6
555,33460,"Minneapolis-St. Paul-Bloomington, MN-WI",establishment_growth,129,113,16,12.403101,0.0099453868,0.0079419106,0.033886108,-0.040152183,-0.011571255,0.027054936,0.061484405,-0.082480818,0.12072305,0.038626191,0.019513165,0,129,12,14,12,True,0.0094367581,40.25,72.15,72325,4.6
555,33460,"Minneapolis-St. Paul-Bloomington, MN-WI",payroll_growth,129,113,16,12.403101,0.046340399,0.048989396,0.06883691,-0.019104011,0.022465927,0.072145285,0.12066842,-0.27237964,0.24904864,0.049679358,0.026523469,0,129,12,14,12,True,0.0094367581,40.25,72.15,72325,4.6
555,33460,"Minneapolis-St. Paul-Bloomington, MN-WI",wage_growth,129,113,16,12.403101,0.036839367,0.0360861,0.037881888,-0.0091695692,0.019476973,0.046334802,0.090347314,-0.14505553,0.25170699,0.026857829,0.014030341,0,129,12,14,12,True,0.0094367581,40.25,72.15,72325,4.6
555,33460,"Minneapolis-St. Paul-Bloomington, MN-WI",acs_population_growth,129,120,9,6.9767442,0.010246932,0.0094367581,0.0064408121,0.0040841926,0.0077382691,0.0099287956,0.030503119,0.0040841926,0.030503119,0.0021905265,0.00086555258,0,129,12,14,12,True,0.0094367581,40.25,72.15,72325,4.6
555,33460,"Minneapolis-St. Paul-Bloomington, MN-WI",unemployment_rate,129,129,0,0,5.1837209,4.3,1.4504197,3.6,3.9,6.6,7.4,3.6,7.4,2.7,0.6,0,129,12,14,12,True,0.0094367581,40.25,72.15,72325,4.6
555,33460,"Minneapolis-St. Paul-Bloomington, MN-WI",educational_attainment_pct,129,129,0,0,40.790698,40.5,2.4150712,37.5,38.4,42.7,44.9,37.5,44.9,4.3,2.1,0,129,12,14,12,True,0.0094367581,40.25,72.15,72325,4.6
555,33460,"Minneapolis-St. Paul-Bloomington, MN-WI",median_household_income,129,129,0,0,76718.419,73735,11007.538,65181,66940,82887,98180,65181,98180,15947,6984,0,129,12,14,12,True,0.0094367581,40.25,72.15,72325,4.6
555,33460,"Minneapolis-St. Paul-Bloomington, MN-WI",labor_force_participation_pct,129,129,0,0,72.104651,72.1,0.77820511,70.8,71.5,72.5,73.5,70.8,73.5,1,0.6,0,129,12,14,12,True,0.0094367581,40.25,72.15,72325,4.6
556,33500,"Minot, ND",startup_rate,58,58,0,0,5.1524656,4.1409465,3.6542298,0,3.0361635,7.2390748,11.662848,0,18.571429,4.2029113,2.2644611,12.068966,58,10,14,10,False,,28.8,71.4,79195,3.4
556,33500,"Minot, ND",employment_growth,58,48,10,17.241379,-0.0066264111,0.0053008934,0.072016879,-0.089778632,-0.033552975,0.028900204,0.088248524,-0.35528412,0.11588883,0.06245318,0.0291711,0,58,10,14,10,False,,28.8,71.4,79195,3.4
556,33500,"Minot, ND",establishment_growth,58,48,10,17.241379,0.022142599,0.016973356,0.037256559,-0.028729318,-0.00084175084,0.04002193,0.099438534,-0.049261084,0.10447761,0.040863681,0.021409574,8.3333333,58,10,14,10,False,,28.8,71.4,79195,3.4
556,33500,"Minot, ND",payroll_growth,58,48,10,17.241379,0.024456553,0.029356214,0.10103505,-0.11601287,-0.013339756,0.074778603,0.19340009,-0.36663465,0.24632144,0.088118359,0.045177673,0,58,10,14,10,False,,28.8,71.4,79195,3.4
556,33500,"Minot, ND",wage_growth,58,48,10,17.241379,0.029842211,0.027063799,0.043057453,-0.04243152,0.0017348134,0.054566372,0.1075188,-0.064596791,0.11727776,0.052831559,0.026799241,0,58,10,14,10,False,,28.8,71.4,79195,3.4
556,33500,"Minot, ND",acs_population_growth,58,0,58,100,,,,,,,,,,,,,58,10,14,10,False,,28.8,71.4,79195,3.4
556,33500,"Minot, ND",unemployment_rate,58,4,54,93.103448,3.4,3.4,0,3.4,3.4,3.4,3.4,3.4,3.4,0,0,0,58,10,14,10,False,,28.8,71.4,79195,3.4
556,33500,"Minot, ND",educational_attainment_pct,58,4,54,93.103448,28.8,28.8,0,28.8,28.8,28.8,28.8,28.8,28.8,0,0,0,58,10,14,10,False,,28.8,71.4,79195,3.4
556,33500,"Minot, ND",median_household_income,58,4,54,93.103448,79195,79195,0,79195,79195,79195,79195,79195,79195,0,0,0,58,10,14,10,False,,28.8,71.4,79195,3.4
556,33500,"Minot, ND",labor_force_participation_pct,58,4,54,93.103448,71.4,71.4,0,71.4,71.4,71.4,71.4,71.4,71.4,0,0,0,58,10,14,10,False,,28.8,71.4,79195,3.4
557,33540,"Missoula, MT",startup_rate,112,112,0,0,7.2840931,7.4949393,2.0295911,4.2820607,5.6623932,8.552279,10.756498,3.1120332,12.886598,2.8898859,1.6584306,0,112,14,14,14,True,0.0099910699,42.15,69.8,48220.5,6
557,33540,"Missoula, MT",employment_growth,112,91,21,18.75,0.015608202,0.020754165,0.052174535,-0.064702629,-0.0022291021,0.037149019,0.097438574,-0.20873475,0.12442396,0.039378121,0.019621021,0,112,14,14,14,True,0.0099910699,42.15,69.8,48220.5,6
557,33540,"Missoula, MT",establishment_growth,112,91,21,18.75,0.032336524,0.022988506,0.045321193,-0.01921214,0.0024911118,0.048752166,0.099647461,-0.051282051,0.22811918,0.046261054,0.021193174,3.2967033,112,14,14,14,True,0.0099910699,42.15,69.8,48220.5,6
557,33540,"Missoula, MT",payroll_growth,112,91,21,18.75,0.058393656,0.053909432,0.06970188,-0.052705253,0.022222914,0.099379651,0.17713494,-0.1222755,0.24762369,0.077156737,0.042129675,0,112,14,14,14,True,0.0099910699,42.15,69.8,48220.5,6
557,33540,"Missoula, MT",wage_growth,112,91,21,18.75,0.042344971,0.036053465,0.046671833,-0.024413203,0.016395639,0.069268944,0.11414689,-0.14167517,0.19301691,0.052873305,0.024171137,0,112,14,14,14,True,0.0099910699,42.15,69.8,48220.5,6
557,33540,"Missoula, MT",acs_population_growth,112,105,7,6.25,0.012227303,0.0099910699,0.014923797,-0.014135492,0.0086027511,0.01143271,0.049721194,-0.014135492,0.049721194,0.0028299589,0.00144164,0,112,14,14,14,True,0.0099910699,42.15,69.8,48220.5,6
557,33540,"Missoula, MT",unemployment_rate,112,112,0,0,6.0794643,6,1.7777473,4.3,4.5,7.5,9.1,4.3,9.6,3,1.5,0,112,14,14,14,True,0.0099910699,42.15,69.8,48220.5,6
557,33540,"Missoula, MT",educational_attainment_pct,112,112,0,0,42.0375,42.6,2.3793074,38.1,40.2,44.2,45.1,38.1,45.1,4,1.9,0,112,14,14,14,True,0.0099910699,42.15,69.8,48220.5,6
557,33540,"Missoula, MT",median_household_income,112,112,0,0,53575.134,49412,9332.3605,42887,46164,61423,70888,42887,70888,15259,4759,0,112,14,14,14,True,0.0099910699,42.15,69.8,48220.5,6
557,33540,"Missoula, MT",labor_force_participation_pct,112,112,0,0,69.611607,69.8,0.62193327,67.7,69.5,70,70.3,67.7,70.3,0.5,0.3,0,112,14,14,14,True,0.0099910699,42.15,69.8,48220.5,6
560,33660,"Mobile, AL",startup_rate,240,240,0,0,5.2856494,5.2459313,3.11709,0,3.6337209,7.0244461,10.481793,0,16.513761,3.3907252,1.7175569,13.75,240,19,14,19,True,0.00049753046,22.65,58,45032.5,8.1
560,33660,"Mobile, AL",employment_growth,240,224,16,6.6666667,0.0026654018,0.002673487,0.083574236,-0.097783668,-0.024618315,0.030658038,0.10585074,-0.4496124,0.69272131,0.055276353,0.028082665,0,240,19,14,19,True,0.00049753046,22.65,58,45032.5,8.1
560,33660,"Mobile, AL",establishment_growth,240,224,16,6.6666667,0.015661336,0.012443582,0.049467711,-0.053754165,-0.0048543022,0.035330373,0.095415959,-0.12676056,0.27702703,0.040184675,0.019332171,7.1428571,240,19,14,19,True,0.00049753046,22.65,58,45032.5,8.1
560,33660,"Mobile, AL",payroll_growth,240,224,16,6.6666667,0.033497424,0.034333947,0.099688865,-0.09469465,-5.4244625e-06,0.063639248,0.14555064,-0.47605983,0.64263519,0.063644673,0.03203151,0,240,19,14,19,True,0.00049753046,22.65,58,45032.5,8.1
560,33660,"Mobile, AL",wage_growth,240,224,16,6.6666667,0.030973042,0.025400949,0.05813565,-0.026235116,0.0095541746,0.046811624,0.10446033,-0.34042301,0.37698326,0.03725745,0.01923812,0,240,19,14,19,True,0.00049753046,22.65,58,45032.5,8.1
560,33660,"Mobile, AL",acs_population_growth,240,224,16,6.6666667,0.00075640818,0.00049753046,0.0152091,-0.037618329,-0.00027654289,0.0021610635,0.038576276,-0.037618329,0.038576276,0.0024376064,0.0015765859,0,240,19,14,19,True,0.00049753046,22.65,58,45032.5,8.1
560,33660,"Mobile, AL",unemployment_rate,240,240,0,0,8.19375,8.1,2.3249786,5.3,5.9,10.4,11.9,5.3,11.9,4.5,2.2,0,240,19,14,19,True,0.00049753046,22.65,58,45032.5,8.1
560,33660,"Mobile, AL",educational_attainment_pct,240,240,0,0,22.3175,22.65,1.5761115,19.8,20.7,23.5,25.2,19.8,25.2,2.8,1.15,0,240,19,14,19,True,0.00049753046,22.65,58,45032.5,8.1
560,33660,"Mobile, AL",median_household_income,240,240,0,0,46828.767,45032.5,4968.4698,40996,43028,49370,58119,40996,58119,6342,2164.5,0,240,19,14,19,True,0.00049753046,22.65,58,45032.5,8.1
560,33660,"Mobile, AL",labor_force_participation_pct,240,240,0,0,58.368333,57.9,1.6146548,56.4,56.9,59.9,61.1,56.4,61.1,3,1.1,0,240,19,14,19,True,0.00049753046,22.65,58,45032.5,8.1
561,33700,"Modesto, CA",startup_rate,224,224,0,0,7.1566641,6.8789328,4.3108551,0,5.1107769,9.0909091,13.467619,0,33.333333,3.9801322,1.8854945,9.8214286,224,19,14,19,True,0.0062238529,16.6,61.6,52925.5,12.15
561,33700,"Modesto, CA",employment_growth,224,204,20,8.9285714,0.022767724,0.018509666,0.1615702,-0.10411713,-0.012961028,0.048401223,0.11924994,-0.47619048,1.9411765,0.061362251,0.031501886,0.49019608,224,19,14,19,True,0.0062238529,16.6,61.6,52925.5,12.15
561,33700,"Modesto, CA",establishment_growth,224,204,20,8.9285714,0.040497938,0.018880629,0.31725249,-0.057054455,0,0.042055424,0.11218396,-0.86534768,4.3574257,0.042055424,0.020462863,3.9215686,224,19,14,19,True,0.0062238529,16.6,61.6,52925.5,12.15
561,33700,"Modesto, CA",payroll_growth,224,204,20,8.9285714,0.060184725,0.052726745,0.17482973,-0.068393362,0.018761244,0.093661372,0.16793991,-0.41243585,2.1888922,0.074900128,0.036129183,0,224,19,14,19,True,0.0062238529,16.6,61.6,52925.5,12.15
561,33700,"Modesto, CA",wage_growth,224,204,20,8.9285714,0.038402175,0.037547465,0.059953245,-0.023005403,0.018056158,0.058236805,0.11026829,-0.29921584,0.44573963,0.040180647,0.020433797,0,224,19,14,19,True,0.0062238529,16.6,61.6,52925.5,12.15
561,33700,"Modesto, CA",acs_population_growth,224,208,16,7.1428571,0.0060689665,0.0062238529,0.0026111973,0.00033872946,0.0051632391,0.0084340989,0.0096558171,0.00033872946,0.0096558171,0.0032708597,0.0010606138,0,224,19,14,19,True,0.0062238529,16.6,61.6,52925.5,12.15
561,33700,"Modesto, CA",unemployment_rate,224,224,0,0,12.108929,12.5,3.1768234,7.8,8.8,15.2,16.8,7.8,16.8,6.4,3.1,0,224,19,14,19,True,0.0062238529,16.6,61.6,52925.5,12.15
561,33700,"Modesto, CA",educational_attainment_pct,224,224,0,0,17.039732,16.5,0.87027748,16.3,16.4,17.7,19.1,16.3,19.1,1.3,0.2,0,224,19,14,19,True,0.0062238529,16.6,61.6,52925.5,12.15
561,33700,"Modesto, CA",median_household_income,224,224,0,0,57981.978,51591,10044.935,49297,50125,62873,79661,49297,79661,12748,2294,0,224,19,14,19,True,0.0062238529,16.6,61.6,52925.5,12.15
561,33700,"Modesto, CA",labor_force_participation_pct,224,224,0,0,61.870089,61.7,0.68386136,60.9,61.4,62.7,62.9,60.9,62.9,1.3,0.5,0,224,19,14,19,True,0.0062238529,16.6,61.6,52925.5,12.15
562,33740,"Monroe, LA",startup_rate,119,119,0,0,5.6008938,5.4989817,2.7333378,0,3.8278388,7.2653959,9.5916754,0,14.754098,3.4375571,1.7590828,5.8823529,119,13,14,13,True,0.0038991745,22.3,56.75,39804.5,6.95
562,33740,"Monroe, LA",employment_growth,119,102,17,14.285714,0.0042046136,0.0045171612,0.063107249,-0.095041909,-0.026568942,0.028739015,0.11124966,-0.18108245,0.2802276,0.055307957,0.02866453,0,119,13,14,13,True,0.0038991745,22.3,56.75,39804.5,6.95
562,33740,"Monroe, LA",establishment_growth,119,102,17,14.285714,0.006121488,0.0076192964,0.035490369,-0.052734621,-0.012852069,0.029062979,0.059017896,-0.088235294,0.095890411,0.041915048,0.021195142,7.8431373,119,13,14,13,True,0.0038991745,22.3,56.75,39804.5,6.95
562,33740,"Monroe, LA",payroll_growth,119,102,17,14.285714,0.038297625,0.030305911,0.073804475,-0.051290631,0.0036958814,0.063751463,0.14544372,-0.18276874,0.37809863,0.060055582,0.032343746,0,119,13,14,13,True,0.0038991745,22.3,56.75,39804.5,6.95
562,33740,"Monroe, LA",wage_growth,119,102,17,14.285714,0.03399532,0.030298737,0.033430566,-0.012750532,0.015237971,0.055019704,0.093757228,-0.066520176,0.118643,0.039781734,0.019150876,0,119,13,14,13,True,0.0038991745,22.3,56.75,39804.5,6.95
562,33740,"Monroe, LA",acs_population_growth,119,113,6,5.0420168,0.019020263,0.0038991745,0.041006112,-0.0064829423,0.00062619508,0.0047169544,0.13949594,-0.0064829423,0.13949594,0.0040907593,0.0032729794,0,119,13,14,13,True,0.0038991745,22.3,56.75,39804.5,6.95
562,33740,"Monroe, LA",unemployment_rate,119,119,0,0,7.0336134,6.9,0.81680208,5.3,6.6,7.9,8,5.3,8,1.3,0.8,0,119,13,14,13,True,0.0038991745,22.3,56.75,39804.5,6.95
562,33740,"Monroe, LA",educational_attainment_pct,119,119,0,0,22.368908,22.3,0.71018593,21.3,21.7,22.8,23.9,21.3,23.9,1.1,0.5,0,119,13,14,13,True,0.0038991745,22.3,56.75,39804.5,6.95
562,33740,"Monroe, LA",median_household_income,119,119,0,0,41201.555,39904,3451.3516,37235,38634,43212,49203,37235,49203,4578,1498,0,119,13,14,13,True,0.0038991745,22.3,56.75,39804.5,6.95
562,33740,"Monroe, LA",labor_force_participation_pct,119,119,0,0,57.252941,56.7,1.9235747,54.5,55.7,58.1,60.81,54.5,60.9,2.4,1.1,0,119,13,14,13,True,0.0038991745,22.3,56.75,39804.5,6.95
563,33780,"Monroe, MI",startup_rate,156,156,0,0,5.0525814,4.7771185,3.0526158,0,3.6077893,6.4786532,10.064103,0,17.647059,2.870864,1.4685968,12.820513,156,15,14,15,True,-0.0021741305,18.7,60.85,58223.5,6.45
563,33780,"Monroe, MI",employment_growth,156,139,17,10.897436,0.0077288346,0.0026367831,0.084410972,-0.11992345,-0.036591425,0.058608561,0.15782721,-0.29366603,0.23081499,0.095199986,0.042398215,2.1582734,156,15,14,15,True,-0.0021741305,18.7,60.85,58223.5,6.45
563,33780,"Monroe, MI",establishment_growth,156,139,17,10.897436,0.010498884,0,0.063703523,-0.072285714,-0.035183876,0.049634164,0.11793909,-0.125,0.28640777,0.084818039,0.038461538,7.9136691,156,15,14,15,True,-0.0021741305,18.7,60.85,58223.5,6.45
563,33780,"Monroe, MI",payroll_growth,156,139,17,10.897436,0.043598013,0.033098904,0.11163097,-0.10168685,-0.014250278,0.083486931,0.21307166,-0.4150076,0.50001533,0.097737209,0.048718102,0,156,15,14,15,True,-0.0021741305,18.7,60.85,58223.5,6.45
563,33780,"Monroe, MI",wage_growth,156,139,17,10.897436,0.035266856,0.030285714,0.062024854,-0.042815659,-0.00064093787,0.065740579,0.13919262,-0.18781342,0.21964082,0.066381516,0.032972229,0,156,15,14,15,True,-0.0021741305,18.7,60.85,58223.5,6.45
563,33780,"Monroe, MI",acs_population_growth,156,145,11,7.0512821,0.0011091204,-0.0021741305,0.007911118,-0.0036788016,-0.0030575422,0.0011497,0.02712,-0.0036788016,0.02712,0.0042072421,0.0015046711,0,156,15,14,15,True,-0.0021741305,18.7,60.85,58223.5,6.45
563,33780,"Monroe, MI",unemployment_rate,156,156,0,0,7.6557692,7,2.6255135,4.8,5,10.4,11.4,4.8,11.4,5.4,2,0,156,15,14,15,True,-0.0021741305,18.7,60.85,58223.5,6.45
563,33780,"Monroe, MI",educational_attainment_pct,156,156,0,0,19.457692,18.6,1.9880299,17,18,21,23.4,17,23.4,3,1.25,0,156,15,14,15,True,-0.0021741305,18.7,60.85,58223.5,6.45
563,33780,"Monroe, MI",median_household_income,156,156,0,0,60854.519,56968,6900.0604,53972,55366,65453,75272,53972,75272,10087,2511,0,156,15,14,15,True,-0.0021741305,18.7,60.85,58223.5,6.45
563,33780,"Monroe, MI",labor_force_participation_pct,156,156,0,0,61.591026,60.85,1.61746,59.6,60.7,62.6,65,59.6,65,1.9,1.05,0,156,15,14,15,True,-0.0021741305,18.7,60.85,58223.5,6.45
564,33860,"Montgomery, AL",startup_rate,91,91,0,0,5.9140709,5.6680162,2.512493,2.5548569,4.5222267,7.2036187,10.036817,1.2195122,15.662651,2.681392,1.3254348,0,91,14,14,14,False,0.00021954073,28.25,60.1,48351.5,7.6
564,33860,"Montgomery, AL",employment_growth,91,72,19,20.879121,0.0049709167,0.0047669587,0.043064402,-0.046046806,-0.011500714,0.028552774,0.06209326,-0.24626528,0.087672689,0.040053488,0.021766841,0,91,14,14,14,False,0.00021954073,28.25,60.1,48351.5,7.6
564,33860,"Montgomery, AL",establishment_growth,91,72,19,20.879121,0.007895989,0.005799489,0.028432929,-0.027318319,-0.0064536722,0.020969418,0.060388333,-0.081460674,0.086419753,0.02742309,0.013583889,4.1666667,91,14,14,14,False,0.00021954073,28.25,60.1,48351.5,7.6
564,33860,"Montgomery, AL",payroll_growth,91,72,19,20.879121,0.038562587,0.031342521,0.050625913,-0.03426528,0.012414231,0.059904962,0.13297862,-0.1386221,0.15680058,0.04749073,0.022725286,0,91,14,14,14,False,0.00021954073,28.25,60.1,48351.5,7.6
564,33860,"Montgomery, AL",wage_growth,91,72,19,20.879121,0.033624559,0.029725755,0.029050633,-0.0052973455,0.014675257,0.051612667,0.081670031,-0.041145461,0.14280644,0.03693741,0.019304204,0,91,14,14,14,False,0.00021954073,28.25,60.1,48351.5,7.6
564,33860,"Montgomery, AL",acs_population_growth,91,84,7,7.6923077,0.0031300474,0.00071542979,0.0078671708,-0.001219372,-0.00012347479,0.0041226391,0.030086842,-0.0024035383,0.030086842,0.0042461139,0.00084796927,0,91,14,14,14,False,0.00021954073,28.25,60.1,48351.5,7.6
564,33860,"Montgomery, AL",unemployment_rate,91,91,0,0,7.2725275,7.9,1.5303642,5,5.6,8.7,9.2,5,9.2,3.1,1.1,0,91,14,14,14,False,0.00021954073,28.25,60.1,48351.5,7.6
564,33860,"Montgomery, AL",educational_attainment_pct,91,91,0,0,28.501099,27.9,1.5358309,26.5,27.1,30,30.6,26.5,30.6,2.9,1.3,0,91,14,14,14,False,0.00021954073,28.25,60.1,48351.5,7.6
564,33860,"Montgomery, AL",median_household_income,91,91,0,0,51324.242,47614,5478.2272,46404,47146,54250,62746,46404,62746,7104,1210,0,91,14,14,14,False,0.00021954073,28.25,60.1,48351.5,7.6
564,33860,"Montgomery, AL",labor_force_participation_pct,91,91,0,0,60.489011,60.3,1.3535509,59,59.2,61.8,62.7,59,62.7,2.6,1.1,0,91,14,14,14,False,0.00021954073,28.25,60.1,48351.5,7.6
570,34060,"Morgantown, WV",startup_rate,158,158,0,0,5.9854696,5.8266848,3.7976842,0,4.0049665,8.5735317,12,0,21.428571,4.5685652,2.4444595,15.189873,158,18,14,18,True,0.0084368564,32.6,58.35,47553,6.35
570,34060,"Morgantown, WV",employment_growth,158,139,19,12.025316,0.014989685,0.014479359,0.087694117,-0.11996599,-0.016600185,0.045909988,0.12648718,-0.24019822,0.37763713,0.062510173,0.031507223,3.5971223,158,18,14,18,True,0.0084368564,32.6,58.35,47553,6.35
570,34060,"Morgantown, WV",establishment_growth,158,139,19,12.025316,0.026701474,0.012658228,0.088867145,-0.03858139,-0.008708438,0.050959306,0.1223617,-0.33850129,0.58730159,0.059667744,0.027882313,10.071942,158,18,14,18,True,0.0084368564,32.6,58.35,47553,6.35
570,34060,"Morgantown, WV",payroll_growth,158,139,19,12.025316,0.042086654,0.041934756,0.11403043,-0.10923322,1.9329656e-05,0.092926007,0.20731726,-0.5165785,0.45463117,0.092906678,0.047777341,0,158,18,14,18,True,0.0084368564,32.6,58.35,47553,6.35
570,34060,"Morgantown, WV",wage_growth,158,139,19,12.025316,0.026290698,0.029454192,0.066552034,-0.042925681,0.0058592998,0.056826868,0.10423627,-0.49251392,0.2066718,0.050967568,0.026615401,0,158,18,14,18,True,0.0084368564,32.6,58.35,47553,6.35
570,34060,"Morgantown, WV",acs_population_growth,158,148,10,6.3291139,0.0087680199,0.0084368564,0.0059350561,0.0004888956,0.0037804756,0.014400412,0.017407305,0.0004888956,0.017407305,0.010619936,0.0059635552,0,158,18,14,18,True,0.0084368564,32.6,58.35,47553,6.35
570,34060,"Morgantown, WV",unemployment_rate,158,158,0,0,6.3373418,6.4,0.53017053,5.2,6,6.7,7.1,5.2,7.1,0.7,0.3,0,158,18,14,18,True,0.0084368564,32.6,58.35,47553,6.35
570,34060,"Morgantown, WV",educational_attainment_pct,158,158,0,0,33.612025,32.8,3.5912377,28.3,30.5,36.1,39.6,28.3,39.6,5.6,2.9,0,158,18,14,18,True,0.0084368564,32.6,58.35,47553,6.35
570,34060,"Morgantown, WV",median_household_income,158,158,0,0,49424.69,48622,6561.4582,39749,44727,53681,62394,39749,62394,8954,3895,0,158,18,14,18,True,0.0084368564,32.6,58.35,47553,6.35
570,34060,"Morgantown, WV",labor_force_participation_pct,158,158,0,0,58.742405,58.35,1.1247813,57.4,58,60,61.1,57.4,61.1,2,0.35,0,158,18,14,18,True,0.0084368564,32.6,58.35,47553,6.35
571,34100,"Morristown, TN",startup_rate,113,113,0,0,5.6595123,5.1660517,3.8513785,0,3.6036036,7.4733096,11.930376,0,23.809524,3.869706,1.7762212,14.159292,113,12,14,12,True,0.0048922408,15.75,57,42557.5,7.65
571,34100,"Morristown, TN",employment_growth,113,101,12,10.619469,0.016668713,0.018237082,0.068576474,-0.097844514,-0.0088334632,0.045706371,0.12908304,-0.23474178,0.23533951,0.054539834,0.027192306,0.99009901,113,12,14,12,True,0.0048922408,15.75,57,42557.5,7.65
571,34100,"Morristown, TN",establishment_growth,113,101,12,10.619469,0.021035679,0.026011561,0.058826343,-0.062111801,0,0.048780488,0.083333333,-0.25806452,0.3,0.048780488,0.026011561,7.9207921,113,12,14,12,True,0.0048922408,15.75,57,42557.5,7.65
571,34100,"Morristown, TN",payroll_growth,113,101,12,10.619469,0.052695276,0.058088698,0.091606508,-0.072134642,0.0088643626,0.091939145,0.21079482,-0.38913769,0.28061386,0.083074783,0.044743925,0,113,12,14,12,True,0.0048922408,15.75,57,42557.5,7.65
571,34100,"Morristown, TN",wage_growth,113,101,12,10.619469,0.035344344,0.034817814,0.06028879,-0.053097145,0.014404237,0.053481674,0.10606061,-0.23084741,0.35426206,0.039077436,0.019783561,0,113,12,14,12,True,0.0048922408,15.75,57,42557.5,7.65
571,34100,"Morristown, TN",acs_population_growth,113,105,8,7.079646,-0.0061725929,0.0048922408,0.085674951,-0.16243543,0.0025677702,0.0083261663,0.2045099,-0.16243543,0.2045099,0.0057583961,0.0023244706,0,113,12,14,12,True,0.0048922408,15.75,57,42557.5,7.65
571,34100,"Morristown, TN",unemployment_rate,113,113,0,0,8.4761062,7,2.3380118,5.8,6.5,11.2,12.42,5.8,12.6,4.7,1.2,0,113,12,14,12,True,0.0048922408,15.75,57,42557.5,7.65
571,34100,"Morristown, TN",educational_attainment_pct,113,113,0,0,16.153097,15.8,2.0361935,13.4,14.9,17,20.5,13.4,20.5,2.1,1.2,0,113,12,14,12,True,0.0048922408,15.75,57,42557.5,7.65
571,34100,"Morristown, TN",median_household_income,113,113,0,0,44119.938,43683,6275.1216,37380,39669,46798,58130,37380,58130,7129,4014,0,113,12,14,12,True,0.0048922408,15.75,57,42557.5,7.65
571,34100,"Morristown, TN",labor_force_participation_pct,113,113,0,0,57.634513,57.4,1.4880938,55.9,56.4,59,60.3,55.9,60.3,2.6,1.1,0,113,12,14,12,True,0.0048922408,15.75,57,42557.5,7.65
583,34580,"Mount Vernon-Anacortes, WA",startup_rate,224,224,0,0,5.5938076,5.6788017,3.7995863,0,3.1037152,7.8770661,11.809976,0,15.789474,4.7733509,2.4915001,18.303571,224,19,14,19,True,0.0094852652,25.2,59.55,57860,6.4
583,34580,"Mount Vernon-Anacortes, WA",employment_growth,224,207,17,7.5892857,0.019874618,0.015928119,0.099257467,-0.096653149,-0.020755873,0.05522641,0.1323208,-0.44680851,0.62068966,0.075982283,0.037714612,2.4154589,224,19,14,19,True,0.0094852652,25.2,59.55,57860,6.4
583,34580,"Mount Vernon-Anacortes, WA",establishment_growth,224,207,17,7.5892857,0.013623243,0,0.22606235,-0.10581516,-0.014192113,0.029023608,0.10312245,-0.73061224,3.0180505,0.043215721,0.022653722,15.458937,224,19,14,19,True,0.0094852652,25.2,59.55,57860,6.4
583,34580,"Mount Vernon-Anacortes, WA",payroll_growth,224,207,17,7.5892857,0.063063669,0.054012091,0.12973252,-0.10308311,0.013708016,0.10619911,0.19955503,-0.56991841,0.87778468,0.092491096,0.046910197,0,224,19,14,19,True,0.0094852652,25.2,59.55,57860,6.4
583,34580,"Mount Vernon-Anacortes, WA",wage_growth,224,207,17,7.5892857,0.041878624,0.041206965,0.068134902,-0.042977528,0.017361302,0.067258649,0.14369951,-0.33922376,0.37167434,0.049897347,0.024287887,0.48309179,224,19,14,19,True,0.0094852652,25.2,59.55,57860,6.4
583,34580,"Mount Vernon-Anacortes, WA",acs_population_growth,224,207,17,7.5892857,0.0093397859,0.0094852652,0.0035461824,0.0047315244,0.0063504092,0.010375597,0.017925652,0.0047315244,0.017925652,0.0040251874,0.0029519582,0,224,19,14,19,True,0.0094852652,25.2,59.55,57860,6.4
583,34580,"Mount Vernon-Anacortes, WA",unemployment_rate,224,224,0,0,6.8508929,6.4,1.6629702,4.8,5.1,8.2,9.8,4.8,9.8,3.1,1.5,0,224,19,14,19,True,0.0094852652,25.2,59.55,57860,6.4
583,34580,"Mount Vernon-Anacortes, WA",educational_attainment_pct,224,224,0,0,25.6625,24.8,1.9941225,23.2,23.7,27.4,29.1,23.2,29.1,3.7,1.2,0,224,19,14,19,True,0.0094852652,25.2,59.55,57860,6.4
583,34580,"Mount Vernon-Anacortes, WA",median_household_income,224,224,0,0,63442.888,56457,10452.638,54129,55555,71021,85474,54129,85474,15466,2328,0,224,19,14,19,True,0.0094852652,25.2,59.55,57860,6.4
583,34580,"Mount Vernon-Anacortes, WA",labor_force_participation_pct,224,224,0,0,59.853571,59.5,0.89331635,58.5,59.4,60.6,61.6,58.5,61.6,1.2,0.4,0,224,19,14,19,True,0.0094852652,25.2,59.55,57860,6.4
584,34620,"Muncie, IN",startup_rate,175,175,0,0,4.4307694,4.2016807,3.3671912,0,2.1454289,6.9978632,9.5238095,0,18.75,4.8524344,2.5398924,21.714286,175,18,14,18,True,-0.0027773465,23.5,59.15,40372.5,8.65
584,34620,"Muncie, IN",employment_growth,175,163,12,6.8571429,0.0088477506,0.0066225166,0.085795416,-0.088834071,-0.025140562,0.03927342,0.12569442,-0.49021739,0.32725061,0.064413982,0.032945829,1.8404908,175,18,14,18,True,-0.0027773465,23.5,59.15,40372.5,8.65
584,34620,"Muncie, IN",establishment_growth,175,163,12,6.8571429,0.0053684629,0,0.063306856,-0.066975945,-0.019202409,0.02621337,0.11720311,-0.22727273,0.3125,0.045415779,0.023255814,13.496933,175,18,14,18,True,-0.0027773465,23.5,59.15,40372.5,8.65
584,34620,"Muncie, IN",payroll_growth,175,163,12,6.8571429,0.043631698,0.032915111,0.1037767,-0.076542883,0.0056113356,0.081696185,0.20113874,-0.45622847,0.48324303,0.076084849,0.0341679,0,175,18,14,18,True,-0.0027773465,23.5,59.15,40372.5,8.65
584,34620,"Muncie, IN",wage_growth,175,163,12,6.8571429,0.034569383,0.034260558,0.05028899,-0.044700716,0.006465666,0.057237879,0.10377442,-0.13344415,0.29954247,0.050772214,0.027031357,0,175,18,14,18,True,-0.0027773465,23.5,59.15,40372.5,8.65
584,34620,"Muncie, IN",acs_population_growth,175,164,11,6.2857143,-0.0035441416,-0.0027773465,0.0047561677,-0.017307205,-0.0049337672,-0.00041905917,0.00098757864,-0.017307205,0.00098757864,0.0045147081,0.0023582873,0,175,18,14,18,True,-0.0027773465,23.5,59.15,40372.5,8.65
584,34620,"Muncie, IN",unemployment_rate,175,175,0,0,9.0337143,7.9,2.6998628,6.1,6.4,11.7,13.2,6.1,13.2,5.3,1.7,0,175,18,14,18,True,-0.0027773465,23.5,59.15,40372.5,8.65
584,34620,"Muncie, IN",educational_attainment_pct,175,175,0,0,23.793714,23.7,1.2201448,22.2,22.5,24.9,25.7,22.2,25.7,2.4,1.2,0,175,18,14,18,True,-0.0027773465,23.5,59.15,40372.5,8.65
584,34620,"Muncie, IN",median_household_income,175,175,0,0,43336.903,41208,6290.8016,37474,38215,45910,56932,37474,56932,7695,3142,0,175,18,14,18,True,-0.0027773465,23.5,59.15,40372.5,8.65
584,34620,"Muncie, IN",labor_force_participation_pct,175,175,0,0,59.353143,59.2,0.56250554,58.6,58.9,59.7,60.7,58.6,60.7,0.8,0.4,0,175,18,14,18,True,-0.0027773465,23.5,59.15,40372.5,8.65
588,34740,"Muskegon-Norton Shores, MI",startup_rate,171,171,0,0,5.1270505,4.8387097,3.5474466,0,3.3242018,6.997144,10.110685,0,30,3.6729423,1.8877477,13.450292,171,17,14,17,True,0.0014678433,18.4,59.25,44998.5,9.65
588,34740,"Muskegon-Norton Shores, MI",employment_growth,171,157,14,8.1871345,0.0079322698,0.01135455,0.11940535,-0.16806723,-0.013422819,0.047632767,0.14313859,-0.61185984,0.70454545,0.061055586,0.030584448,0,171,17,14,17,True,0.0014678433,18.4,59.25,44998.5,9.65
588,34740,"Muskegon-Norton Shores, MI",establishment_growth,171,157,14,8.1871345,0.009935015,0,0.076616264,-0.088084731,-0.028985507,0.044052863,0.09928607,-0.22222222,0.42857143,0.073038371,0.039548023,8.9171975,171,17,14,17,True,0.0014678433,18.4,59.25,44998.5,9.65
588,34740,"Muskegon-Norton Shores, MI",payroll_growth,171,157,14,8.1871345,0.039436018,0.035649786,0.098765496,-0.080276716,0.0055786543,0.079423948,0.17397854,-0.56321122,0.40471441,0.073845294,0.036545468,0,171,17,14,17,True,0.0014678433,18.4,59.25,44998.5,9.65
588,34740,"Muskegon-Norton Shores, MI",wage_growth,171,157,14,8.1871345,0.036398036,0.028028874,0.071667129,-0.053897545,0.0066090674,0.060435003,0.14610241,-0.26271945,0.48052413,0.053825936,0.028044989,0,171,17,14,17,True,0.0014678433,18.4,59.25,44998.5,9.65
588,34740,"Muskegon-Norton Shores, MI",acs_population_growth,171,159,12,7.0175439,0.00089319488,0.0014678433,0.0040108006,-0.0057309908,-0.0027594488,0.0022043082,0.011250641,-0.0057309908,0.011250641,0.004963757,0.0017793626,0,171,17,14,17,True,0.0014678433,18.4,59.25,44998.5,9.65
588,34740,"Muskegon-Norton Shores, MI",unemployment_rate,171,171,0,0,10.688889,10.4,3.7156022,6.5,7.3,15.4,15.8,6.5,15.8,8.1,3.6,0,171,17,14,17,True,0.0014678433,18.4,59.25,44998.5,9.65
588,34740,"Muskegon-Norton Shores, MI",educational_attainment_pct,171,171,0,0,18.662573,18.2,1.5559761,16.5,17.2,19.7,21.4,16.5,21.4,2.5,1.4,0,171,17,14,17,True,0.0014678433,18.4,59.25,44998.5,9.65
588,34740,"Muskegon-Norton Shores, MI",median_household_income,171,171,0,0,48198.322,43920,7872.2466,40298,40979,53478,63495,40298,63495,12499,3622,0,171,17,14,17,True,0.0014678433,18.4,59.25,44998.5,9.65
588,34740,"Muskegon-Norton Shores, MI",labor_force_participation_pct,171,171,0,0,59.494737,59.3,0.83555287,58.4,58.9,59.8,61.4,58.4,61.4,0.9,0.4,0,171,17,14,17,True,0.0014678433,18.4,59.25,44998.5,9.65
590,34820,"Myrtle Beach-Conway-North Myrtle Beach, SC",startup_rate,236,236,0,0,7.433152,7.8456193,3.8899344,0,5.4611611,9.5873351,13.273641,0,18.75,4.1261741,2.1543807,12.288136,236,19,14,19,True,0.031428674,24.2,56.2,46836,7.85
590,34820,"Myrtle Beach-Conway-North Myrtle Beach, SC",employment_growth,236,217,19,8.0508475,0.026548829,0.028250935,0.069628236,-0.073106245,-0.0054755628,0.061512027,0.12786325,-0.2678906,0.25552826,0.06698759,0.033715416,0.92165899,236,19,14,19,True,0.031428674,24.2,56.2,46836,7.85
590,34820,"Myrtle Beach-Conway-North Myrtle Beach, SC",establishment_growth,236,217,19,8.0508475,0.042454894,0.036697248,0.058196172,-0.033784474,0.0037878788,0.066834805,0.13603185,-0.1209068,0.31428571,0.063046926,0.032909369,7.3732719,236,19,14,19,True,0.031428674,24.2,56.2,46836,7.85
590,34820,"Myrtle Beach-Conway-North Myrtle Beach, SC",payroll_growth,236,217,19,8.0508475,0.0693657,0.06163681,0.082714131,-0.036682447,0.024397518,0.11133578,0.21282029,-0.21932289,0.30718947,0.086938259,0.041571405,0,236,19,14,19,True,0.031428674,24.2,56.2,46836,7.85
590,34820,"Myrtle Beach-Conway-North Myrtle Beach, SC",wage_growth,236,217,19,8.0508475,0.04207376,0.036904283,0.04793106,-0.019306595,0.011855752,0.065723776,0.12034567,-0.083223218,0.29782614,0.053868025,0.027421762,0,236,19,14,19,True,0.031428674,24.2,56.2,46836,7.85
590,34820,"Myrtle Beach-Conway-North Myrtle Beach, SC",acs_population_growth,236,217,19,8.0508475,0.032749766,0.031428674,0.13270411,-0.25662353,0.023707275,0.036205684,0.428389,-0.25662353,0.428389,0.012498408,0.0054351153,0,236,19,14,19,True,0.031428674,24.2,56.2,46836,7.85
590,34820,"Myrtle Beach-Conway-North Myrtle Beach, SC",unemployment_rate,236,236,0,0,7.9402542,7.3,2.180989,5.2,6,9.8,12,5.2,12,3.8,1.4,0,236,19,14,19,True,0.031428674,24.2,56.2,46836,7.85
590,34820,"Myrtle Beach-Conway-North Myrtle Beach, SC",educational_attainment_pct,236,236,0,0,24.467373,24.5,1.7640847,21.8,23.4,25.7,27.4,21.8,27.4,2.3,1.2,0,236,19,14,19,True,0.031428674,24.2,56.2,46836,7.85
590,34820,"Myrtle Beach-Conway-North Myrtle Beach, SC",median_household_income,236,236,0,0,49854.712,47732,7488.9745,42183,43626,53832,64623,42183,64623,10206,4590,0,236,19,14,19,True,0.031428674,24.2,56.2,46836,7.85
590,34820,"Myrtle Beach-Conway-North Myrtle Beach, SC",labor_force_participation_pct,236,236,0,0,56.801695,55.9,3.4075257,52.7,54.2,59.3,63,52.7,63,5.1,2.2,0,236,19,14,19,True,0.031428674,24.2,56.2,46836,7.85
593,34900,"Napa, CA",startup_rate,219,219,0,0,6.1201427,6.4864865,2.9601231,0,4.710271,7.9119967,10.493894,0,14.516129,3.2017257,1.5745157,10.502283,219,18,14,18,True,0.0016092717,33.8,65.35,77123,6
593,34900,"Napa, CA",employment_growth,219,200,19,8.6757991,0.01518699,0.017563878,0.0865587,-0.096211592,-0.017083531,0.051823205,0.15441421,-0.375,0.3,0.068906736,0.034745803,0,219,18,14,18,True,0.0016092717,33.8,65.35,77123,6
593,34900,"Napa, CA",establishment_growth,219,200,19,8.6757991,0.027242774,0.019752337,0.1671778,-0.04695696,-0.0056666667,0.044273566,0.11116303,-0.68416448,2.1715818,0.049940232,0.025279732,8,219,18,14,18,True,0.0016092717,33.8,65.35,77123,6
593,34900,"Napa, CA",payroll_growth,219,200,19,8.6757991,0.056126177,0.052313082,0.094238669,-0.087989808,0.013792543,0.10434776,0.22798362,-0.33166061,0.33347304,0.090555219,0.045889501,0,219,18,14,18,True,0.0016092717,33.8,65.35,77123,6
593,34900,"Napa, CA",wage_growth,219,200,19,8.6757991,0.041870164,0.035803931,0.061002205,-0.060430239,0.011687424,0.066621078,0.16299155,-0.109342,0.29670742,0.054933654,0.026196869,0.5,219,18,14,18,True,0.0016092717,33.8,65.35,77123,6
593,34900,"Napa, CA",acs_population_growth,219,202,17,7.7625571,0.0012993645,0.0016092717,0.0074129203,-0.010166072,-0.0064541379,0.0087307163,0.010273004,-0.010166072,0.010273004,0.015184854,0.0077497775,0,219,18,14,18,True,0.0016092717,33.8,65.35,77123,6
593,34900,"Napa, CA",unemployment_rate,219,219,0,0,6.4835616,6.6,1.6471839,4.5,5,8,9.1,4.5,9.1,3,1.6,0,219,18,14,18,True,0.0016092717,33.8,65.35,77123,6
593,34900,"Napa, CA",educational_attainment_pct,219,219,0,0,33.945662,33,2.7538492,30,31.3,37,38.5,30,38.5,5.7,1.9,0,219,18,14,18,True,0.0016092717,33.8,65.35,77123,6
593,34900,"Napa, CA",median_household_income,219,219,0,0,81764.671,74609,13595.41,67389,70443,92219,108970,67389,108970,21776,5968,0,219,18,14,18,True,0.0016092717,33.8,65.35,77123,6
593,34900,"Napa, CA",labor_force_participation_pct,219,219,0,0,65.173516,65.5,0.78986235,63.4,64.8,65.7,66.1,63.4,66.1,0.9,0.3,0,219,18,14,18,True,0.0016092717,33.8,65.35,77123,6
594,34940,"Naples-Marco Island, FL",startup_rate,236,236,0,0,9.5068367,9.414173,4.4903606,0,7.4332817,11.257925,15.604672,0,36.363636,3.8246432,1.9497118,6.3559322,236,19,14,19,True,0.019783302,34.4,53.1,61095,5.85
594,34940,"Naples-Marco Island, FL",employment_growth,236,220,16,6.779661,0.034908673,0.036294167,0.084203387,-0.071918058,0.0072347346,0.061190834,0.14356233,-0.55555556,0.64,0.053956099,0.027965994,0.45454545,236,19,14,19,True,0.019783302,34.4,53.1,61095,5.85
594,34940,"Naples-Marco Island, FL",establishment_growth,236,220,16,6.779661,0.035024833,0.032982862,0.058427642,-0.033866995,0.011576818,0.056052711,0.10591259,-0.28571429,0.5,0.044475893,0.022102131,2.7272727,236,19,14,19,True,0.019783302,34.4,53.1,61095,5.85
594,34940,"Naples-Marco Island, FL",payroll_growth,236,220,16,6.779661,0.077545378,0.061114516,0.11537677,-0.066422859,0.027850136,0.11910577,0.25466115,-0.52121312,0.83003591,0.091255634,0.040496534,0,236,19,14,19,True,0.019783302,34.4,53.1,61095,5.85
594,34940,"Naples-Marco Island, FL",wage_growth,236,220,16,6.779661,0.042525927,0.030475888,0.091620068,-0.056226302,0.0069666671,0.065278128,0.15948246,-0.21619653,0.8781894,0.05831146,0.02835868,0,236,19,14,19,True,0.019783302,34.4,53.1,61095,5.85
594,34940,"Naples-Marco Island, FL",acs_population_growth,236,220,16,6.779661,0.015679438,0.019783302,0.010372218,-0.017261332,0.0144059,0.020693995,0.024517856,-0.017261332,0.024517856,0.0062880953,0.0011641875,0,236,19,14,19,True,0.019783302,34.4,53.1,61095,5.85
594,34940,"Naples-Marco Island, FL",unemployment_rate,236,236,0,0,6.4673729,5.3,2.3447894,3.9,4.3,9.2,10.1,3.9,10.1,4.9,1.35,0,236,19,14,19,True,0.019783302,34.4,53.1,61095,5.85
594,34940,"Naples-Marco Island, FL",educational_attainment_pct,236,236,0,0,34.658051,34.9,2.8054618,30.8,31.7,36.4,39.5,30.8,39.5,4.7,2.8,0,236,19,14,19,True,0.019783302,34.4,53.1,61095,5.85
594,34940,"Naples-Marco Island, FL",median_household_income,236,236,0,0,65374.034,62407,9879.1272,55843,56876,70217,86173,55843,86173,13341,6303,0,236,19,14,19,True,0.019783302,34.4,53.1,61095,5.85
594,34940,"Naples-Marco Island, FL",labor_force_participation_pct,236,236,0,0,53.212712,53.1,1.1108016,51.4,52.5,53.9,55.5,51.4,55.5,1.4,0.8,0,236,19,14,19,True,0.019783302,34.4,53.1,61095,5.85
595,34980,"Nashville-Davidson--Murfreesboro--Franklin, TN",startup_rate,58,58,0,0,7.6048845,7.5003602,1.9792442,4.5516554,6.1684532,8.8979494,10.691263,4.0983607,12.636695,2.7294961,1.4030823,0,58,7,14,7,False,0.018117585,33.5,68.05,57758.5,5.45
595,34980,"Nashville-Davidson--Murfreesboro--Franklin, TN",employment_growth,58,49,9,15.517241,0.024332289,0.023416851,0.04330382,-0.038687117,0.008892464,0.041332053,0.07658792,-0.12601708,0.19048468,0.032439589,0.017374342,0,58,7,14,7,False,0.018117585,33.5,68.05,57758.5,5.45
595,34980,"Nashville-Davidson--Murfreesboro--Franklin, TN",establishment_growth,58,49,9,15.517241,0.058529866,0.043780032,0.079776682,-0.0095617024,0.021526076,0.071457086,0.15923626,-0.092936803,0.37863615,0.04993101,0.02479269,0,58,7,14,7,False,0.018117585,33.5,68.05,57758.5,5.45
595,34980,"Nashville-Davidson--Murfreesboro--Franklin, TN",payroll_growth,58,49,9,15.517241,0.062669675,0.050860095,0.058710694,-0.013733756,0.03121463,0.086111305,0.15844289,-0.050344181,0.29014418,0.054896675,0.030585934,0,58,7,14,7,False,0.018117585,33.5,68.05,57758.5,5.45
595,34980,"Nashville-Davidson--Murfreesboro--Franklin, TN",wage_growth,58,49,9,15.517241,0.037450057,0.033680084,0.035887448,-0.012953476,0.011251372,0.053585631,0.097444289,-0.042902526,0.12914935,0.042334259,0.022428712,0,58,7,14,7,False,0.018117585,33.5,68.05,57758.5,5.45
595,34980,"Nashville-Davidson--Murfreesboro--Franklin, TN",acs_population_growth,58,56,2,3.4482759,0.021611292,0.018117585,0.014119497,0.0041654641,0.016515361,0.019971358,0.06715894,0.0041654641,0.06715894,0.003455997,0.0017238631,0,58,7,14,7,False,0.018117585,33.5,68.05,57758.5,5.45
595,34980,"Nashville-Davidson--Murfreesboro--Franklin, TN",unemployment_rate,58,58,0,0,5.6172414,5,1.8240247,3.6,4,7.8,8.4,3.6,8.4,3.8,1.2,0,58,7,14,7,False,0.018117585,33.5,68.05,57758.5,5.45
595,34980,"Nashville-Davidson--Murfreesboro--Franklin, TN",educational_attainment_pct,58,58,0,0,34.508621,34,3.4465994,30.1,30.925,37.3,39.9,29.7,39.9,6.375,3.25,0,58,7,14,7,False,0.018117585,33.5,68.05,57758.5,5.45
595,34980,"Nashville-Davidson--Murfreesboro--Franklin, TN",median_household_income,58,58,0,0,62658.655,59365,10286.392,52347,52785.5,68406,82499,51574,82499,15620.5,6982,0,58,7,14,7,False,0.018117585,33.5,68.05,57758.5,5.45
595,34980,"Nashville-Davidson--Murfreesboro--Franklin, TN",labor_force_participation_pct,58,58,0,0,68.094828,68.1,0.52862696,67.2,67.575,68.6,68.8,67.2,68.8,1.025,0.5,0,58,7,14,7,False,0.018117585,33.5,68.05,57758.5,5.45
603,35380,"New Orleans-Metairie, LA",startup_rate,121,121,0,0,6.942566,6.9400631,2.244582,3.7328094,4.9861496,8.4586466,10.443864,2.0295203,13.846154,3.472497,1.6295706,0,121,10,14,10,True,0.0083287542,28.7,62.95,49236.5,7.5
603,35380,"New Orleans-Metairie, LA",employment_growth,121,106,15,12.396694,0.0046704869,0.011153312,0.061558713,-0.085566579,-0.014184173,0.029992763,0.061725182,-0.31467357,0.21121718,0.044176936,0.021151939,0,121,10,14,10,True,0.0083287542,28.7,62.95,49236.5,7.5
603,35380,"New Orleans-Metairie, LA",establishment_growth,121,106,15,12.396694,0.01574194,0.015634817,0.02919261,-0.030459814,-0.0016054323,0.03037266,0.063495444,-0.074370709,0.1023166,0.031978092,0.016093303,0,121,10,14,10,True,0.0083287542,28.7,62.95,49236.5,7.5
603,35380,"New Orleans-Metairie, LA",payroll_growth,121,106,15,12.396694,0.033456524,0.033285681,0.068771621,-0.059264457,0.0015182399,0.062330956,0.12065203,-0.32408172,0.27355231,0.060812716,0.030247043,0,121,10,14,10,True,0.0083287542,28.7,62.95,49236.5,7.5
603,35380,"New Orleans-Metairie, LA",wage_growth,121,106,15,12.396694,0.029161742,0.023269764,0.04081427,-0.017955635,0.0058973843,0.039889716,0.090592763,-0.040377718,0.22676208,0.033992332,0.017300484,0.94339623,121,10,14,10,True,0.0083287542,28.7,62.95,49236.5,7.5
603,35380,"New Orleans-Metairie, LA",acs_population_growth,121,111,10,8.2644628,-0.0061483472,0.0083287542,0.06441669,-0.21797166,0.002359875,0.023098462,0.037112543,-0.21797166,0.037112543,0.020738587,0.0059688793,0,121,10,14,10,True,0.0083287542,28.7,62.95,49236.5,7.5
603,35380,"New Orleans-Metairie, LA",unemployment_rate,121,121,0,0,7.6884298,7.9,0.98202088,6.3,6.8,8.3,9.2,6.3,9.2,1.5,1.1,0,121,10,14,10,True,0.0083287542,28.7,62.95,49236.5,7.5
603,35380,"New Orleans-Metairie, LA",educational_attainment_pct,121,121,0,0,28.926446,28.4,2.4828669,26,26.7,31.1,33.2,26,33.2,4.4,1.9,0,121,10,14,10,True,0.0083287542,28.7,62.95,49236.5,7.5
603,35380,"New Orleans-Metairie, LA",median_household_income,121,121,0,0,51514.331,48319,5358.3846,47163,47429,54388,62748,47163,62748,6959,1156,0,121,10,14,10,True,0.0083287542,28.7,62.95,49236.5,7.5
603,35380,"New Orleans-Metairie, LA",labor_force_participation_pct,121,121,0,0,63.175207,63.1,0.77902514,62.1,62.4,63.9,64.3,62.1,64.3,1.5,0.8,0,121,10,14,10,True,0.0083287542,28.7,62.95,49236.5,7.5
608,35620,"New York-Newark-Jersey City, NY-NJ",startup_rate,178,178,0,0,8.603394,8.6728125,2.3822002,3.3702357,7.3679403,10.015988,12.685653,1.915493,14.420072,2.6480476,1.3069875,0,178,14,14,14,True,0.0050994307,38.4,64.9,70708,7.3
608,35620,"New York-Newark-Jersey City, NY-NJ",employment_growth,178,157,21,11.797753,0.017039562,0.022110689,0.059351517,-0.043024901,0.0096733915,0.032519745,0.06279534,-0.37018377,0.23689642,0.022846353,0.011732338,0,178,14,14,14,True,0.0050994307,38.4,64.9,70708,7.3
608,35620,"New York-Newark-Jersey City, NY-NJ",establishment_growth,178,157,21,11.797753,0.011959436,0.010447815,0.023309261,-0.022848394,-0.0012622488,0.022102394,0.048577923,-0.039322479,0.12685367,0.023364643,0.011710064,0,178,14,14,14,True,0.0050994307,38.4,64.9,70708,7.3
608,35620,"New York-Newark-Jersey City, NY-NJ",payroll_growth,178,157,21,11.797753,0.049487657,0.049720436,0.06189393,-0.01040936,0.030961916,0.070842924,0.11101849,-0.35151055,0.30499477,0.039881009,0.020327233,0,178,14,14,14,True,0.0050994307,38.4,64.9,70708,7.3
608,35620,"New York-Newark-Jersey City, NY-NJ",wage_growth,178,157,21,11.797753,0.032444266,0.028908522,0.031752997,-0.011653042,0.015941474,0.040224578,0.094296147,-0.032768228,0.19358462,0.024283104,0.012959858,0,178,14,14,14,True,0.0050994307,38.4,64.9,70708,7.3
608,35620,"New York-Newark-Jersey City, NY-NJ",acs_population_growth,178,165,13,7.3033708,0.004133379,0.0050994307,0.018765799,-0.034834186,-0.0051578038,0.0075146271,0.041930934,-0.034834186,0.041930934,0.012672431,0.0067924752,0,178,14,14,14,True,0.0050994307,38.4,64.9,70708,7.3
608,35620,"New York-Newark-Jersey City, NY-NJ",unemployment_rate,178,178,0,0,7.4955056,7.7,1.3269403,5.5,6.5,8.5,9.6,5.5,9.6,2,1.2,0,178,14,14,14,True,0.0050994307,38.4,64.9,70708,7.3
608,35620,"New York-Newark-Jersey City, NY-NJ",educational_attainment_pct,178,178,0,0,38.889326,38.1,2.597728,35.6,36.5,41.4,43.5,35.6,43.5,4.9,2,0,178,14,14,14,True,0.0050994307,38.4,64.9,70708,7.3
608,35620,"New York-Newark-Jersey City, NY-NJ",median_household_income,178,178,0,0,74915.079,69211,10804.883,63915,66285,81951,97334,63915,97334,15666,3923,0,178,14,14,14,True,0.0050994307,38.4,64.9,70708,7.3
608,35620,"New York-Newark-Jersey City, NY-NJ",labor_force_participation_pct,178,178,0,0,64.869101,64.9,0.17007901,64.6,64.7,65,65.2,64.6,65.2,0.3,0.1,0,178,14,14,14,True,0.0050994307,38.4,64.9,70708,7.3
609,35660,"Niles, MI",startup_rate,191,191,0,0,4.4144439,4.4444444,3.3071949,0,2.0467078,6.4170066,9.9295775,0,20.833333,4.3702988,2.0822397,19.371728,191,17,14,17,True,-0.0021799355,26.75,61.2,46556,7.55
609,35660,"Niles, MI",employment_growth,191,179,12,6.2827225,0.0035344,0.010747475,0.068671881,-0.110217,-0.024350153,0.038111022,0.093651225,-0.29777778,0.22580645,0.062461175,0.032889553,1.6759777,191,17,14,17,True,-0.0021799355,26.75,61.2,46556,7.55
609,35660,"Niles, MI",establishment_growth,191,179,12,6.2827225,0.018045205,0,0.084883204,-0.07140107,-0.023107361,0.041805813,0.14365764,-0.16666667,0.59848485,0.064913174,0.028169014,12.849162,191,17,14,17,True,-0.0021799355,26.75,61.2,46556,7.55
609,35660,"Niles, MI",payroll_growth,191,179,12,6.2827225,0.034338193,0.041244763,0.10507315,-0.15856,-0.0083574675,0.085443993,0.17660263,-0.36783642,0.37120939,0.093801461,0.044295158,0,191,17,14,17,True,-0.0021799355,26.75,61.2,46556,7.55
609,35660,"Niles, MI",wage_growth,191,179,12,6.2827225,0.030838406,0.030777713,0.081608882,-0.082393124,0.0067318518,0.055140154,0.1421936,-0.3272703,0.39486124,0.048408302,0.024289098,0.55865922,191,17,14,17,True,-0.0021799355,26.75,61.2,46556,7.55
609,35660,"Niles, MI",acs_population_growth,191,179,12,6.2827225,-0.0019080911,-0.0021799355,0.0017393111,-0.0043538083,-0.0027705461,-0.0011989635,0.0030299681,-0.0043538083,0.0030299681,0.0015715826,0.00081191823,0,191,17,14,17,True,-0.0021799355,26.75,61.2,46556,7.55
609,35660,"Niles, MI",unemployment_rate,191,191,0,0,8.4109948,7.3,2.2236609,5.9,6.4,10.6,12.1,5.9,12.1,4.2,1.1,0,191,17,14,17,True,-0.0021799355,26.75,61.2,46556,7.55
609,35660,"Niles, MI",educational_attainment_pct,191,191,0,0,26.66178,26.8,2.27241,23.3,24.2,27.8,30.2,23.3,30.2,3.6,2.2,0,191,17,14,17,True,-0.0021799355,26.75,61.2,46556,7.55
609,35660,"Niles, MI",median_household_income,191,191,0,0,49379.963,47132,6669.5251,42488,43633,52500,63152,42488,63152,8867,3663,0,191,17,14,17,True,-0.0021799355,26.75,61.2,46556,7.55
609,35660,"Niles, MI",labor_force_participation_pct,191,191,0,0,61.35445,61.2,0.68308017,60.4,60.8,61.8,62.8,60.4,62.8,1,0.4,0,191,17,14,17,True,-0.0021799355,26.75,61.2,46556,7.55
613,35840,"North Port-Bradenton-Sarasota, FL",startup_rate,234,234,0,0,9.687289,9.6074579,4.0585624,4.2497444,7.6941586,11.436479,14.620246,0,36.363636,3.7423201,1.8592185,4.2735043,234,19,14,19,True,0.021277116,31.2,51.55,53354,6.7
613,35840,"North Port-Bradenton-Sarasota, FL",employment_growth,234,213,21,8.974359,0.032779162,0.032675645,0.056188164,-0.047422742,0.0088226346,0.062615101,0.1089854,-0.22735544,0.40497193,0.053792467,0.025908336,0,234,19,14,19,True,0.021277116,31.2,51.55,53354,6.7
613,35840,"North Port-Bradenton-Sarasota, FL",establishment_growth,234,213,21,8.974359,0.033777402,0.027888446,0.049737378,-0.022330827,0.0091872792,0.050457162,0.10765906,-0.13636364,0.3556701,0.041269883,0.021045054,0.93896714,234,19,14,19,True,0.021277116,31.2,51.55,53354,6.7
613,35840,"North Port-Bradenton-Sarasota, FL",payroll_growth,234,213,21,8.974359,0.073244363,0.066999874,0.081245097,-0.031168223,0.037981215,0.10988876,0.20169466,-0.23800962,0.42112317,0.07190755,0.035377483,0,234,19,14,19,True,0.021277116,31.2,51.55,53354,6.7
613,35840,"North Port-Bradenton-Sarasota, FL",wage_growth,234,213,21,8.974359,0.039217451,0.035328185,0.05518713,-0.014044441,0.013117063,0.05806486,0.11598541,-0.27046453,0.31833834,0.044947797,0.022658686,0,234,19,14,19,True,0.021277116,31.2,51.55,53354,6.7
613,35840,"North Port-Bradenton-Sarasota, FL",acs_population_growth,234,215,19,8.1196581,0.017059186,0.021277116,0.0072188411,0.0030999996,0.010304645,0.022569209,0.024632353,0.0030999996,0.024632353,0.012264564,0.0033146268,0,234,19,14,19,True,0.021277116,31.2,51.55,53354,6.7
613,35840,"North Port-Bradenton-Sarasota, FL",unemployment_rate,234,234,0,0,7.3662393,7.3,2.657634,4.3,4.8,9.8,11.6,4.3,11.6,5,2.5,0,234,19,14,19,True,0.021277116,31.2,51.55,53354,6.7
613,35840,"North Port-Bradenton-Sarasota, FL",educational_attainment_pct,234,234,0,0,31.467094,30.7,2.9544007,27.6,28.9,33.5,37.2,27.6,37.2,4.6,2.5,0,234,19,14,19,True,0.021277116,31.2,51.55,53354,6.7
613,35840,"North Port-Bradenton-Sarasota, FL",median_household_income,234,234,0,0,57259.496,52235,9715.7172,48450,48745,62438,78278,48450,78278,13693,3677,0,234,19,14,19,True,0.021277116,31.2,51.55,53354,6.7
613,35840,"North Port-Bradenton-Sarasota, FL",labor_force_participation_pct,234,234,0,0,52.117949,51.7,1.3683181,50.6,51,53.1,54.7,50.6,54.7,2.1,0.75,0,234,19,14,19,True,0.021277116,31.2,51.55,53354,6.7
618,36100,"Ocala, FL",startup_rate,251,251,0,0,7.6761624,7.8780178,4.1690458,0,5.7417582,10.520429,14.482802,0,17.768595,4.7786703,2.2538751,13.545817,251,19,14,19,True,0.010480655,18.9,47.8,41151.5,9.55
618,36100,"Ocala, FL",employment_growth,251,232,19,7.5697211,0.022955307,0.020620971,0.08494996,-0.0836614,-0.0093794489,0.050778474,0.1363999,-0.42678695,0.49423963,0.060157922,0.030451297,0.86206897,251,19,14,19,True,0.010480655,18.9,47.8,41151.5,9.55
618,36100,"Ocala, FL",establishment_growth,251,232,19,7.5697211,0.019202638,0.015253301,0.058256761,-0.063333333,0,0.042444675,0.1105,-0.23076923,0.3,0.042444675,0.022530649,9.0517241,251,19,14,19,True,0.010480655,18.9,47.8,41151.5,9.55
618,36100,"Ocala, FL",payroll_growth,251,232,19,7.5697211,0.059288161,0.053794695,0.09478359,-0.061319505,0.020980606,0.096447008,0.21593273,-0.35115443,0.54509799,0.075466402,0.038280718,0,251,19,14,19,True,0.010480655,18.9,47.8,41151.5,9.55
618,36100,"Ocala, FL",wage_growth,251,232,19,7.5697211,0.036536834,0.03287974,0.058890781,-0.022775374,0.010743353,0.056620933,0.1122476,-0.28424522,0.54641701,0.04587758,0.022838234,0,251,19,14,19,True,0.010480655,18.9,47.8,41151.5,9.55
618,36100,"Ocala, FL",acs_population_growth,251,232,19,7.5697211,0.01324569,0.010480655,0.0076728802,0.0038020647,0.0060937178,0.018906672,0.028211321,0.0038020647,0.028211321,0.012812954,0.0047642058,0,251,19,14,19,True,0.010480655,18.9,47.8,41151.5,9.55
618,36100,"Ocala, FL",unemployment_rate,251,251,0,0,9.7924303,10.1,2.7857894,5.2,6.9,12.6,13.8,5.2,13.8,5.7,2.5,0,251,19,14,19,True,0.010480655,18.9,47.8,41151.5,9.55
618,36100,"Ocala, FL",educational_attainment_pct,251,251,0,0,19.065737,18.4,1.8877768,16.8,17.2,20.7,22.4,16.8,22.4,3.5,1.3,0,251,19,14,19,True,0.010480655,18.9,47.8,41151.5,9.55
618,36100,"Ocala, FL",median_household_income,251,251,0,0,44248.207,40339,5992.2686,39339,39770,46587,58535,39339,58535,6817,1000,0,251,19,14,19,True,0.010480655,18.9,47.8,41151.5,9.55
618,36100,"Ocala, FL",labor_force_participation_pct,251,251,0,0,47.947809,47.7,1.451408,46.1,46.5,49,50.7,46.1,50.7,2.5,1.2,0,251,19,14,19,True,0.010480655,18.9,47.8,41151.5,9.55
620,36220,"Odessa, TX",startup_rate,222,222,0,0,7.2509896,6.4860681,5.1696958,0,3.5672648,9.6330275,16.787532,0,25.433526,6.0657628,2.957016,11.261261,222,18,14,18,True,0.016758391,15.1,67.55,58931.5,5.95
620,36220,"Odessa, TX",employment_growth,222,207,15,6.7567568,0.036149083,0.033725029,0.14591151,-0.19413819,-0.034631756,0.10337294,0.26501983,-0.3210763,0.82010582,0.1380047,0.068977673,0,222,18,14,18,True,0.016758391,15.1,67.55,58931.5,5.95
620,36220,"Odessa, TX",establishment_growth,222,207,15,6.7567568,0.024439415,0.01510574,0.070147006,-0.055706806,-0.0042757979,0.050651469,0.14875,-0.3,0.375,0.054927267,0.027102052,6.2801932,222,18,14,18,True,0.016758391,15.1,67.55,58931.5,5.95
620,36220,"Odessa, TX",payroll_growth,222,207,15,6.7567568,0.083079195,0.076113932,0.1878793,-0.21834242,-0.019887609,0.19429203,0.36871417,-0.40180213,1.1382779,0.21417964,0.10667208,0,222,18,14,18,True,0.016758391,15.1,67.55,58931.5,5.95
620,36220,"Odessa, TX",wage_growth,222,207,15,6.7567568,0.042860713,0.046277854,0.080200441,-0.078696813,-0.0045909117,0.084413963,0.16392888,-0.22642946,0.38548849,0.089004875,0.047066629,0,222,18,14,18,True,0.016758391,15.1,67.55,58931.5,5.95
620,36220,"Odessa, TX",acs_population_growth,222,207,15,6.7567568,0.015821512,0.016758391,0.0095504343,-0.0049917627,0.009266467,0.023950488,0.031911517,-0.0049917627,0.031911517,0.014684021,0.0074464276,0,222,18,14,18,True,0.016758391,15.1,67.55,58931.5,5.95
620,36220,"Odessa, TX",unemployment_rate,222,222,0,0,6.0324324,6.1,0.50430942,5.2,5.7,6.4,6.9,5.2,6.9,0.7,0.4,0,222,18,14,18,True,0.016758391,15.1,67.55,58931.5,5.95
620,36220,"Odessa, TX",educational_attainment_pct,222,222,0,0,14.983784,15.2,1.2553985,13.1,13.5,16.3,16.6,13.1,16.6,2.8,1.1,0,222,18,14,18,True,0.016758391,15.1,67.55,58931.5,5.95
620,36220,"Odessa, TX",median_household_income,222,222,0,0,58790.734,59528,7148.8065,45815,51466,63096,71031,45815,71031,11630,4625,0,222,18,14,18,True,0.016758391,15.1,67.55,58931.5,5.95
620,36220,"Odessa, TX",labor_force_participation_pct,222,222,0,0,67.573423,67.6,0.73242052,66.1,67.1,68.3,68.5,66.1,68.5,1.2,0.7,0,222,18,14,18,True,0.016758391,15.1,67.55,58931.5,5.95
621,36260,"Ogden, UT",startup_rate,178,178,0,0,8.6157446,8.6423046,3.7240073,0,6.8315289,11.024132,14.060814,0,23.529412,4.1926029,2.2995696,6.1797753,178,17,14,17,True,0.015195927,29.95,68.85,67122.5,4.3
621,36260,"Ogden, UT",employment_growth,178,157,21,11.797753,0.030561143,0.031169727,0.045451975,-0.035676443,0.0089371981,0.055301337,0.092636507,-0.22245601,0.17616785,0.046364139,0.023108967,0,178,17,14,17,True,0.015195927,29.95,68.85,67122.5,4.3
621,36260,"Ogden, UT",establishment_growth,178,157,21,11.797753,0.027341715,0.028425242,0.034148552,-0.022548628,0.0086149768,0.044165504,0.080091954,-0.12851406,0.15911924,0.035550528,0.01703114,1.910828,178,17,14,17,True,0.015195927,29.95,68.85,67122.5,4.3
621,36260,"Ogden, UT",payroll_growth,178,157,21,11.797753,0.06675529,0.065844153,0.073039462,-0.036523819,0.038079701,0.10000649,0.15523095,-0.33715137,0.34049503,0.061926792,0.03314141,0,178,17,14,17,True,0.015195927,29.95,68.85,67122.5,4.3
621,36260,"Ogden, UT",wage_growth,178,157,21,11.797753,0.035295242,0.032398262,0.056912144,-0.035592418,0.017852556,0.053633594,0.10178506,-0.31275345,0.23599044,0.035781039,0.017790784,0,178,17,14,17,True,0.015195927,29.95,68.85,67122.5,4.3
621,36260,"Ogden, UT",acs_population_growth,178,169,9,5.0561798,0.013727119,0.015195927,0.034736423,-0.073408455,0.014715765,0.017635526,0.10696614,-0.073408455,0.10696614,0.0029197608,0.0011055271,0,178,17,14,17,True,0.015195927,29.95,68.85,67122.5,4.3
621,36260,"Ogden, UT",unemployment_rate,178,178,0,0,4.2741573,4.1,1.364773,2.7,2.9,5.9,6.3,2.7,6.3,3,1.3,0,178,17,14,17,True,0.015195927,29.95,68.85,67122.5,4.3
621,36260,"Ogden, UT",educational_attainment_pct,178,178,0,0,30.654494,30.4,1.8098622,28.5,29,31.9,34.2,28.5,34.2,2.9,1.5,0,178,17,14,17,True,0.015195927,29.95,68.85,67122.5,4.3
621,36260,"Ogden, UT",median_household_income,178,178,0,0,73100.129,68558,11733.278,62108.4,63393,78680,98361,60796,98361,15287,6218,0,178,17,14,17,True,0.015195927,29.95,68.85,67122.5,4.3
621,36260,"Ogden, UT",labor_force_participation_pct,178,178,0,0,68.801124,68.5,0.89366817,67.6,68,69.5,70.4,67.6,70.4,1.5,0.8,0,178,17,14,17,True,0.015195927,29.95,68.85,67122.5,4.3
624,36420,"Oklahoma City, OK",startup_rate,132,132,0,0,8.2046079,7.6316428,4.1452082,4.7292471,6.0929821,9.2551443,11.833959,3.997195,37.142857,3.1621622,1.6110387,0,132,16,14,16,True,0.012287269,29.35,65.3,53885.5,5.1
624,36420,"Oklahoma City, OK",employment_growth,132,103,29,21.969697,0.0172126,0.016060262,0.085360181,-0.11334123,-0.0020203684,0.039457206,0.16780646,-0.41886891,0.34582133,0.041477574,0.020232963,0,132,16,14,16,True,0.012287269,29.35,65.3,53885.5,5.1
624,36420,"Oklahoma City, OK",establishment_growth,132,103,29,21.969697,0.028781537,0.018034265,0.054389734,-0.018581488,0.0050393999,0.035552037,0.096352673,-0.084677419,0.30612245,0.030512637,0.014823256,0,132,16,14,16,True,0.012287269,29.35,65.3,53885.5,5.1
624,36420,"Oklahoma City, OK",payroll_growth,132,103,29,21.969697,0.051330334,0.052199418,0.085297757,-0.075311857,0.025097268,0.084837264,0.16287742,-0.31604522,0.30497363,0.059739997,0.027519542,0,132,16,14,16,True,0.012287269,29.35,65.3,53885.5,5.1
624,36420,"Oklahoma City, OK",wage_growth,132,103,29,21.969697,0.034406616,0.03631334,0.034284648,-0.022116909,0.019777106,0.049573555,0.082477158,-0.10535573,0.17693663,0.029796449,0.014674287,0,132,16,14,16,True,0.012287269,29.35,65.3,53885.5,5.1
624,36420,"Oklahoma City, OK",acs_population_growth,132,122,10,7.5757576,0.012797973,0.012009569,0.002379031,0.0095505852,0.011333963,0.015694221,0.016614066,0.0095505852,0.016614066,0.0043602579,0.0017415775,0,132,16,14,16,True,0.012287269,29.35,65.3,53885.5,5.1
624,36420,"Oklahoma City, OK",unemployment_rate,132,132,0,0,5.1068182,4.7,0.69372247,4.3,4.5,5.9,6.2,4.3,6.2,1.4,0.4,0,132,16,14,16,True,0.012287269,29.35,65.3,53885.5,5.1
624,36420,"Oklahoma City, OK",educational_attainment_pct,132,132,0,0,30.167424,30.1,2.073147,27.2,28.5,32.4,33.4,27.2,33.4,3.9,2,0,132,16,14,16,True,0.012287269,29.35,65.3,53885.5,5.1
624,36420,"Oklahoma City, OK",median_household_income,132,132,0,0,57239.129,57072,7645.7875,46999,50967,63351,70499,46999,70499,12384,6279,0,132,16,14,16,True,0.012287269,29.35,65.3,53885.5,5.1
624,36420,"Oklahoma City, OK",labor_force_participation_pct,132,132,0,0,65.465909,65.3,0.44888829,65.1,65.2,65.6,66.5,65.1,66.5,0.4,0.2,0,132,16,14,16,True,0.012287269,29.35,65.3,53885.5,5.1
626,36500,"Olympia-Lacey-Tumwater, WA",startup_rate,241,241,0,0,6.4091745,6.6666667,3.4489874,0,4.7058824,8.75,11.428571,0,19.444444,4.0441176,1.9791667,12.863071,241,19,14,19,True,0.014539836,33.9,63.05,64668.5,7.4
626,36500,"Olympia-Lacey-Tumwater, WA",employment_growth,241,220,21,8.7136929,0.024087079,0.025703286,0.11461064,-0.13338569,-0.0064910609,0.060329241,0.15408202,-0.48275862,0.9375,0.066820302,0.03272575,0,241,19,14,19,True,0.014539836,33.9,63.05,64668.5,7.4
626,36500,"Olympia-Lacey-Tumwater, WA",establishment_growth,241,220,21,8.7136929,0.034315973,0.016679955,0.20048137,-0.09547619,-0.01043954,0.058236868,0.12678109,-0.70259865,2.4548148,0.068676408,0.033710801,5.9090909,241,19,14,19,True,0.014539836,33.9,63.05,64668.5,7.4
626,36500,"Olympia-Lacey-Tumwater, WA",payroll_growth,241,220,21,8.7136929,0.066496415,0.063746944,0.13841009,-0.15088672,0.018905915,0.11125503,0.24374203,-0.44262455,1.1649176,0.092349115,0.046090558,0,241,19,14,19,True,0.014539836,33.9,63.05,64668.5,7.4
626,36500,"Olympia-Lacey-Tumwater, WA",wage_growth,241,220,21,8.7136929,0.041179908,0.039858393,0.059840197,-0.042255238,0.018856424,0.067090973,0.12062931,-0.27899598,0.26257172,0.04823455,0.024527112,0,241,19,14,19,True,0.014539836,33.9,63.05,64668.5,7.4
626,36500,"Olympia-Lacey-Tumwater, WA",acs_population_growth,241,223,18,7.4688797,0.015337886,0.014539836,0.0033946588,0.0080469769,0.013083716,0.017829116,0.020878264,0.0080469769,0.020878264,0.0047454008,0.002050244,0,241,19,14,19,True,0.014539836,33.9,63.05,64668.5,7.4
626,36500,"Olympia-Lacey-Tumwater, WA",unemployment_rate,241,241,0,0,7.3024896,7.2,1.3349446,5.2,6.1,8.5,9.4,5.2,9.4,2.4,1.3,0,241,19,14,19,True,0.014539836,33.9,63.05,64668.5,7.4
626,36500,"Olympia-Lacey-Tumwater, WA",educational_attainment_pct,241,241,0,0,34.221992,33.4,1.8222622,31.6,32.5,35.7,37.2,31.6,37.2,3.2,1.8,0,241,19,14,19,True,0.014539836,33.9,63.05,64668.5,7.4
626,36500,"Olympia-Lacey-Tumwater, WA",median_household_income,241,241,0,0,70302.129,63224,10474.01,60930,62286,75867,93985,60930,93985,13581,2294,0,241,19,14,19,True,0.014539836,33.9,63.05,64668.5,7.4
626,36500,"Olympia-Lacey-Tumwater, WA",labor_force_participation_pct,241,241,0,0,63.485062,63.1,1.1982387,61.9,62.5,64.1,65.4,61.9,65.4,1.6,1,0,241,19,14,19,True,0.014539836,33.9,63.05,64668.5,7.4
627,36540,"Omaha, NE-IA",startup_rate,115,115,0,0,6.9546613,6.9364162,2.2119019,3.4570693,5.6321744,8.2942452,10.358483,1.9197208,13.636364,2.6620708,1.3700731,0,115,12,14,12,True,0.010340018,34.85,70.9,61074,4.25
627,36540,"Omaha, NE-IA",employment_growth,115,98,17,14.782609,0.0089747106,0.016046896,0.046892775,-0.06541058,-0.0080067356,0.031042999,0.065535899,-0.2091018,0.1658086,0.039049735,0.017970926,0,115,12,14,12,True,0.010340018,34.85,70.9,61074,4.25
627,36540,"Omaha, NE-IA",establishment_growth,115,98,17,14.782609,0.014930503,0.011739376,0.025716573,-0.018105846,-0.00097045855,0.025642683,0.061710442,-0.038227147,0.11616162,0.026613141,0.013134259,3.0612245,115,12,14,12,True,0.010340018,34.85,70.9,61074,4.25
627,36540,"Omaha, NE-IA",payroll_growth,115,98,17,14.782609,0.048050265,0.049240398,0.048466609,-0.027605481,0.024694396,0.07196756,0.11309231,-0.12268885,0.21093457,0.047273164,0.024428895,0,115,12,14,12,True,0.010340018,34.85,70.9,61074,4.25
627,36540,"Omaha, NE-IA",wage_growth,115,98,17,14.782609,0.039123549,0.035479856,0.027023397,-0.00035229251,0.026809678,0.048679696,0.084555629,-0.015088115,0.16233758,0.021870018,0.012730419,0,115,12,14,12,True,0.010340018,34.85,70.9,61074,4.25
627,36540,"Omaha, NE-IA",acs_population_growth,115,107,8,6.9565217,0.010756882,0.010340018,0.0033431922,0.0063639975,0.0092577784,0.011427035,0.020361363,0.0063639975,0.020361363,0.0021692563,0.0010870166,0,115,12,14,12,True,0.010340018,34.85,70.9,61074,4.25
627,36540,"Omaha, NE-IA",unemployment_rate,115,115,0,0,4.5730435,4,1.0650197,3.4,3.7,5.7,6.2,3.4,6.2,2,0.6,0,115,12,14,12,True,0.010340018,34.85,70.9,61074,4.25
627,36540,"Omaha, NE-IA",educational_attainment_pct,115,115,0,0,35.273913,35.1,2.2351689,32.2,33.4,37,39.1,32.2,39.1,3.6,1.9,0,115,12,14,12,True,0.010340018,34.85,70.9,61074,4.25
627,36540,"Omaha, NE-IA",median_household_income,115,115,0,0,65055.026,62345,9003.9811,55158,57357,69439,83023,55158,83023,12082,5540,0,115,12,14,12,True,0.010340018,34.85,70.9,61074,4.25
627,36540,"Omaha, NE-IA",labor_force_participation_pct,115,115,0,0,71.155652,70.9,0.91413762,70.1,70.4,71.8,72.8,70.1,72.8,1.4,0.5,0,115,12,14,12,True,0.010340018,34.85,70.9,61074,4.25
632,36740,"Orlando-Kissimmee-Sanford, FL",startup_rate,247,247,0,0,10.685137,11.094527,3.9575828,2.829001,8.5926459,12.966561,15.966043,0,27.272727,4.3739153,2.270998,2.0242915,247,19,14,19,True,0.020442652,29.9,64.85,51431.5,7.45
632,36740,"Orlando-Kissimmee-Sanford, FL",employment_growth,247,228,19,7.6923077,0.032104176,0.034051758,0.058971127,-0.056791342,0.012217914,0.050691911,0.11556267,-0.2918925,0.27248874,0.038473998,0.018222814,0.43859649,247,19,14,19,True,0.020442652,29.9,64.85,51431.5,7.45
632,36740,"Orlando-Kissimmee-Sanford, FL",establishment_growth,247,228,19,7.6923077,0.039685495,0.03255845,0.048419473,-0.015073678,0.012931175,0.056626065,0.11065916,-0.090909091,0.41935484,0.04369489,0.022511606,1.754386,247,19,14,19,True,0.020442652,29.9,64.85,51431.5,7.45
632,36740,"Orlando-Kissimmee-Sanford, FL",payroll_growth,247,228,19,7.6923077,0.068099367,0.060322223,0.06729501,-0.020198048,0.03545126,0.090749348,0.18165828,-0.2547921,0.31916842,0.055298088,0.028462102,0,247,19,14,19,True,0.020442652,29.9,64.85,51431.5,7.45
632,36740,"Orlando-Kissimmee-Sanford, FL",wage_growth,247,228,19,7.6923077,0.03516154,0.034690833,0.035263343,-0.01047519,0.016269281,0.049563186,0.084675584,-0.098532517,0.26286857,0.033293905,0.01677383,0,247,19,14,19,True,0.020442652,29.9,64.85,51431.5,7.45
632,36740,"Orlando-Kissimmee-Sanford, FL",acs_population_growth,247,230,17,6.8825911,0.020876589,0.020442652,0.0043434804,0.014409496,0.016683787,0.023960305,0.028302204,0.014409496,0.028302204,0.0072765176,0.0037588647,0,247,19,14,19,True,0.020442652,29.9,64.85,51431.5,7.45
632,36740,"Orlando-Kissimmee-Sanford, FL",unemployment_rate,247,247,0,0,7.6348178,6.8,2.3096832,5.1,5.4,10,11.5,5.1,11.5,4.6,1.6,0,247,19,14,19,True,0.020442652,29.9,64.85,51431.5,7.45
632,36740,"Orlando-Kissimmee-Sanford, FL",educational_attainment_pct,247,247,0,0,30.811336,30.3,2.7268674,27.6,28.1,33.1,35.8,27.6,35.8,5,2.3,0,247,19,14,19,True,0.020442652,29.9,64.85,51431.5,7.45
632,36740,"Orlando-Kissimmee-Sanford, FL",median_household_income,247,247,0,0,56488.887,52261,8823.4643,48459,49263,61229,75611,48459,75611,11966,3702,0,247,19,14,19,True,0.020442652,29.9,64.85,51431.5,7.45
632,36740,"Orlando-Kissimmee-Sanford, FL",labor_force_participation_pct,247,247,0,0,65.129555,64.8,1.1207472,63.8,64.2,65.9,67.4,63.8,67.4,1.7,0.6,0,247,19,14,19,True,0.020442652,29.9,64.85,51431.5,7.45
633,36780,"Oshkosh-Neenah, WI",startup_rate,188,188,0,0,5.2310812,4.8862009,3.0316522,0,3.4843346,6.7977677,10.793586,0,14.285714,3.313433,1.7042345,8.5106383,188,15,14,15,True,0.0028579205,27.1,66.15,54314.5,4
633,36780,"Oshkosh-Neenah, WI",employment_growth,188,175,13,6.9148936,0.013719957,0.013943441,0.053769302,-0.066584652,-0.011051837,0.039735064,0.097304965,-0.16699233,0.24261726,0.050786901,0.025756934,0,188,15,14,15,True,0.0028579205,27.1,66.15,54314.5,4
633,36780,"Oshkosh-Neenah, WI",establishment_growth,188,175,13,6.9148936,0.013520028,0.0093896714,0.05147956,-0.063799283,-0.01318247,0.039337017,0.091012789,-0.16326531,0.25925926,0.052519486,0.025162542,2.8571429,188,15,14,15,True,0.0028579205,27.1,66.15,54314.5,4
633,36780,"Oshkosh-Neenah, WI",payroll_growth,188,175,13,6.9148936,0.047302099,0.041727856,0.07773369,-0.05909994,0.012925811,0.077855186,0.16535458,-0.17156454,0.51894499,0.064929375,0.032228474,0,188,15,14,15,True,0.0028579205,27.1,66.15,54314.5,4
633,36780,"Oshkosh-Neenah, WI",wage_growth,188,175,13,6.9148936,0.032972375,0.03564731,0.047824728,-0.046369989,0.012647649,0.054940329,0.1115531,-0.10784505,0.22236769,0.04229268,0.022216116,0,188,15,14,15,True,0.0028579205,27.1,66.15,54314.5,4
633,36780,"Oshkosh-Neenah, WI",acs_population_growth,188,175,13,6.9148936,0.0028729688,0.0028579205,0.0018568544,-0.00062462056,0.0022232103,0.0035092303,0.0060654903,-0.00062462056,0.0060654903,0.00128602,0.00065130976,0,188,15,14,15,True,0.0028579205,27.1,66.15,54314.5,4
633,36780,"Oshkosh-Neenah, WI",unemployment_rate,188,188,0,0,4.2356383,3.6,1.5033852,2.2,3,5.9,6.5,2.2,6.5,2.9,1.1,0,188,15,14,15,True,0.0028579205,27.1,66.15,54314.5,4
633,36780,"Oshkosh-Neenah, WI",educational_attainment_pct,188,188,0,0,27.159574,27.3,1.9819409,23.7,25.5,29,31,23.7,31,3.5,1.7,0,188,15,14,15,True,0.0028579205,27.1,66.15,54314.5,4
633,36780,"Oshkosh-Neenah, WI",median_household_income,188,188,0,0,57141.649,55128,6793.6175,50974,51603,59947,72873,50974,72873,8344,3525,0,188,15,14,15,True,0.0028579205,27.1,66.15,54314.5,4
633,36780,"Oshkosh-Neenah, WI",labor_force_participation_pct,188,188,0,0,66.176064,66.1,0.68802705,65.1,65.8,66.5,67.9,65.1,67.9,0.7,0.3,0,188,15,14,15,True,0.0028579205,27.1,66.15,54314.5,4
640,36980,"Owensboro, KY",startup_rate,81,81,0,0,4.9195269,4.7619048,2.7672847,0,3.125,6.5,10.11236,0,11.235955,3.375,1.7380952,11.111111,81,11,14,11,False,0.0044317519,19.75,60.8,47483,6.3
640,36980,"Owensboro, KY",employment_growth,81,66,15,18.518519,0.018655785,0.0015177249,0.10732564,-0.079548406,-0.019610608,0.025828639,0.14619002,-0.18501388,0.62724884,0.045439247,0.021995416,1.5151515,81,11,14,11,False,0.0044317519,19.75,60.8,47483,6.3
640,36980,"Owensboro, KY",establishment_growth,81,66,15,18.518519,0.03036513,0.019568359,0.054364662,-0.037302444,0,0.049445392,0.1218978,-0.090909091,0.25396825,0.049445392,0.027141928,6.0606061,81,11,14,11,False,0.0044317519,19.75,60.8,47483,6.3
640,36980,"Owensboro, KY",payroll_growth,81,66,15,18.518519,0.066550778,0.035401406,0.1671873,-0.048269007,-0.00029490679,0.069786678,0.21528825,-0.10749531,1.0412346,0.070081585,0.03603172,0,81,11,14,11,False,0.0044317519,19.75,60.8,47483,6.3
640,36980,"Owensboro, KY",wage_growth,81,66,15,18.518519,0.044234794,0.034603211,0.059691916,-0.023355435,0.01435593,0.062763751,0.14766265,-0.063040232,0.27294307,0.048407821,0.024816091,0,81,11,14,11,False,0.0044317519,19.75,60.8,47483,6.3
640,36980,"Owensboro, KY",acs_population_growth,81,74,7,8.6419753,-0.0028854329,0.0042923759,0.024721238,-0.072845386,0.0035911836,0.0054979208,0.01487167,-0.072845386,0.01487167,0.0019067372,0.00077887954,0,81,11,14,11,False,0.0044317519,19.75,60.8,47483,6.3
640,36980,"Owensboro, KY",unemployment_rate,81,81,0,0,5.754321,5.6,1.0896157,4.3,4.6,6.8,7.4,4.3,7.4,2.2,1.1,0,81,11,14,11,False,0.0044317519,19.75,60.8,47483,6.3
640,36980,"Owensboro, KY",educational_attainment_pct,81,81,0,0,20.628395,21.1,2.7563216,16.9,17.7,23.7,24.7,16.9,24.7,6,2.6,0,81,11,14,11,False,0.0044317519,19.75,60.8,47483,6.3
640,36980,"Owensboro, KY",median_household_income,81,81,0,0,51771.457,50114,7674.9135,42799,45639,58036,65656,42799,65656,12397,4832,0,81,11,14,11,False,0.0044317519,19.75,60.8,47483,6.3
640,36980,"Owensboro, KY",labor_force_participation_pct,81,81,0,0,60.804938,60.8,0.3169784,60.3,60.7,60.9,61.5,60.3,61.5,0.2,0.1,0,81,11,14,11,False,0.0044317519,19.75,60.8,47483,6.3
643,37100,"Oxnard-Thousand Oaks-Ventura, CA",startup_rate,241,241,0,0,7.469131,7.6440388,3.116511,0,5.9124503,9.1232227,12.230216,0,17.741935,3.2107725,1.6031731,7.4688797,241,19,14,19,True,0.0027080288,32.4,66.2,80282.5,6.9
643,37100,"Oxnard-Thousand Oaks-Ventura, CA",employment_growth,241,225,16,6.6390041,0.017242319,0.013593673,0.15843574,-0.078394642,-0.024936468,0.040883074,0.096105539,-0.3358209,2.1941021,0.065819542,0.032461597,0.44444444,241,19,14,19,True,0.0027080288,32.4,66.2,80282.5,6.9
643,37100,"Oxnard-Thousand Oaks-Ventura, CA",establishment_growth,241,225,16,6.6390041,0.021948911,0.016438356,0.10529911,-0.035607594,-0.0020366599,0.035433071,0.08957265,-0.65615142,1.3420822,0.037469731,0.018801918,2.2222222,241,19,14,19,True,0.0027080288,32.4,66.2,80282.5,6.9
643,37100,"Oxnard-Thousand Oaks-Ventura, CA",payroll_growth,241,225,16,6.6390041,0.058978198,0.041549466,0.31033232,-0.06298505,0.0066112798,0.069025413,0.14735092,-0.38039626,4.5561848,0.062414134,0.031834808,0,241,19,14,19,True,0.0027080288,32.4,66.2,80282.5,6.9
643,37100,"Oxnard-Thousand Oaks-Ventura, CA",wage_growth,241,225,16,6.6390041,0.034952536,0.029283757,0.071121659,-0.035990535,0.0090626674,0.050340505,0.10733001,-0.286544,0.73951471,0.041277838,0.021056748,0,241,19,14,19,True,0.0027080288,32.4,66.2,80282.5,6.9
643,37100,"Oxnard-Thousand Oaks-Ventura, CA",acs_population_growth,241,225,16,6.6390041,0.0027490915,0.0027080288,0.0046627006,-0.0044536341,-0.001001047,0.007563254,0.0086411808,-0.0044536341,0.0086411808,0.008564301,0.0046719999,0,241,19,14,19,True,0.0027080288,32.4,66.2,80282.5,6.9
643,37100,"Oxnard-Thousand Oaks-Ventura, CA",unemployment_rate,241,241,0,0,7.073029,6.6,1.6577026,5.1,5.5,8.6,9.6,5.1,9.6,3.1,1.3,0,241,19,14,19,True,0.0027080288,32.4,66.2,80282.5,6.9
643,37100,"Oxnard-Thousand Oaks-Ventura, CA",educational_attainment_pct,241,241,0,0,32.704564,32.6,1.4651862,30.8,31.4,33.9,35.7,30.8,35.7,2.5,1.2,0,241,19,14,19,True,0.0027080288,32.4,66.2,80282.5,6.9
643,37100,"Oxnard-Thousand Oaks-Ventura, CA",median_household_income,241,241,0,0,84705.17,81972,9889.8958,75348,76728,89295,107327,75348,107327,12567,5428,0,241,19,14,19,True,0.0027080288,32.4,66.2,80282.5,6.9
643,37100,"Oxnard-Thousand Oaks-Ventura, CA",labor_force_participation_pct,241,241,0,0,66.114938,66.1,1.0868268,64.5,64.9,67.2,67.5,64.5,67.5,2.3,1.1,0,241,19,14,19,True,0.0027080288,32.4,66.2,80282.5,6.9
645,37140,"Paducah, KY-IL",startup_rate,44,44,0,0,5.5618248,5.1325957,2.3493492,2.6831897,3.8998117,6.931605,9.5381446,2.2160665,13.265306,3.0317932,1.4266098,0,44,9,14,9,False,,23.8,56.8,62286,3.4
645,37140,"Paducah, KY-IL",employment_growth,44,33,11,25,-0.0012470605,-0.0018552876,0.062215918,-0.10065783,-0.02,0.016605913,0.096397415,-0.18326271,0.15340706,0.036605913,0.018461201,0,44,9,14,9,False,,23.8,56.8,62286,3.4
645,37140,"Paducah, KY-IL",establishment_growth,44,33,11,25,0.0063511084,-0.0058708415,0.042797441,-0.051579255,-0.013513514,0.027624309,0.076570973,-0.097826087,0.11481481,0.041137823,0.019676604,3.030303,44,9,14,9,False,,23.8,56.8,62286,3.4
645,37140,"Paducah, KY-IL",payroll_growth,44,33,11,25,0.026239806,0.035543129,0.098340374,-0.17019961,0.010859755,0.059518523,0.15620644,-0.26856923,0.2908493,0.048658768,0.024683374,0,44,9,14,9,False,,23.8,56.8,62286,3.4
645,37140,"Paducah, KY-IL",wage_growth,44,33,11,25,0.025616399,0.027304274,0.045080556,-0.069785266,0.012655003,0.047129448,0.089022712,-0.10839324,0.11916689,0.034474446,0.017378255,0,44,9,14,9,False,,23.8,56.8,62286,3.4
645,37140,"Paducah, KY-IL",acs_population_growth,44,0,44,100,,,,,,,,,,,,,44,9,14,9,False,,23.8,56.8,62286,3.4
645,37140,"Paducah, KY-IL",unemployment_rate,44,2,42,95.454545,3.4,3.4,0,3.4,3.4,3.4,3.4,3.4,3.4,0,0,0,44,9,14,9,False,,23.8,56.8,62286,3.4
645,37140,"Paducah, KY-IL",educational_attainment_pct,44,2,42,95.454545,23.8,23.8,0,23.8,23.8,23.8,23.8,23.8,23.8,0,0,0,44,9,14,9,False,,23.8,56.8,62286,3.4
645,37140,"Paducah, KY-IL",median_household_income,44,2,42,95.454545,62286,62286,0,62286,62286,62286,62286,62286,62286,0,0,0,44,9,14,9,False,,23.8,56.8,62286,3.4
645,37140,"Paducah, KY-IL",labor_force_participation_pct,44,2,42,95.454545,56.8,56.8,0,56.8,56.8,56.8,56.8,56.8,56.8,0,0,0,44,9,14,9,False,,23.8,56.8,62286,3.4
649,37340,"Palm Bay-Melbourne-Titusville, FL",startup_rate,237,237,0,0,8.2196594,8.3191851,4.7778523,0,6.6901408,10.23622,13.269076,0,54.545455,3.5460796,1.7725581,10.126582,237,19,14,19,True,0.012810902,28.05,56.1,50802,8.2
649,37340,"Palm Bay-Melbourne-Titusville, FL",employment_growth,237,219,18,7.5949367,0.026230929,0.029219601,0.093405846,-0.10817406,-0.0022460408,0.059860198,0.13852938,-0.26025354,0.70588235,0.062106239,0.031046495,0.91324201,237,19,14,19,True,0.012810902,28.05,56.1,50802,8.2
649,37340,"Palm Bay-Melbourne-Titusville, FL",establishment_growth,237,219,18,7.5949367,0.024534778,0.017756255,0.052780381,-0.035422614,0,0.043225004,0.088688525,-0.11111111,0.42857143,0.043225004,0.021031624,5.4794521,237,19,14,19,True,0.012810902,28.05,56.1,50802,8.2
649,37340,"Palm Bay-Melbourne-Titusville, FL",payroll_growth,237,219,18,7.5949367,0.064880459,0.063197252,0.11973747,-0.11497708,0.022833464,0.10934111,0.216706,-0.27447115,0.9107119,0.08650765,0.04558766,0,237,19,14,19,True,0.012810902,28.05,56.1,50802,8.2
649,37340,"Palm Bay-Melbourne-Titusville, FL",wage_growth,237,219,18,7.5949367,0.037344656,0.03364718,0.061327542,-0.059621482,0.011339321,0.064823867,0.12467043,-0.19891034,0.35558824,0.053484546,0.026055172,0,237,19,14,19,True,0.012810902,28.05,56.1,50802,8.2
649,37340,"Palm Bay-Melbourne-Titusville, FL",acs_population_growth,237,219,18,7.5949367,0.010729547,0.012810902,0.0049413311,0.003029306,0.0059083654,0.015081275,0.016062929,0.003029306,0.016062929,0.0091729095,0.0023992222,0,237,19,14,19,True,0.012810902,28.05,56.1,50802,8.2
649,37340,"Palm Bay-Melbourne-Titusville, FL",unemployment_rate,237,237,0,0,8.1510549,7.6,2.8940853,4.8,5.1,10.9,12.4,4.8,12.4,5.8,2.7,0,237,19,14,19,True,0.012810902,28.05,56.1,50802,8.2
649,37340,"Palm Bay-Melbourne-Titusville, FL",educational_attainment_pct,237,237,0,0,28.836287,28.4,2.4909735,26.2,26.4,30.9,33.5,26.2,33.5,4.5,2.1,0,237,19,14,19,True,0.012810902,28.05,56.1,50802,8.2
649,37340,"Palm Bay-Melbourne-Titusville, FL",median_household_income,237,237,0,0,55448.544,51536,8579.5375,48039,49099,59359,75817,48039,75817,10260,3053,0,237,19,14,19,True,0.012810902,28.05,56.1,50802,8.2
649,37340,"Palm Bay-Melbourne-Titusville, FL",labor_force_participation_pct,237,237,0,0,56.310127,56,1.4410385,54.4,55.2,57.3,58.9,54.4,58.9,2.1,1.3,0,237,19,14,19,True,0.012810902,28.05,56.1,50802,8.2
651,37460,"Panama City-Panama City Beach, FL",startup_rate,114,114,0,0,7.419748,6.6874675,3.3237847,2.3946674,5.4628603,9.236081,13.370498,0,18.505338,3.7732207,1.7582322,0.87719298,114,14,14,14,True,0.0099015509,22,61.25,49044,6.9
651,37460,"Panama City-Panama City Beach, FL",employment_growth,114,96,18,15.789474,0.013726061,0.010328695,0.060985574,-0.069930954,-0.018497321,0.043439431,0.1039748,-0.2407029,0.2391346,0.061936751,0.031956256,0,114,14,14,14,True,0.0099015509,22,61.25,49044,6.9
651,37460,"Panama City-Panama City Beach, FL",establishment_growth,114,96,18,15.789474,0.015260446,0.012261785,0.044922962,-0.043325876,-0.011323063,0.033226186,0.088506009,-0.096846847,0.24487179,0.044549249,0.022463585,3.125,114,14,14,14,True,0.0099015509,22,61.25,49044,6.9
651,37460,"Panama City-Panama City Beach, FL",payroll_growth,114,96,18,15.789474,0.050949732,0.0526979,0.086957079,-0.084493768,0.0053149523,0.096346432,0.19478808,-0.22715611,0.33852395,0.091031479,0.044986612,0,114,14,14,14,True,0.0099015509,22,61.25,49044,6.9
651,37460,"Panama City-Panama City Beach, FL",wage_growth,114,96,18,15.789474,0.036249248,0.033348774,0.050007294,-0.037209675,0.0094311766,0.062402088,0.11173059,-0.14173902,0.18895924,0.052970912,0.026205784,0,114,14,14,14,True,0.0099015509,22,61.25,49044,6.9
651,37460,"Panama City-Panama City Beach, FL",acs_population_growth,114,107,7,6.1403509,0.023260059,0.0099015509,0.054492255,-0.082483366,0.0050779985,0.014316176,0.14123885,-0.082483366,0.14123885,0.009238177,0.0048235523,0,114,14,14,14,True,0.0099015509,22,61.25,49044,6.9
651,37460,"Panama City-Panama City Beach, FL",unemployment_rate,114,114,0,0,6.7464912,6.3,2.2436214,3.6,4.6,8.7,10.1,3.6,10.1,4.1,1.9,0,114,14,14,14,True,0.0099015509,22,61.25,49044,6.9
651,37460,"Panama City-Panama City Beach, FL",educational_attainment_pct,114,114,0,0,22.866667,22,2.1283866,20.4,21,24.5,26.6,20.4,26.6,3.5,1.6,0,114,14,14,14,True,0.0099015509,22,61.25,49044,6.9
651,37460,"Panama City-Panama City Beach, FL",median_household_income,114,114,0,0,53185.404,49863,7414.1526,46678,47364,56483,67834,46678,67834,9119,3121,0,114,14,14,14,True,0.0099015509,22,61.25,49044,6.9
651,37460,"Panama City-Panama City Beach, FL",labor_force_participation_pct,114,114,0,0,61.623684,61.2,1.8446432,59.3,60.6,61.9,65.2,59.3,65.2,1.3,0.7,0,114,14,14,14,True,0.0099015509,22,61.25,49044,6.9
655,37620,"Parkersburg-Vienna, WV",startup_rate,68,68,0,0,4.6694384,4.0995659,2.7550749,0.57377049,2.7162798,6.0762497,9.8108108,0,12.195122,3.3599699,1.6380284,5.8823529,68,10,14,10,False,-0.0033766234,20.1,56.05,44299,6.8
655,37620,"Parkersburg-Vienna, WV",employment_growth,68,50,18,26.470588,-0.001552563,-0.0032291524,0.055544276,-0.078943035,-0.028765762,0.029648574,0.092393784,-0.17410161,0.14926471,0.058414336,0.029834164,0,68,10,14,10,False,-0.0033766234,20.1,56.05,44299,6.8
655,37620,"Parkersburg-Vienna, WV",establishment_growth,68,50,18,26.470588,0.012923314,0,0.052025797,-0.03799306,-0.0080807881,0.018229167,0.087916667,-0.06122449,0.28571429,0.026309955,0.016642667,10,68,10,14,10,False,-0.0033766234,20.1,56.05,44299,6.8
655,37620,"Parkersburg-Vienna, WV",payroll_growth,68,50,18,26.470588,0.036567918,0.029171303,0.086506344,-0.097485022,-0.0049456444,0.059540376,0.21440253,-0.16131707,0.31003862,0.06448602,0.033833465,0,68,10,14,10,False,-0.0033766234,20.1,56.05,44299,6.8
655,37620,"Parkersburg-Vienna, WV",wage_growth,68,50,18,26.470588,0.037981046,0.025818302,0.060507238,-0.0098754424,0.013354933,0.059323528,0.12058812,-0.16159028,0.29630084,0.045968595,0.023735743,0,68,10,14,10,False,-0.0033766234,20.1,56.05,44299,6.8
655,37620,"Parkersburg-Vienna, WV",acs_population_growth,68,63,5,7.3529412,-0.030219512,-0.0029536965,0.10455847,-0.38631563,-0.0057446856,-0.0015809365,-5.4109626e-05,-0.42849647,-5.4109626e-05,0.0041637491,0.0022496568,0,68,10,14,10,False,-0.0033766234,20.1,56.05,44299,6.8
655,37620,"Parkersburg-Vienna, WV",unemployment_rate,68,68,0,0,7.1132353,7.5,1.939988,4.74,5.1,9,10.06,4.6,10.2,3.9,2,0,68,10,14,10,False,-0.0033766234,20.1,56.05,44299,6.8
655,37620,"Parkersburg-Vienna, WV",educational_attainment_pct,68,68,0,0,19.570588,19.6,1.9484444,16.6,17.9,21.2,22.6,16.6,22.6,3.3,1.7,0,68,10,14,10,False,-0.0033766234,20.1,56.05,44299,6.8
655,37620,"Parkersburg-Vienna, WV",median_household_income,68,68,0,0,45943.824,43532,4658.1872,41687,42223,48369,56029,41687,56029,6146,1839,0,68,10,14,10,False,-0.0033766234,20.1,56.05,44299,6.8
655,37620,"Parkersburg-Vienna, WV",labor_force_participation_pct,68,68,0,0,56.225,56.5,1.5073328,54.135,54.8,57.7,58.3,54.1,58.3,2.9,1.4,0,68,10,14,10,False,-0.0033766234,20.1,56.05,44299,6.8
658,37860,"Pensacola-Ferry Pass-Brent, FL",startup_rate,228,228,0,0,7.6480218,7.6146296,3.9505553,0,5.3715438,10.02193,14.056023,0,18.75,4.650386,2.3265693,10.087719,228,19,14,19,True,0.013034169,26,60.6,51244.5,7.4
658,37860,"Pensacola-Ferry Pass-Brent, FL",employment_growth,228,211,17,7.4561404,0.020942583,0.022730276,0.055502296,-0.059150419,-0.011771388,0.050275629,0.10529478,-0.18501583,0.25270758,0.062047017,0.031545914,0,228,19,14,19,True,0.013034169,26,60.6,51244.5,7.4
658,37860,"Pensacola-Ferry Pass-Brent, FL",establishment_growth,228,211,17,7.4561404,0.019615399,0.015540016,0.048559786,-0.044309857,-0.00543852,0.046337684,0.093251124,-0.16666667,0.19708029,0.051776204,0.024714222,4.2654028,228,19,14,19,True,0.013034169,26,60.6,51244.5,7.4
658,37860,"Pensacola-Ferry Pass-Brent, FL",payroll_growth,228,211,17,7.4561404,0.059529319,0.056418564,0.070007044,-0.044575124,0.020945771,0.099517801,0.17335411,-0.21066812,0.30994812,0.07857203,0.037418483,0,228,19,14,19,True,0.013034169,26,60.6,51244.5,7.4
658,37860,"Pensacola-Ferry Pass-Brent, FL",wage_growth,228,211,17,7.4561404,0.038175992,0.033682335,0.048670772,-0.022739717,0.01242179,0.061487336,0.11635262,-0.18872584,0.24764532,0.049065547,0.023122608,0,228,19,14,19,True,0.013034169,26,60.6,51244.5,7.4
658,37860,"Pensacola-Ferry Pass-Brent, FL",acs_population_growth,228,211,17,7.4561404,0.011370564,0.013034169,0.0031600629,0.0044035372,0.0097886934,0.013137628,0.016450724,0.0044035372,0.016450724,0.0033489342,0.0019958259,0,228,19,14,19,True,0.013034169,26,60.6,51244.5,7.4
658,37860,"Pensacola-Ferry Pass-Brent, FL",unemployment_rate,228,228,0,0,8.1758772,7.9,2.2449918,5.4,5.9,10.5,11.7,5.4,11.7,4.6,2.1,0,228,19,14,19,True,0.013034169,26,60.6,51244.5,7.4
658,37860,"Pensacola-Ferry Pass-Brent, FL",educational_attainment_pct,228,228,0,0,26.065351,25.6,1.7932771,23.9,24.5,27.2,29.7,23.9,29.7,2.7,1.5,0,228,19,14,19,True,0.013034169,26,60.6,51244.5,7.4
658,37860,"Pensacola-Ferry Pass-Brent, FL",median_household_income,228,228,0,0,54636.658,50563,8084.6776,47330,48594,58759,73588,47330,73588,10165,2488,0,228,19,14,19,True,0.013034169,26,60.6,51244.5,7.4
658,37860,"Pensacola-Ferry Pass-Brent, FL",labor_force_participation_pct,228,228,0,0,61.050877,60.8,1.0574881,59.6,60.2,62,62.7,59.6,62.7,1.8,0.7,0,228,19,14,19,True,0.013034169,26,60.6,51244.5,7.4
659,37900,"Peoria, IL",startup_rate,77,77,0,0,4.3376317,4.1841004,1.8389587,1.4570549,3.2374101,5.7736721,7.0422763,0,10.26616,2.536262,1.4349595,1.2987013,77,11,14,11,False,-0.00077319384,27.55,63.25,56706,6.65
659,37900,"Peoria, IL",employment_growth,77,65,12,15.584416,0.00072338227,0.0027048803,0.054110961,-0.081821692,-0.017799744,0.025812274,0.06963341,-0.20493944,0.19385204,0.043612019,0.023107394,0,77,11,14,11,False,-0.00077319384,27.55,63.25,56706,6.65
659,37900,"Peoria, IL",establishment_growth,77,65,12,15.584416,-0.0080729894,-0.0057971014,0.025301477,-0.050774775,-0.017214397,0.0059311981,0.019985876,-0.11356467,0.063492063,0.023145596,0.011615834,1.5384615,77,11,14,11,False,-0.00077319384,27.55,63.25,56706,6.65
659,37900,"Peoria, IL",payroll_growth,77,65,12,15.584416,0.030902168,0.033201177,0.07997935,-0.093802479,-0.010271379,0.066201561,0.16322584,-0.20336152,0.21889059,0.076472939,0.037085879,0,77,11,14,11,False,-0.00077319384,27.55,63.25,56706,6.65
659,37900,"Peoria, IL",wage_growth,77,65,12,15.584416,0.029452395,0.03102552,0.042835625,-0.033273265,0.010134266,0.049249994,0.089344018,-0.097311823,0.16851216,0.039115728,0.019448096,0,77,11,14,11,False,-0.00077319384,27.55,63.25,56706,6.65
659,37900,"Peoria, IL",acs_population_growth,77,68,9,11.688312,0.00048592717,0.00020517515,0.032491103,-0.060834832,-0.0062440318,0.0033764906,0.086684685,-0.089441925,0.086684685,0.0096205224,0.0039565497,0,77,11,14,11,False,-0.00077319384,27.55,63.25,56706,6.65
659,37900,"Peoria, IL",unemployment_rate,77,77,0,0,6.7480519,6.8,0.91516613,5.26,5.9,7.4,8.2,5.1,8.2,1.5,0.7,0,77,11,14,11,False,-0.00077319384,27.55,63.25,56706,6.65
659,37900,"Peoria, IL",educational_attainment_pct,77,77,0,0,27.246753,27,1.6567711,25.4,26,28.2,30.08,25.4,31.6,2.2,1,0,77,11,14,11,False,-0.00077319384,27.55,63.25,56706,6.65
659,37900,"Peoria, IL",median_household_income,77,77,0,0,57203.117,54860,5072.8465,52451,53777,59397,68348.8,52451,70872,5620,2409,0,77,11,14,11,False,-0.00077319384,27.55,63.25,56706,6.65
659,37900,"Peoria, IL",labor_force_participation_pct,77,77,0,0,63.298701,63.8,1.54643,60.8,62.1,64.7,65,60.8,65,2.6,1.1,0,77,11,14,11,False,-0.00077319384,27.55,63.25,56706,6.65
662,37980,"Philadelphia-Camden-Wilmington, PA-NJ-DE-MD",startup_rate,179,179,0,0,7.7747503,7.5630252,2.3844719,4.3241107,6.225616,9.4068753,11.204352,0.89641434,16.699246,3.1812593,1.5376704,0,179,17,14,17,True,0.0029635957,35.85,65.55,65118.5,7.75
662,37980,"Philadelphia-Camden-Wilmington, PA-NJ-DE-MD",employment_growth,179,151,28,15.642458,0.01021374,0.01282395,0.056639287,-0.066040174,-0.00080955355,0.028329817,0.086267634,-0.33586947,0.15927372,0.029139371,0.014769475,0,179,17,14,17,True,0.0029635957,35.85,65.55,65118.5,7.75
662,37980,"Philadelphia-Camden-Wilmington, PA-NJ-DE-MD",establishment_growth,179,151,28,15.642458,0.015704818,0.013035901,0.027914446,-0.01793623,0.0004948881,0.02671332,0.063195025,-0.1118515,0.13849959,0.026218431,0.013035901,1.3245033,179,17,14,17,True,0.0029635957,35.85,65.55,65118.5,7.75
662,37980,"Philadelphia-Camden-Wilmington, PA-NJ-DE-MD",payroll_growth,179,151,28,15.642458,0.043195863,0.038467253,0.059021073,-0.010754382,0.024296476,0.05457638,0.13190126,-0.26565785,0.2798346,0.030279904,0.015483607,0,179,17,14,17,True,0.0029635957,35.85,65.55,65118.5,7.75
662,37980,"Philadelphia-Camden-Wilmington, PA-NJ-DE-MD",wage_growth,179,151,28,15.642458,0.033195253,0.024730759,0.031220879,-0.0023381743,0.015819061,0.047430001,0.084121392,-0.043866863,0.20509067,0.031610939,0.013901463,0,179,17,14,17,True,0.0029635957,35.85,65.55,65118.5,7.75
662,37980,"Philadelphia-Camden-Wilmington, PA-NJ-DE-MD",acs_population_growth,179,166,13,7.2625698,0.0042131298,0.0029635957,0.00482691,0.00062713868,0.0019949699,0.0042593453,0.020159369,0.00062713868,0.020159369,0.0022643754,0.0012957496,0,179,17,14,17,True,0.0029635957,35.85,65.55,65118.5,7.75
662,37980,"Philadelphia-Camden-Wilmington, PA-NJ-DE-MD",unemployment_rate,179,179,0,0,7.7759777,8.1,1.5331298,5.9,6.1,9.1,10.2,5.9,10.2,3,1.8,0,179,17,14,17,True,0.0029635957,35.85,65.55,65118.5,7.75
662,37980,"Philadelphia-Camden-Wilmington, PA-NJ-DE-MD",educational_attainment_pct,179,179,0,0,36.26257,35.5,2.9764235,32.3,33.6,38.7,41.5,32.3,41.5,5.1,2.4,0,179,17,14,17,True,0.0029635957,35.85,65.55,65118.5,7.75
662,37980,"Philadelphia-Camden-Wilmington, PA-NJ-DE-MD",median_household_income,179,179,0,0,69379.274,63952,9349.6674,60259,61927,74825,89273,60259,89273,12898,2456,0,179,17,14,17,True,0.0029635957,35.85,65.55,65118.5,7.75
662,37980,"Philadelphia-Camden-Wilmington, PA-NJ-DE-MD",labor_force_participation_pct,179,179,0,0,65.531285,65.7,0.3090835,65,65.3,65.8,65.9,65,65.9,0.5,0.2,0,179,17,14,17,True,0.0029635957,35.85,65.55,65118.5,7.75
663,38060,"Phoenix-Mesa-Chandler, AZ",startup_rate,257,257,0,0,9.4740728,9.7333333,3.0197675,4.3672135,7.9172345,11.355034,14.140144,1.0845987,18.070652,3.4377995,1.6600316,0,257,19,14,19,True,0.016225003,30.05,63.25,56581,6.6
663,38060,"Phoenix-Mesa-Chandler, AZ",employment_growth,257,237,20,7.7821012,0.028493197,0.030826632,0.051148674,-0.043512371,0.0077816719,0.050645925,0.10752039,-0.27394583,0.19293248,0.042864253,0.022663367,0,257,19,14,19,True,0.016225003,30.05,63.25,56581,6.6
663,38060,"Phoenix-Mesa-Chandler, AZ",establishment_growth,257,237,20,7.7821012,0.035993572,0.023825732,0.064197593,-0.040347786,-0.011412708,0.070225873,0.1350264,-0.09902893,0.36892231,0.081638581,0.039656029,0.42194093,257,19,14,19,True,0.016225003,30.05,63.25,56581,6.6
663,38060,"Phoenix-Mesa-Chandler, AZ",payroll_growth,257,237,20,7.7821012,0.063089736,0.061520565,0.054939297,-0.006257646,0.035847525,0.089178766,0.15222981,-0.17390676,0.24494464,0.05333124,0.027125353,0,257,19,14,19,True,0.016225003,30.05,63.25,56581,6.6
663,38060,"Phoenix-Mesa-Chandler, AZ",wage_growth,257,237,20,7.7821012,0.034284788,0.030597224,0.038662587,-0.019488556,0.013848594,0.051182471,0.090308091,-0.12120878,0.21185166,0.037333877,0.018952485,0,257,19,14,19,True,0.016225003,30.05,63.25,56581,6.6
663,38060,"Phoenix-Mesa-Chandler, AZ",acs_population_growth,257,239,18,7.0038911,0.01478302,0.016225003,0.0091636806,-0.014922213,0.015829295,0.017749435,0.024686486,-0.014922213,0.024686486,0.0019201397,0.0015244323,0,257,19,14,19,True,0.016225003,30.05,63.25,56581,6.6
663,38060,"Phoenix-Mesa-Chandler, AZ",unemployment_rate,257,257,0,0,6.8019455,6.2,1.7073246,4.7,5.2,8.4,9.7,4.7,9.7,3.2,1.3,0,257,19,14,19,True,0.016225003,30.05,63.25,56581,6.6
663,38060,"Phoenix-Mesa-Chandler, AZ",educational_attainment_pct,257,257,0,0,30.55214,30.3,2.1142571,28.1,28.7,32.2,34.6,28.1,34.6,3.5,1.8,0,257,19,14,19,True,0.016225003,30.05,63.25,56581,6.6
663,38060,"Phoenix-Mesa-Chandler, AZ",median_household_income,257,257,0,0,61949.156,57935,10210.561,53228,54022,67068,84703,53228,84703,13046,4625,0,257,19,14,19,True,0.016225003,30.05,63.25,56581,6.6
663,38060,"Phoenix-Mesa-Chandler, AZ",labor_force_participation_pct,257,257,0,0,63.26965,63.3,0.87688028,62.1,62.5,63.9,64.9,62.1,64.9,1.4,0.8,0,257,19,14,19,True,0.016225003,30.05,63.25,56581,6.6
668,38240,"Pinehurst-Southern Pines, NC",startup_rate,166,166,0,0,6.8527662,6.25,4.1174251,0,4.6920956,9.018467,14.034598,0,21.73913,4.3263714,1.9426407,10.843373,166,19,14,19,True,,40.9,57.3,82837,4.6
668,38240,"Pinehurst-Southern Pines, NC",employment_growth,166,150,16,9.6385542,0.027650743,0.032919319,0.073264545,-0.078830818,-0.0019299389,0.057779926,0.1314229,-0.27680798,0.27575758,0.059709865,0.030261003,0.66666667,166,19,14,19,True,,40.9,57.3,82837,4.6
668,38240,"Pinehurst-Southern Pines, NC",establishment_growth,166,150,16,9.6385542,0.034407426,0.026315789,0.062126682,-0.051749685,0,0.06850828,0.14195171,-0.1025641,0.30952381,0.06850828,0.035101485,4,166,19,14,19,True,,40.9,57.3,82837,4.6
668,38240,"Pinehurst-Southern Pines, NC",payroll_growth,166,150,16,9.6385542,0.062437106,0.055266379,0.094731997,-0.058830376,0.022887116,0.10059095,0.22823956,-0.26732496,0.63209891,0.077703839,0.03972325,0,166,19,14,19,True,,40.9,57.3,82837,4.6
668,38240,"Pinehurst-Southern Pines, NC",wage_growth,166,150,16,9.6385542,0.033914492,0.028609237,0.053392755,-0.030487886,0.0033711793,0.061733732,0.10126646,-0.20977321,0.27931941,0.058362553,0.029519142,0,166,19,14,19,True,,40.9,57.3,82837,4.6
668,38240,"Pinehurst-Southern Pines, NC",acs_population_growth,166,0,166,100,,,,,,,,,,,,,166,19,14,19,True,,40.9,57.3,82837,4.6
668,38240,"Pinehurst-Southern Pines, NC",unemployment_rate,166,13,153,92.168675,4.6,4.6,9.2444541e-16,4.6,4.6,4.6,4.6,4.6,4.6,0,0,0,166,19,14,19,True,,40.9,57.3,82837,4.6
668,38240,"Pinehurst-Southern Pines, NC",educational_attainment_pct,166,13,153,92.168675,40.9,40.9,7.3955633e-15,40.9,40.9,40.9,40.9,40.9,40.9,0,0,0,166,19,14,19,True,,40.9,57.3,82837,4.6
668,38240,"Pinehurst-Southern Pines, NC",median_household_income,166,13,153,92.168675,82837,82837,0,82837,82837,82837,82837,82837,82837,0,0,0,166,19,14,19,True,,40.9,57.3,82837,4.6
668,38240,"Pinehurst-Southern Pines, NC",labor_force_participation_pct,166,13,153,92.168675,57.3,57.3,1.4791127e-14,57.3,57.3,57.3,57.3,57.3,57.3,0,0,0,166,19,14,19,True,,40.9,57.3,82837,4.6
670,38300,"Pittsburgh, PA",startup_rate,249,249,0,0,5.8355195,5.8755494,2.4550199,2.040921,4.3705942,7.2714183,9.3834416,0,19.047619,2.9008241,1.4663687,0.80321285,249,19,14,19,True,-0.00023067337,33,62.7,55046.5,5.95
670,38300,"Pittsburgh, PA",employment_growth,249,233,16,6.4257028,0.0037843678,0.0048052009,0.059128729,-0.080700731,-0.011683686,0.02514261,0.096205607,-0.31024014,0.24174053,0.036826296,0.01803081,0,249,19,14,19,True,-0.00023067337,33,62.7,55046.5,5.95
670,38300,"Pittsburgh, PA",establishment_growth,249,233,16,6.4257028,0.007380803,0.0048104131,0.02830601,-0.026206783,-0.0066396164,0.021090909,0.053129042,-0.13751375,0.10638298,0.027730525,0.013776947,2.1459227,249,19,14,19,True,-0.00023067337,33,62.7,55046.5,5.95
670,38300,"Pittsburgh, PA",payroll_growth,249,233,16,6.4257028,0.039663965,0.037216619,0.074889588,-0.05871339,0.011221425,0.063022709,0.15122924,-0.2547488,0.38747893,0.051801285,0.025995194,0,249,19,14,19,True,-0.00023067337,33,62.7,55046.5,5.95
670,38300,"Pittsburgh, PA",wage_growth,249,233,16,6.4257028,0.035619343,0.032266228,0.037926446,-0.012535986,0.017773434,0.051246432,0.092533019,-0.12358365,0.27034214,0.033472998,0.015549498,0,249,19,14,19,True,-0.00023067337,33,62.7,55046.5,5.95
670,38300,"Pittsburgh, PA",acs_population_growth,249,234,15,6.0240964,0.0026562802,-0.00023067337,0.010099058,-0.0036300061,-0.0028803453,8.9915509e-05,0.03315154,-0.0036300061,0.03315154,0.0029702608,0.0014650136,0,249,19,14,19,True,-0.00023067337,33,62.7,55046.5,5.95
670,38300,"Pittsburgh, PA",unemployment_rate,249,249,0,0,6.1008032,5.7,1.0446481,4.8,5.1,7.1,7.8,4.8,7.8,2,0.9,0,249,19,14,19,True,-0.00023067337,33,62.7,55046.5,5.95
670,38300,"Pittsburgh, PA",educational_attainment_pct,249,249,0,0,32.93253,33.5,3.0648413,28.3,29.9,35.9,37.4,28.3,37.4,6,2.6,0,249,19,14,19,True,-0.00023067337,33,62.7,55046.5,5.95
670,38300,"Pittsburgh, PA",median_household_income,249,249,0,0,57486.582,56073,7931.1118,47497,50935,61969,73942,47497,73942,11034,5138,0,249,19,14,19,True,-0.00023067337,33,62.7,55046.5,5.95
670,38300,"Pittsburgh, PA",labor_force_participation_pct,249,249,0,0,62.693173,62.7,0.23519376,62.1,62.6,62.8,63.1,62.1,63.1,0.2,0.1,0,249,19,14,19,True,-0.00023067337,33,62.7,55046.5,5.95
671,38340,"Pittsfield, MA",startup_rate,218,218,0,0,4.3194777,4.3015726,3.1065118,0,2.1943446,6.5288575,9.1161616,0,14.035088,4.334513,2.1502209,22.018349,218,19,14,19,True,-0.0036845532,32.9,62.95,53721.5,7.15
671,38340,"Pittsfield, MA",employment_growth,218,200,18,8.2568807,0.0026003372,0.00737212,0.091210189,-0.13013793,-0.026469207,0.036733133,0.12745191,-0.60740741,0.36640212,0.06320234,0.032276537,0.5,218,19,14,19,True,-0.0036845532,32.9,62.95,53721.5,7.15
671,38340,"Pittsfield, MA",establishment_growth,218,200,18,8.2568807,0.010615735,0,0.12226537,-0.062297833,-0.019207394,0.025564353,0.09547619,-0.53093363,1.4441624,0.044771747,0.022212589,14,218,19,14,19,True,-0.0036845532,32.9,62.95,53721.5,7.15
671,38340,"Pittsfield, MA",payroll_growth,218,200,18,8.2568807,0.038610984,0.033578429,0.10548812,-0.1124574,0.0074857995,0.079887946,0.18885846,-0.6728508,0.55513526,0.072402147,0.036473481,0,218,19,14,19,True,-0.0036845532,32.9,62.95,53721.5,7.15
671,38340,"Pittsfield, MA",wage_growth,218,200,18,8.2568807,0.036243116,0.03149224,0.057643727,-0.045391199,0.010343204,0.058163854,0.14173663,-0.17301561,0.27404817,0.04782065,0.024500944,0,218,19,14,19,True,-0.0036845532,32.9,62.95,53721.5,7.15
671,38340,"Pittsfield, MA",acs_population_growth,218,201,17,7.7981651,-0.0024176568,-0.0036845532,0.0074308905,-0.0070919201,-0.0056076357,-0.0025253895,0.025109786,-0.0070919201,0.025109786,0.0030822462,0.0013504495,0,218,19,14,19,True,-0.0036845532,32.9,62.95,53721.5,7.15
671,38340,"Pittsfield, MA",unemployment_rate,218,218,0,0,7.1715596,7.5,1.7664874,4.8,5.3,8.9,9.9,4.8,9.9,3.6,1.9,0,218,19,14,19,True,-0.0036845532,32.9,62.95,53721.5,7.15
671,38340,"Pittsfield, MA",educational_attainment_pct,218,218,0,0,33.061009,32.6,2.7994392,29.6,30.3,35.3,38.3,29.6,38.3,5,2.3,0,218,19,14,19,True,-0.0036845532,32.9,62.95,53721.5,7.15
671,38340,"Pittsfield, MA",median_household_income,218,218,0,0,55955.748,52253,7939.2081,47513,48907,62166,72565,47513,72565,13259,3803,0,218,19,14,19,True,-0.0036845532,32.9,62.95,53721.5,7.15
671,38340,"Pittsfield, MA",labor_force_participation_pct,218,218,0,0,62.544954,62.95,0.79896087,61,61.7,63.1,63.5,61,63.5,1.4,0.15,0,218,19,14,19,True,-0.0036845532,32.9,62.95,53721.5,7.15
676,38540,"Pocatello, ID",startup_rate,178,178,0,0,5.948119,6.0919928,4.173382,0,3.4472075,8.3333333,12.799887,0,18.75,4.8861258,2.2581077,20.786517,178,17,14,17,True,0.0036466043,27,62.3,46433,6.4
676,38540,"Pocatello, ID",employment_growth,178,164,14,7.8651685,0.015297594,0.015240485,0.081561761,-0.10146083,-0.018589901,0.04569302,0.13777502,-0.33714286,0.38020833,0.064282921,0.033720942,2.4390244,178,17,14,17,True,0.0036466043,27,62.3,46433,6.4
676,38540,"Pocatello, ID",establishment_growth,178,164,14,7.8651685,0.030326924,0.021052696,0.06960213,-0.063486088,-0.0091998616,0.066068492,0.15108959,-0.2,0.27272727,0.075268354,0.037105833,9.1463415,178,17,14,17,True,0.0036466043,27,62.3,46433,6.4
676,38540,"Pocatello, ID",payroll_growth,178,164,14,7.8651685,0.050117392,0.045503253,0.10998455,-0.1160692,0.0046327169,0.088616882,0.23616065,-0.35973819,0.60545292,0.083984165,0.041773111,0,178,17,14,17,True,0.0036466043,27,62.3,46433,6.4
676,38540,"Pocatello, ID",wage_growth,178,164,14,7.8651685,0.033847455,0.031085474,0.060727177,-0.040532987,0.0061669041,0.062537199,0.12565065,-0.33063125,0.26880546,0.056370295,0.027995727,0,178,17,14,17,True,0.0036466043,27,62.3,46433,6.4
676,38540,"Pocatello, ID",acs_population_growth,178,166,12,6.741573,0.0036684245,0.0036466043,0.039820278,-0.077960812,0.0025181668,0.011318108,0.0984071,-0.079844077,0.0984071,0.008799941,0.0064244604,0,178,17,14,17,True,0.0036466043,27,62.3,46433,6.4
676,38540,"Pocatello, ID",unemployment_rate,178,178,0,0,6.3573034,6.3,1.0043845,4.6,5.5,7.2,7.86,4.6,8.2,1.7,0.8,0,178,17,14,17,True,0.0036466043,27,62.3,46433,6.4
676,38540,"Pocatello, ID",educational_attainment_pct,178,178,0,0,27.256742,27.2,1.0567964,26.1,26.4,27.7,30.2,26.1,30.2,1.3,0.6,0,178,17,14,17,True,0.0036466043,27,62.3,46433,6.4
676,38540,"Pocatello, ID",median_household_income,178,178,0,0,49769.028,47390,6380.277,43742.25,44465,51914,64080,43534,64080,7449,3611,0,178,17,14,17,True,0.0036466043,27,62.3,46433,6.4
676,38540,"Pocatello, ID",labor_force_participation_pct,178,178,0,0,62.920787,62.1,2.2389125,59,61.7,64.7,66.7,59,66.7,3,1.2,0,178,17,14,17,True,0.0036466043,27,62.3,46433,6.4
682,38860,"Portland-South Portland, ME",startup_rate,186,186,0,0,6.4225346,6.4316145,2.063068,3.2327586,5.109883,7.9024649,9.4247043,0,12.031048,2.792582,1.4149545,1.0752688,186,14,14,14,True,0.0051990939,38.35,67.8,62239,4.55
682,38860,"Portland-South Portland, ME",employment_growth,186,171,15,8.0645161,0.011590858,0.016400829,0.050166039,-0.069475061,-0.0022029579,0.033034414,0.0689051,-0.27329213,0.15813171,0.035237372,0.017185635,0,186,14,14,14,True,0.0051990939,38.35,67.8,62239,4.55
682,38860,"Portland-South Portland, ME",establishment_growth,186,171,15,8.0645161,0.03365774,0.019363762,0.069859824,-0.027720949,0.0012684179,0.044515576,0.12446715,-0.070577452,0.52478134,0.043247158,0.020841542,1.1695906,186,14,14,14,True,0.0051990939,38.35,67.8,62239,4.55
682,38860,"Portland-South Portland, ME",payroll_growth,186,171,15,8.0645161,0.054438582,0.054213643,0.058556026,-0.011534203,0.028320314,0.079887738,0.12702517,-0.22630865,0.34654625,0.051567424,0.025735392,0,186,14,14,14,True,0.0051990939,38.35,67.8,62239,4.55
682,38860,"Portland-South Portland, ME",wage_growth,186,171,15,8.0645161,0.042604435,0.036654581,0.032789961,0.0027489043,0.024888571,0.055610446,0.10491923,-0.079875828,0.1649804,0.030721875,0.01557358,0,186,14,14,14,True,0.0051990939,38.35,67.8,62239,4.55
682,38860,"Portland-South Portland, ME",acs_population_growth,186,173,13,6.9892473,0.0065216086,0.0051990939,0.0050173425,0.00196438,0.003630644,0.007966922,0.021401642,0.00196438,0.021401642,0.0043362779,0.0027659377,0,186,14,14,14,True,0.0051990939,38.35,67.8,62239,4.55
682,38860,"Portland-South Portland, ME",unemployment_rate,186,186,0,0,4.7069892,4.3,1.2381349,3.3,3.4,6,6.6,3.3,6.6,2.6,0.95,0,186,14,14,14,True,0.0051990939,38.35,67.8,62239,4.55
682,38860,"Portland-South Portland, ME",educational_attainment_pct,186,186,0,0,38.743548,38.8,3.2877144,33.8,35.7,41.2,44.6,33.8,44.6,5.5,2.5,0,186,14,14,14,True,0.0051990939,38.35,67.8,62239,4.55
682,38860,"Portland-South Portland, ME",median_household_income,186,186,0,0,66391.022,63992,10486.008,55380,57371,72552,88602,55380,88602,15181,7031,0,186,14,14,14,True,0.0051990939,38.35,67.8,62239,4.55
682,38860,"Portland-South Portland, ME",labor_force_participation_pct,186,186,0,0,67.880108,67.8,0.62461403,66.7,67.6,68.3,69,66.7,69,0.7,0.2,0,186,14,14,14,True,0.0051990939,38.35,67.8,62239,4.55
683,38900,"Portland-Vancouver-Hillsboro, OR-WA",startup_rate,135,135,0,0,8.159897,8.4579439,2.0604152,4.3971756,6.6219118,9.5758099,11.226136,3.488813,12.577833,2.9538981,1.573404,0,135,13,14,13,True,0.012534226,37.35,66.85,64714.5,6.7
683,38900,"Portland-Vancouver-Hillsboro, OR-WA",employment_growth,135,112,23,17.037037,0.020322279,0.024044153,0.063243736,-0.054636414,0.0063477816,0.041885324,0.087496043,-0.36490342,0.27668111,0.035537542,0.017839244,0,135,13,14,13,True,0.012534226,37.35,66.85,64714.5,6.7
683,38900,"Portland-Vancouver-Hillsboro, OR-WA",establishment_growth,135,112,23,17.037037,0.022257439,0.026376826,0.045564174,-0.011565988,0.0060734727,0.039651846,0.072816054,-0.29978338,0.16730486,0.033578373,0.015402381,0,135,13,14,13,True,0.012534226,37.35,66.85,64714.5,6.7
683,38900,"Portland-Vancouver-Hillsboro, OR-WA",payroll_growth,135,112,23,17.037037,0.063335355,0.067221994,0.067096043,-0.019661428,0.034128421,0.097337709,0.14199452,-0.2837445,0.25859365,0.063209288,0.031965542,0,135,13,14,13,True,0.012534226,37.35,66.85,64714.5,6.7
683,38900,"Portland-Vancouver-Hillsboro, OR-WA",wage_growth,135,112,23,17.037037,0.042703594,0.039893966,0.033789435,-0.0066188618,0.026996787,0.059920873,0.10243619,-0.075075288,0.19067288,0.032924086,0.016734908,0,135,13,14,13,True,0.012534226,37.35,66.85,64714.5,6.7
683,38900,"Portland-Vancouver-Hillsboro, OR-WA",acs_population_growth,135,126,9,6.6666667,0.010970651,0.012534226,0.0039784157,0.0020823754,0.0083529672,0.013631268,0.015068616,0.0020823754,0.015068616,0.0052783012,0.0012402654,0,135,13,14,13,True,0.012534226,37.35,66.85,64714.5,6.7
683,38900,"Portland-Vancouver-Hillsboro, OR-WA",unemployment_rate,135,135,0,0,7.0340741,6.2,2.1086943,4.7,5.1,9.4,10.5,4.7,10.5,4.3,1.4,0,135,13,14,13,True,0.012534226,37.35,66.85,64714.5,6.7
683,38900,"Portland-Vancouver-Hillsboro, OR-WA",educational_attainment_pct,135,135,0,0,37.677778,37.9,3.0199255,33.4,34.5,40.7,42.1,33.4,42.1,6.2,3.1,0,135,13,14,13,True,0.012534226,37.35,66.85,64714.5,6.7
683,38900,"Portland-Vancouver-Hillsboro, OR-WA",median_household_income,135,135,0,0,70143.726,66657,13008.374,56275,58110,80206,94573,56275,94573,22096,8761,0,135,13,14,13,True,0.012534226,37.35,66.85,64714.5,6.7
683,38900,"Portland-Vancouver-Hillsboro, OR-WA",labor_force_participation_pct,135,135,0,0,67.065926,66.8,0.65233941,66.4,66.6,67.3,68.6,66.4,68.6,0.7,0.2,0,135,13,14,13,True,0.012534226,37.35,66.85,64714.5,6.7
685,38940,"Port St. Lucie, FL",startup_rate,204,204,0,0,9.0716259,8.9667651,3.1423176,4.410421,7.4764334,10.988915,13.451873,0,20.972644,3.5124812,1.6595102,3.4313725,204,18,14,18,True,0.016233234,24.1,54.4,48768,8.3
685,38940,"Port St. Lucie, FL",employment_growth,204,186,18,8.8235294,0.029539077,0.03325611,0.057974796,-0.075783546,0.0034189261,0.060024714,0.12282836,-0.19873817,0.22020997,0.056605788,0.028889864,0,204,18,14,18,True,0.016233234,24.1,54.4,48768,8.3
685,38940,"Port St. Lucie, FL",establishment_growth,204,186,18,8.8235294,0.030879951,0.025482506,0.045829213,-0.03025181,0.0040000061,0.044838057,0.115206,-0.080174021,0.28888889,0.040838051,0.02043517,3.2258065,204,18,14,18,True,0.016233234,24.1,54.4,48768,8.3
685,38940,"Port St. Lucie, FL",payroll_growth,204,186,18,8.8235294,0.066198608,0.068838896,0.083418468,-0.062083518,0.030589636,0.10720948,0.19435624,-0.27360028,0.28039245,0.076619844,0.03892791,0,204,18,14,18,True,0.016233234,24.1,54.4,48768,8.3
685,38940,"Port St. Lucie, FL",wage_growth,204,186,18,8.8235294,0.035746407,0.032686631,0.060851858,-0.058146714,0.010501264,0.057055204,0.13584736,-0.25790459,0.25463925,0.04655394,0.023069536,0,204,18,14,18,True,0.016233234,24.1,54.4,48768,8.3
685,38940,"Port St. Lucie, FL",acs_population_growth,204,190,14,6.8627451,0.015794711,0.016233234,0.0058131038,0.0032991644,0.011298948,0.019120669,0.025542371,0.0032991644,0.025542371,0.0078217217,0.0035162634,0,204,18,14,18,True,0.016233234,24.1,54.4,48768,8.3
685,38940,"Port St. Lucie, FL",unemployment_rate,204,204,0,0,8.9480392,7.2,3.5704239,5.1,5.4,12.7,14.5,5.1,14.5,7.3,2.1,0,204,18,14,18,True,0.016233234,24.1,54.4,48768,8.3
685,38940,"Port St. Lucie, FL",educational_attainment_pct,204,204,0,0,24.933333,24.1,2.1905904,22.1,23.2,26.3,29.1,22.1,29.1,3.1,1.5,0,204,18,14,18,True,0.016233234,24.1,54.4,48768,8.3
685,38940,"Port St. Lucie, FL",median_household_income,204,204,0,0,53486.691,50045,8939.8238,45484,46293,58039,72506,45484,72506,11746,4293,0,204,18,14,18,True,0.016233234,24.1,54.4,48768,8.3
685,38940,"Port St. Lucie, FL",labor_force_participation_pct,204,204,0,0,54.680392,54.4,1.3019908,53.1,53.5,55.5,57.1,53.1,57.1,2,0.9,0,204,18,14,18,True,0.016233234,24.1,54.4,48768,8.3
689,39150,"Prescott Valley-Prescott, AZ",startup_rate,235,235,0,0,6.7741142,7.0351759,3.5389698,0,5.1724138,9.3121797,12.148636,0,14.473684,4.1397659,2.0557332,12.765957,235,19,14,19,True,0.016685969,27.8,48.3,56170,5.4
689,39150,"Prescott Valley-Prescott, AZ",employment_growth,235,218,17,7.2340426,0.031500369,0.029740363,0.10309401,-0.11002038,-0.0084501089,0.063480443,0.16786724,-0.27495908,0.91869919,0.071930552,0.035798113,0.91743119,235,19,14,19,True,0.016685969,27.8,48.3,56170,5.4
689,39150,"Prescott Valley-Prescott, AZ",establishment_growth,235,218,17,7.2340426,0.031933528,0.02089378,0.08722247,-0.07317053,-0.005540293,0.061735366,0.1395933,-0.25,0.55737705,0.067275659,0.032435432,7.7981651,235,19,14,19,True,0.016685969,27.8,48.3,56170,5.4
689,39150,"Prescott Valley-Prescott, AZ",payroll_growth,235,218,17,7.2340426,0.070408015,0.056255535,0.12551983,-0.092342359,0.019108128,0.10978537,0.26371119,-0.24358137,0.88849496,0.090677244,0.045910789,0,235,19,14,19,True,0.016685969,27.8,48.3,56170,5.4
689,39150,"Prescott Valley-Prescott, AZ",wage_growth,235,218,17,7.2340426,0.037651291,0.034819193,0.059720323,-0.050092708,0.010411885,0.059776249,0.13710156,-0.24016711,0.25566825,0.049364364,0.024793988,0,235,19,14,19,True,0.016685969,27.8,48.3,56170,5.4
689,39150,"Prescott Valley-Prescott, AZ",acs_population_growth,235,68,167,71.06383,0.0147103,0.016685969,0.0049788301,0.0059940791,0.016087121,0.017284817,0.018981264,0.0059940791,0.018981264,0.0011976956,0.0005988478,0,235,19,14,19,True,0.016685969,27.8,48.3,56170,5.4
689,39150,"Prescott Valley-Prescott, AZ",unemployment_rate,235,83,152,64.680851,5.1626506,5.4,0.60136245,4.2,4.9,5.7,5.8,4.2,5.8,0.8,0.4,0,235,19,14,19,True,0.016685969,27.8,48.3,56170,5.4
689,39150,"Prescott Valley-Prescott, AZ",educational_attainment_pct,235,83,152,64.680851,27.753012,27.8,1.4093189,25.9,26.3,28.7,29.6,25.9,29.6,2.4,1.5,0,235,19,14,19,True,0.016685969,27.8,48.3,56170,5.4
689,39150,"Prescott Valley-Prescott, AZ",median_household_income,235,83,152,64.680851,58462.614,56170,5390.5526,52451,53329,62430,66106,52451,66106,9101,3719,0,235,19,14,19,True,0.016685969,27.8,48.3,56170,5.4
689,39150,"Prescott Valley-Prescott, AZ",labor_force_participation_pct,235,83,152,64.680851,48.390361,48.3,0.31607905,48,48.1,48.7,48.8,48,48.8,0.6,0.3,0,235,19,14,19,True,0.016685969,27.8,48.3,56170,5.4
691,39300,"Providence-Warwick, RI-MA",startup_rate,182,182,0,0,6.3899128,6.2335019,2.2376992,2.9953295,5.2458229,7.9057591,9.355181,0,15.270936,2.6599362,1.521928,1.0989011,182,16,14,16,True,0.0017104053,30.7,65.45,60117.5,7.4
691,39300,"Providence-Warwick, RI-MA",employment_growth,182,161,21,11.538462,0.0072241926,0.012889529,0.057952338,-0.089619871,-0.0030683151,0.029179979,0.075026187,-0.31035118,0.18016573,0.032248294,0.016146968,0,182,16,14,16,True,0.0017104053,30.7,65.45,60117.5,7.4
691,39300,"Providence-Warwick, RI-MA",establishment_growth,182,161,21,11.538462,0.028600331,0.015928431,0.084977738,-0.01568895,0.0013071895,0.036061026,0.11357062,-0.41957672,0.78230991,0.034753837,0.016372162,0,182,16,14,16,True,0.0017104053,30.7,65.45,60117.5,7.4
691,39300,"Providence-Warwick, RI-MA",payroll_growth,182,161,21,11.538462,0.0421097,0.043072422,0.063650524,-0.059368873,0.022142876,0.071611105,0.12690153,-0.21957236,0.27734173,0.04946823,0.02532631,0,182,16,14,16,True,0.0017104053,30.7,65.45,60117.5,7.4
691,39300,"Providence-Warwick, RI-MA",wage_growth,182,161,21,11.538462,0.03503676,0.034658027,0.033953199,-0.010657213,0.02005597,0.04876244,0.09899874,-0.10575888,0.13161495,0.02870647,0.014602057,0,182,16,14,16,True,0.0017104053,30.7,65.45,60117.5,7.4
691,39300,"Providence-Warwick, RI-MA",acs_population_growth,182,171,11,6.043956,0.0036374932,0.0017104053,0.007921714,-0.00097203557,0.0013133315,0.0017565747,0.028943328,-0.00097203557,0.028943328,0.00044324325,0.00024619294,0,182,16,14,16,True,0.0017104053,30.7,65.45,60117.5,7.4
691,39300,"Providence-Warwick, RI-MA",unemployment_rate,182,182,0,0,7.4642857,6.9,1.7881715,5.4,5.8,9.2,10.3,5.4,10.3,3.4,1.4,0,182,16,14,16,True,0.0017104053,30.7,65.45,60117.5,7.4
691,39300,"Providence-Warwick, RI-MA",educational_attainment_pct,182,182,0,0,31.136813,31,2.0977275,28.4,29.2,33,35,28.4,35,3.8,2,0,182,16,14,16,True,0.0017104053,30.7,65.45,60117.5,7.4
691,39300,"Providence-Warwick, RI-MA",median_household_income,182,182,0,0,64738.396,61536,9975.8247,54920,56066,70676,85646,54920,85646,14610,5612,0,182,16,14,16,True,0.0017104053,30.7,65.45,60117.5,7.4
691,39300,"Providence-Warwick, RI-MA",labor_force_participation_pct,182,182,0,0,65.693956,65.4,0.63760321,65,65.1,66.3,66.8,65,66.8,1.2,0.3,0,182,16,14,16,True,0.0017104053,30.7,65.45,60117.5,7.4
692,39340,"Provo-Orem-Lehi, UT",startup_rate,127,127,0,0,11.375656,11.30186,4.6343497,1.910828,9.0109453,13.968632,16.666667,0,33.333333,4.9576868,2.4055919,5.511811,127,14,14,14,True,0.025612417,38.3,68.15,65368,4.6
692,39340,"Provo-Orem-Lehi, UT",employment_growth,127,108,19,14.96063,0.061246871,0.054901586,0.077224181,-0.030880006,0.014613805,0.092571505,0.17180055,-0.13772455,0.505,0.0779577,0.040606779,0,127,14,14,14,True,0.025612417,38.3,68.15,65368,4.6
692,39340,"Provo-Orem-Lehi, UT",establishment_growth,127,108,19,14.96063,0.040206478,0.039334296,0.043069227,-0.032489841,0.016516517,0.065461205,0.095660485,-0.086956522,0.21198157,0.048944689,0.025304919,2.7777778,127,14,14,14,True,0.025612417,38.3,68.15,65368,4.6
692,39340,"Provo-Orem-Lehi, UT",payroll_growth,127,108,19,14.96063,0.11238491,0.10368359,0.12189273,-0.032590374,0.04636256,0.14722656,0.32870817,-0.26927389,0.71658214,0.100864,0.0559837,0,127,14,14,14,True,0.025612417,38.3,68.15,65368,4.6
692,39340,"Provo-Orem-Lehi, UT",wage_growth,127,108,19,14.96063,0.047013832,0.043685358,0.068326701,-0.043718522,0.024312333,0.073926731,0.1317556,-0.19675626,0.28753743,0.049614398,0.027313266,0,127,14,14,14,True,0.025612417,38.3,68.15,65368,4.6
692,39340,"Provo-Orem-Lehi, UT",acs_population_growth,127,119,8,6.2992126,0.027308004,0.026448307,0.0062117265,0.020779818,0.024179567,0.027801949,0.042304175,0.020779818,0.042304175,0.0036223816,0.0022687399,0,127,14,14,14,True,0.025612417,38.3,68.15,65368,4.6
692,39340,"Provo-Orem-Lehi, UT",unemployment_rate,127,127,0,0,4.7929134,4.3,1.3696936,3.4,3.55,6.1,7.2,3.4,7.2,2.55,0.8,0,127,14,14,14,True,0.025612417,38.3,68.15,65368,4.6
692,39340,"Provo-Orem-Lehi, UT",educational_attainment_pct,127,127,0,0,38.81811,38.9,2.833289,35,36,41.3,43.4,35,43.4,5.3,2.9,0,127,14,14,14,True,0.025612417,38.3,68.15,65368,4.6
692,39340,"Provo-Orem-Lehi, UT",median_household_income,127,127,0,0,71207.402,66742,12512.521,56770,59993,79803,96745,56770,96745,19810,7638,0,127,14,14,14,True,0.025612417,38.3,68.15,65368,4.6
692,39340,"Provo-Orem-Lehi, UT",labor_force_participation_pct,127,127,0,0,68.962992,68.2,1.3704827,67.6,67.9,70.05,71.7,67.6,71.7,2.15,0.6,0,127,14,14,14,True,0.025612417,38.3,68.15,65368,4.6
693,39380,"Pueblo, CO",startup_rate,215,215,0,0,5.8723263,5.7823129,3.7729845,0,3.7818362,8.3134513,12.141211,0,17.241379,4.5316151,2.373222,17.209302,215,19,14,19,True,0.0061355864,21.65,56.75,42193,9.45
693,39380,"Pueblo, CO",employment_growth,215,197,18,8.372093,0.011568105,0.0082288401,0.082359108,-0.10831745,-0.021613117,0.038872692,0.12779444,-0.39622642,0.35433071,0.060485809,0.030375751,0.50761421,215,19,14,19,True,0.0061355864,21.65,56.75,42193,9.45
693,39380,"Pueblo, CO",establishment_growth,215,197,18,8.372093,0.017212335,0.009478673,0.064123587,-0.081757901,-0.0095238095,0.048672566,0.10725275,-0.2,0.28211587,0.058196376,0.028709442,11.167513,215,19,14,19,True,0.0061355864,21.65,56.75,42193,9.45
693,39380,"Pueblo, CO",payroll_growth,215,197,18,8.372093,0.048520127,0.045477064,0.086866502,-0.071387929,0.0061012593,0.078819873,0.20243242,-0.36428098,0.43304818,0.072718614,0.038285465,0,215,19,14,19,True,0.0061355864,21.65,56.75,42193,9.45
693,39380,"Pueblo, CO",wage_growth,215,197,18,8.372093,0.038531262,0.036876654,0.066728638,-0.03583126,0.0078134717,0.061477027,0.12838322,-0.24725797,0.42808492,0.053663556,0.026535644,0,215,19,14,19,True,0.0061355864,21.65,56.75,42193,9.45
693,39380,"Pueblo, CO",acs_population_growth,215,197,18,8.372093,0.006009719,0.0061355864,0.0026192312,0.00024490479,0.0040727846,0.0078756414,0.010893218,0.00024490479,0.010893218,0.0038028568,0.0019259679,0,215,19,14,19,True,0.0061355864,21.65,56.75,42193,9.45
693,39380,"Pueblo, CO",unemployment_rate,215,215,0,0,8.9069767,9.6,1.9611883,5.4,6.9,10.8,11.6,5.4,11.6,3.9,1.3,0,215,19,14,19,True,0.0061355864,21.65,56.75,42193,9.45
693,39380,"Pueblo, CO",educational_attainment_pct,215,215,0,0,22.116744,21.6,1.1897532,20.9,21.4,22.9,25,20.9,25,1.5,0.4,0,215,19,14,19,True,0.0061355864,21.65,56.75,42193,9.45
693,39380,"Pueblo, CO",median_household_income,215,215,0,0,46158.958,42000,6776.0765,40699,41777,49979,62250,40699,62250,8202,1301,0,215,19,14,19,True,0.0061355864,21.65,56.75,42193,9.45
693,39380,"Pueblo, CO",labor_force_participation_pct,215,215,0,0,57.35907,56.9,1.3646742,55.7,56.3,58.5,59.6,55.7,59.6,2.2,1.1,0,215,19,14,19,True,0.0061355864,21.65,56.75,42193,9.45
695,39460,"Punta Gorda, FL",startup_rate,225,225,0,0,8.1035335,8.2039911,4.8137709,0,5.5263158,11.111111,15.242846,0,22.222222,5.5847953,2.8468483,16,225,19,14,19,True,0.021185791,22,42.55,45811.5,9.5
695,39460,"Punta Gorda, FL",employment_growth,225,208,17,7.5555556,0.036607301,0.023859628,0.13670202,-0.11640316,-0.014891915,0.077385145,0.20040699,-0.47306792,0.8028169,0.09227706,0.049245815,1.4423077,225,19,14,19,True,0.021185791,22,42.55,45811.5,9.5
695,39460,"Punta Gorda, FL",establishment_growth,225,208,17,7.5555556,0.027364074,0.017309349,0.068948974,-0.06534749,0,0.056338028,0.13667464,-0.33333333,0.3,0.056338028,0.03094462,9.1346154,225,19,14,19,True,0.021185791,22,42.55,45811.5,9.5
695,39460,"Punta Gorda, FL",payroll_growth,225,208,17,7.5555556,0.08490019,0.067290156,0.2616838,-0.11434671,0.027627866,0.12702875,0.26971059,-0.6815215,3.3065695,0.099400887,0.050638869,0,225,19,14,19,True,0.021185791,22,42.55,45811.5,9.5
695,39460,"Punta Gorda, FL",wage_growth,225,208,17,7.5555556,0.047806941,0.036769559,0.2014082,-0.052923834,0.011161376,0.071795664,0.13675439,-0.65403627,2.6930423,0.060634288,0.031036822,0,225,19,14,19,True,0.021185791,22,42.55,45811.5,9.5
695,39460,"Punta Gorda, FL",acs_population_growth,225,208,17,7.5555556,0.015865149,0.021185791,0.010592101,-0.005857169,0.0055867315,0.023277417,0.027391702,-0.005857169,0.027391702,0.017690685,0.006107521,0,225,19,14,19,True,0.021185791,22,42.55,45811.5,9.5
695,39460,"Punta Gorda, FL",unemployment_rate,225,225,0,0,9.3111111,10.1,3.1560615,5.4,5.8,12.6,13.7,5.4,13.7,6.8,2.9,0,225,19,14,19,True,0.021185791,22,42.55,45811.5,9.5
695,39460,"Punta Gorda, FL",educational_attainment_pct,225,225,0,0,22.520444,21.6,1.583348,20.8,21.1,23.8,25.3,20.8,25.3,2.7,0.8,0,225,19,14,19,True,0.021185791,22,42.55,45811.5,9.5
695,39460,"Punta Gorda, FL",median_household_income,225,225,0,0,49806.502,45112,7040.8126,44244,44596,52724,66154,44244,66154,8128,868,0,225,19,14,19,True,0.021185791,22,42.55,45811.5,9.5
695,39460,"Punta Gorda, FL",labor_force_participation_pct,225,225,0,0,43.236,42.5,1.669846,41,42.1,44.1,46.5,41,46.5,2,0.9,0,225,19,14,19,True,0.021185791,22,42.55,45811.5,9.5
698,39540,"Racine-Mount Pleasant, WI",startup_rate,198,198,0,0,4.9344794,4.9382716,3.2505517,0,3.1458921,6.9128172,9.5474791,0,20,3.766925,1.8569102,15.656566,198,17,14,17,True,0.00010767905,24.2,64.7,57346.5,6.65
698,39540,"Racine-Mount Pleasant, WI",employment_growth,198,182,16,8.0808081,0.015528612,0.0061500053,0.12427257,-0.08505693,-0.019434354,0.038366907,0.097748724,-0.22901385,1.4444444,0.057801261,0.029664591,1.6483516,198,17,14,17,True,0.00010767905,24.2,64.7,57346.5,6.65
698,39540,"Racine-Mount Pleasant, WI",establishment_growth,198,182,16,8.0808081,0.015613304,0,0.067878688,-0.062316176,-0.018306922,0.036789704,0.13164224,-0.25,0.33333333,0.055096626,0.024915279,10.43956,198,17,14,17,True,0.00010767905,24.2,64.7,57346.5,6.65
698,39540,"Racine-Mount Pleasant, WI",payroll_growth,198,182,16,8.0808081,0.047340696,0.042549802,0.11236135,-0.066033942,0.0026041075,0.073608171,0.15700676,-0.17025239,1.2298813,0.071004063,0.035975993,0,198,17,14,17,True,0.00010767905,24.2,64.7,57346.5,6.65
698,39540,"Racine-Mount Pleasant, WI",wage_growth,198,182,16,8.0808081,0.03324953,0.035975165,0.050999878,-0.038690043,0.010338409,0.059625096,0.097519051,-0.20819308,0.33786987,0.049286687,0.025457398,0,198,17,14,17,True,0.00010767905,24.2,64.7,57346.5,6.65
698,39540,"Racine-Mount Pleasant, WI",acs_population_growth,198,182,16,8.0808081,0.00082167125,0.00010767905,0.002232694,-0.0015756489,-0.0001128813,0.0013138925,0.007760685,-0.0015756489,0.007760685,0.0014267738,0.0010210694,0,198,17,14,17,True,0.00010767905,24.2,64.7,57346.5,6.65
698,39540,"Racine-Mount Pleasant, WI",unemployment_rate,198,198,0,0,6.5858586,5.8,2.3023718,3.9,4.3,8.7,10.3,3.9,10.3,4.4,1.8,0,198,17,14,17,True,0.00010767905,24.2,64.7,57346.5,6.65
698,39540,"Racine-Mount Pleasant, WI",educational_attainment_pct,198,198,0,0,24.741919,24.4,1.8205288,22.5,23.1,25.8,28,22.5,28,2.7,1.35,0,198,17,14,17,True,0.00010767905,24.2,64.7,57346.5,6.65
698,39540,"Racine-Mount Pleasant, WI",median_household_income,198,198,0,0,60335.515,58334,6935.0138,53855,54900,62556,75331,53855,75331,7656,3978,0,198,17,14,17,True,0.00010767905,24.2,64.7,57346.5,6.65
698,39540,"Racine-Mount Pleasant, WI",labor_force_participation_pct,198,198,0,0,64.909596,64.5,1.0208779,63.7,64,65.5,66.7,63.7,66.7,1.5,0.7,0,198,17,14,17,True,0.00010767905,24.2,64.7,57346.5,6.65
699,39580,"Raleigh-Cary, NC",startup_rate,193,193,0,0,8.8655375,8.8698784,2.632487,4.6018012,7.514881,10.450269,12.862496,0,14.473684,2.9353879,1.5087289,2.0725389,193,17,14,17,True,0.022808069,44.75,69.3,67352,5.6
699,39580,"Raleigh-Cary, NC",employment_growth,193,169,24,12.435233,0.034343159,0.035384226,0.056136387,-0.026218003,0.015283976,0.057011775,0.090258142,-0.36634429,0.24993895,0.041727798,0.020950382,0,193,17,14,17,True,0.022808069,44.75,69.3,67352,5.6
699,39580,"Raleigh-Cary, NC",establishment_growth,193,169,24,12.435233,0.046583688,0.042397661,0.043075143,-0.011287602,0.018729436,0.071098471,0.12061367,-0.090909091,0.23224044,0.052369036,0.023984447,0.59171598,193,17,14,17,True,0.022808069,44.75,69.3,67352,5.6
699,39580,"Raleigh-Cary, NC",payroll_growth,193,169,24,12.435233,0.075134923,0.070785564,0.069259034,0.011629688,0.045135011,0.098252416,0.18497216,-0.25776342,0.440255,0.053117405,0.026794013,0,193,17,14,17,True,0.022808069,44.75,69.3,67352,5.6
699,39580,"Raleigh-Cary, NC",wage_growth,193,169,24,12.435233,0.039687434,0.03699434,0.040229727,-0.010532878,0.018193315,0.05933896,0.094830663,-0.10430176,0.24798488,0.041145645,0.020882598,0,193,17,14,17,True,0.022808069,44.75,69.3,67352,5.6
699,39580,"Raleigh-Cary, NC",acs_population_growth,193,179,14,7.253886,0.023646708,0.022808069,0.0031541143,0.020248095,0.022198369,0.024246695,0.032541082,0.020248095,0.032541082,0.0020483262,0.0014386263,0,193,17,14,17,True,0.022808069,44.75,69.3,67352,5.6
699,39580,"Raleigh-Cary, NC",unemployment_rate,193,193,0,0,5.892228,5.2,1.6007458,4.2,4.3,7.5,8.6,4.2,8.6,3.2,1,0,193,17,14,17,True,0.022808069,44.75,69.3,67352,5.6
699,39580,"Raleigh-Cary, NC",educational_attainment_pct,193,193,0,0,45.106736,45.2,2.9612614,41.4,42.2,47.8,50.2,41.4,50.2,5.6,2.7,0,193,17,14,17,True,0.022808069,44.75,69.3,67352,5.6
699,39580,"Raleigh-Cary, NC",median_household_income,193,193,0,0,71771.762,68870,11386.446,60026,62088,78706,96066,60026,96066,16618,6981,0,193,17,14,17,True,0.022808069,44.75,69.3,67352,5.6
699,39580,"Raleigh-Cary, NC",labor_force_participation_pct,193,193,0,0,69.62228,69.3,0.76476507,68.9,69.1,70.1,71.1,68.9,71.1,1,0.4,0,193,17,14,17,True,0.022808069,44.75,69.3,67352,5.6
700,39660,"Rapid City, SD",startup_rate,159,159,0,0,7.1683235,6.7901235,2.9120736,3.3009881,5.4995463,8.7753827,12.763533,0,17.777778,3.2758364,1.7988336,1.8867925,159,15,14,15,True,0.014446124,28,67.7,52084.5,4.05
700,39660,"Rapid City, SD",employment_growth,159,141,18,11.320755,0.013406736,0.013243641,0.046069584,-0.059466019,-0.0066127009,0.041521823,0.076580753,-0.16546763,0.14101429,0.048134524,0.023887815,0.70921986,159,15,14,15,True,0.014446124,28,67.7,52084.5,4.05
700,39660,"Rapid City, SD",establishment_growth,159,141,18,11.320755,0.0257142,0.017857143,0.042309896,-0.027777778,0,0.042288557,0.11578947,-0.050359712,0.23275862,0.042288557,0.019931832,4.2553191,159,15,14,15,True,0.014446124,28,67.7,52084.5,4.05
700,39660,"Rapid City, SD",payroll_growth,159,141,18,11.320755,0.055776603,0.04740196,0.068438528,-0.028950536,0.02333899,0.080603481,0.15797621,-0.27827912,0.35066367,0.057264491,0.029564966,0,159,15,14,15,True,0.014446124,28,67.7,52084.5,4.05
700,39660,"Rapid City, SD",wage_growth,159,141,18,11.320755,0.041543285,0.034855061,0.042046531,-0.0058201766,0.019964669,0.056524997,0.11421827,-0.13516099,0.24180645,0.036560329,0.018997435,0,159,15,14,15,True,0.014446124,28,67.7,52084.5,4.05
700,39660,"Rapid City, SD",acs_population_growth,159,148,11,6.918239,0.016001842,0.014446124,0.032262738,-0.047415187,0.010219976,0.015101108,0.081107533,-0.047415187,0.081107533,0.0048811317,0.0021999217,0,159,15,14,15,True,0.014446124,28,67.7,52084.5,4.05
700,39660,"Rapid City, SD",unemployment_rate,159,159,0,0,4.2503145,3.9,0.95047451,3.1,3.5,5.5,5.8,3.1,5.8,2,0.6,0,159,15,14,15,True,0.014446124,28,67.7,52084.5,4.05
700,39660,"Rapid City, SD",educational_attainment_pct,159,159,0,0,28.962893,28.3,2.3086122,26.3,26.5,30.6,32.5,26.3,32.5,4.1,1.9,0,159,15,14,15,True,0.014446124,28,67.7,52084.5,4.05
700,39660,"Rapid City, SD",median_household_income,159,159,0,0,56067.34,52683,7482.6981,46721,50464,59076,71985,46721,71985,8612,4528,0,159,15,14,15,True,0.014446124,28,67.7,52084.5,4.05
700,39660,"Rapid City, SD",labor_force_participation_pct,159,159,0,0,67.785535,67.7,1.6320305,64.8,66.8,68.8,70.7,64.8,70.7,2,1,0,159,15,14,15,True,0.014446124,28,67.7,52084.5,4.05
702,39740,"Reading, PA",startup_rate,239,239,0,0,4.6475299,4.6822742,3.003062,0,2.7715991,6.6017765,9.8151659,0,15,3.8301774,1.9362788,15.899582,239,19,14,19,True,0.0033193965,23.75,65.45,58324,7.55
702,39740,"Reading, PA",employment_growth,239,224,15,6.2761506,0.0069249005,0.010230298,0.074248413,-0.099024158,-0.01248375,0.034107147,0.10903979,-0.37149123,0.35,0.046590897,0.023317886,0.89285714,239,19,14,19,True,0.0033193965,23.75,65.45,58324,7.55
702,39740,"Reading, PA",establishment_growth,239,224,15,6.2761506,0.0053124787,0,0.045421549,-0.055169242,-0.013446929,0.020142148,0.082416345,-0.1875,0.22077922,0.033589077,0.01579845,7.1428571,239,19,14,19,True,0.0033193965,23.75,65.45,58324,7.55
702,39740,"Reading, PA",payroll_growth,239,224,15,6.2761506,0.041061366,0.036703525,0.097477627,-0.07886732,0.0046578284,0.065458065,0.17735334,-0.36787926,0.79678904,0.060800236,0.030650279,0,239,19,14,19,True,0.0033193965,23.75,65.45,58324,7.55
702,39740,"Reading, PA",wage_growth,239,224,15,6.2761506,0.034761697,0.02697805,0.07042711,-0.019983511,0.011893107,0.047534389,0.10628516,-0.37489118,0.73574457,0.035641281,0.017843155,0,239,19,14,19,True,0.0033193965,23.75,65.45,58324,7.55
702,39740,"Reading, PA",acs_population_growth,239,224,15,6.2761506,0.004158188,0.0033193965,0.0043733999,0.00031886754,0.0023936131,0.0035506257,0.018863557,0.00031886754,0.018863557,0.0011570126,0.00083868363,0,239,19,14,19,True,0.0033193965,23.75,65.45,58324,7.55
702,39740,"Reading, PA",unemployment_rate,239,239,0,0,7.4669456,7.8,1.6256206,5.3,5.7,9,9.8,5.3,9.8,3.3,1.6,0,239,19,14,19,True,0.0033193965,23.75,65.45,58324,7.55
702,39740,"Reading, PA",educational_attainment_pct,239,239,0,0,24.075732,23.6,1.7580538,21.7,22.3,25.9,27.2,21.7,27.2,3.6,1.3,0,239,19,14,19,True,0.0033193965,23.75,65.45,58324,7.55
702,39740,"Reading, PA",median_household_income,239,239,0,0,61442.862,57068,7584.3497,53470,55170,66154,77684,53470,77684,10984,2512,0,239,19,14,19,True,0.0033193965,23.75,65.45,58324,7.55
702,39740,"Reading, PA",labor_force_participation_pct,239,239,0,0,65.498745,65.6,0.58089189,64.5,65,66,66.3,64.5,66.3,1,0.4,0,239,19,14,19,True,0.0033193965,23.75,65.45,58324,7.55
704,39820,"Redding, CA",startup_rate,223,223,0,0,6.4856283,6.3829787,3.9322131,0,4.1963109,8.8058544,12.816178,0,21.73913,4.6095435,2.35828,12.556054,223,19,14,19,True,0.0015363577,20.75,54.4,46420,7.75
704,39820,"Redding, CA",employment_growth,223,203,20,8.9686099,0.016065617,0.02062975,0.08272488,-0.068915206,-0.013384659,0.051592753,0.13149213,-0.47217391,0.26684636,0.064977411,0.033598668,0.49261084,223,19,14,19,True,0.0015363577,20.75,54.4,46420,7.75
704,39820,"Redding, CA",establishment_growth,223,203,20,8.9686099,0.028752234,0.016949153,0.23967167,-0.069947917,-0.010596546,0.04687011,0.12418831,-0.85732484,3.2107023,0.057466656,0.027938164,6.8965517,223,19,14,19,True,0.0015363577,20.75,54.4,46420,7.75
704,39820,"Redding, CA",payroll_growth,223,203,20,8.9686099,0.05529341,0.052627761,0.09125369,-0.06610529,0.016206143,0.091326172,0.18617652,-0.50494754,0.42569248,0.075120029,0.03709787,0,223,19,14,19,True,0.0015363577,20.75,54.4,46420,7.75
704,39820,"Redding, CA",wage_growth,223,203,20,8.9686099,0.040170815,0.033379949,0.063237202,-0.03283426,0.012902813,0.060886977,0.11466315,-0.13191323,0.50348567,0.047984164,0.023978619,0,223,19,14,19,True,0.0015363577,20.75,54.4,46420,7.75
704,39820,"Redding, CA",acs_population_growth,223,207,16,7.1748879,0.0020241415,0.0015363577,0.0041227837,-0.001724061,0.00030689909,0.0023638808,0.014882828,-0.001724061,0.014882828,0.0020569817,0.0010704098,0,223,19,14,19,True,0.0015363577,20.75,54.4,46420,7.75
704,39820,"Redding, CA",unemployment_rate,223,223,0,0,8.8982063,6.8,2.9773766,5.5,6.2,12.2,13.7,5.5,13.7,6,1.3,0,223,19,14,19,True,0.0015363577,20.75,54.4,46420,7.75
704,39820,"Redding, CA",educational_attainment_pct,223,223,0,0,20.981614,21.4,1.5057168,18.8,19.6,22.2,23.3,18.8,23.3,2.6,1.4,0,223,19,14,19,True,0.0015363577,20.75,54.4,46420,7.75
704,39820,"Redding, CA",median_household_income,223,223,0,0,51812.274,47258,9250.0864,43944,44556,57139,71931,43944,71931,12583,3314,0,223,19,14,19,True,0.0015363577,20.75,54.4,46420,7.75
704,39820,"Redding, CA",labor_force_participation_pct,223,223,0,0,54.604933,54.3,1.0565637,53.3,53.5,55.6,56.3,53.3,56.3,2.1,0.9,0,223,19,14,19,True,0.0015363577,20.75,54.4,46420,7.75
706,39900,"Reno, NV",startup_rate,117,117,0,0,8.2757238,8.4033613,2.4053783,4.2445696,6.5384615,9.7789685,12.389814,3.3587786,14.485981,3.240507,1.7062611,0,117,14,14,14,True,0.012008828,29.3,66.2,57257,7.4
706,39900,"Reno, NV",employment_growth,117,95,22,18.803419,0.036196089,0.025959368,0.069420209,-0.055408404,0.0096987018,0.065874162,0.13475204,-0.26407739,0.30945946,0.05617546,0.024181311,0,117,14,14,14,True,0.012008828,29.3,66.2,57257,7.4
706,39900,"Reno, NV",establishment_growth,117,95,22,18.803419,0.01253208,0.012924071,0.031422233,-0.032401206,-0.0050977392,0.027885143,0.054319985,-0.07211848,0.17584746,0.032982882,0.015689048,1.0526316,117,14,14,14,True,0.012008828,29.3,66.2,57257,7.4
706,39900,"Reno, NV",payroll_growth,117,95,22,18.803419,0.072740393,0.065289764,0.085687498,-0.022883701,0.03577301,0.11548906,0.22290018,-0.27460458,0.36004114,0.079716047,0.037741263,0,117,14,14,14,True,0.012008828,29.3,66.2,57257,7.4
706,39900,"Reno, NV",wage_growth,117,95,22,18.803419,0.034864054,0.031486561,0.03613014,-0.015229616,0.012519427,0.050577478,0.09105322,-0.034075104,0.20683365,0.038058051,0.019091696,0,117,14,14,14,True,0.012008828,29.3,66.2,57257,7.4
706,39900,"Reno, NV",acs_population_growth,117,109,8,6.8376068,0.025663453,0.012008828,0.036888444,0.0081122952,0.011091531,0.014394229,0.13401417,0.0081122952,0.13401417,0.0033026978,0.0021620993,0,117,14,14,14,True,0.012008828,29.3,66.2,57257,7.4
706,39900,"Reno, NV",unemployment_rate,117,117,0,0,7.3692308,6.8,2.2303727,5,5.2,9.1,11.2,5,11.2,3.9,1.7,0,117,14,14,14,True,0.012008828,29.3,66.2,57257,7.4
706,39900,"Reno, NV",educational_attainment_pct,117,117,0,0,29.5,29.7,2.0307974,26.6,27.2,31.4,32.5,26.6,32.5,4.2,1.9,0,117,14,14,14,True,0.012008828,29.3,66.2,57257,7.4
706,39900,"Reno, NV",median_household_income,117,117,0,0,62972.872,58654,10958.786,53030,54077,68214,84684,53030,84684,14137,5607,0,117,14,14,14,True,0.012008828,29.3,66.2,57257,7.4
706,39900,"Reno, NV",labor_force_participation_pct,117,117,0,0,66.491453,66.1,1.2712045,64.8,65.6,67.2,69.4,64.8,69.4,1.6,0.5,0,117,14,14,14,True,0.012008828,29.3,66.2,57257,7.4
710,40060,"Richmond, VA",startup_rate,20,20,0,0,5.4410211,5.3301533,1.4238948,3.0387582,4.7159935,6.7786793,7.0358376,2.3136247,7.0988655,2.0626859,1.1479598,0,20,3,12,3,False,0.0095707196,35.75,66.5,64928.5,5.95
710,40060,"Richmond, VA",employment_growth,20,15,5,25,0.00060680978,0.0067848472,0.056721139,-0.080843152,-0.0032612238,0.035346038,0.053522341,-0.16899977,0.080280202,0.038607262,0.024948864,0,20,3,12,3,False,0.0095707196,35.75,66.5,64928.5,5.95
710,40060,"Richmond, VA",establishment_growth,20,15,5,25,0.0126097,0.0044762757,0.085846104,-0.084542572,-0.0080225672,0.03042892,0.13071188,-0.21734036,0.18049793,0.038451487,0.017680501,13.333333,20,3,12,3,False,0.0095707196,35.75,66.5,64928.5,5.95
710,40060,"Richmond, VA",payroll_growth,20,15,5,25,0.039750689,0.025869844,0.043446394,-0.0080418937,0.013394004,0.067327346,0.11131818,-0.018318467,0.13159048,0.053933342,0.021200098,0,20,3,12,3,False,0.0095707196,35.75,66.5,64928.5,5.95
710,40060,"Richmond, VA",wage_growth,20,15,5,25,0.040889039,0.030827333,0.047078073,0.0052798089,0.019265502,0.04554046,0.10258481,-0.0075287865,0.19900237,0.026274958,0.013687409,0,20,3,12,3,False,0.0095707196,35.75,66.5,64928.5,5.95
710,40060,"Richmond, VA",acs_population_growth,20,20,0,0,0.0063265165,0.0095580207,0.010797037,-0.010422079,0.008837779,0.0099239418,0.016492898,-0.030529233,0.016492898,0.0010861627,0.00056910957,0,20,3,12,3,False,0.0095707196,35.75,66.5,64928.5,5.95
710,40060,"Richmond, VA",unemployment_rate,20,20,0,0,5.985,5.3,1.4372031,4.6,4.8,7.075,8.22,4.6,8.6,2.275,0.6,0,20,3,12,3,False,0.0095707196,35.75,66.5,64928.5,5.95
710,40060,"Richmond, VA",educational_attainment_pct,20,20,0,0,36.305,36.85,3.0193194,31.675,34,38.9,40.2,31.2,40.2,4.9,2.3,0,20,3,12,3,False,0.0095707196,35.75,66.5,64928.5,5.95
710,40060,"Richmond, VA",median_household_income,20,20,0,0,68735.05,67393.5,8802.6578,58577,60762.25,74592,84405,58577,84405,13829.75,7198.5,0,20,3,12,3,False,0.0095707196,35.75,66.5,64928.5,5.95
710,40060,"Richmond, VA",labor_force_participation_pct,20,20,0,0,66.505,66.5,0.18488973,66.3,66.3,66.6,66.805,66.3,66.9,0.3,0.1,0,20,3,12,3,False,0.0095707196,35.75,66.5,64928.5,5.95
714,40140,"Riverside-San Bernardino-Ontario, CA",startup_rate,247,247,0,0,9.5692513,9.7826087,3.4958156,2.987234,7.7899015,11.461104,14.360491,0,25.105982,3.6712025,1.863354,2.0242915,247,19,14,19,True,0.0094894757,20.5,60.95,58134.5,10.55
714,40140,"Riverside-San Bernardino-Ontario, CA",employment_growth,247,230,17,6.8825911,0.02395399,0.025604946,0.071784157,-0.069413463,-0.0075842137,0.053627163,0.12221942,-0.40342435,0.28845199,0.061211376,0.029539108,0.43478261,247,19,14,19,True,0.0094894757,20.5,60.95,58134.5,10.55
714,40140,"Riverside-San Bernardino-Ontario, CA",establishment_growth,247,230,17,6.8825911,0.047541103,0.030094609,0.30256842,-0.033214912,0.010332636,0.054551888,0.10932081,-0.85877937,4.4826413,0.044219253,0.022818044,1.3043478,247,19,14,19,True,0.0094894757,20.5,60.95,58134.5,10.55
714,40140,"Riverside-San Bernardino-Ontario, CA",payroll_growth,247,230,17,6.8825911,0.060768932,0.062749611,0.078325306,-0.053247137,0.022001945,0.089971138,0.1715764,-0.23875754,0.53124333,0.067969194,0.033144518,0,247,19,14,19,True,0.0094894757,20.5,60.95,58134.5,10.55
714,40140,"Riverside-San Bernardino-Ontario, CA",wage_growth,247,230,17,6.8825911,0.03698227,0.031683657,0.047505927,-0.015254003,0.016532365,0.050307429,0.095285106,-0.16063245,0.38180225,0.033775064,0.017005458,0,247,19,14,19,True,0.0094894757,20.5,60.95,58134.5,10.55
714,40140,"Riverside-San Bernardino-Ontario, CA",acs_population_growth,247,230,17,6.8825911,0.0092093234,0.0094894757,0.0048659581,-0.0043461476,0.0086152321,0.012147347,0.015443219,-0.0043461476,0.015443219,0.0035321147,0.0026578711,0,247,19,14,19,True,0.0094894757,20.5,60.95,58134.5,10.55
714,40140,"Riverside-San Bernardino-Ontario, CA",unemployment_rate,247,247,0,0,10.412551,11.2,2.8692306,6.8,7.3,12.9,14.7,6.8,14.7,5.6,2.9,0,247,19,14,19,True,0.0094894757,20.5,60.95,58134.5,10.55
714,40140,"Riverside-San Bernardino-Ontario, CA",educational_attainment_pct,247,247,0,0,21.037247,20.3,1.4951375,19.5,19.7,22.4,24.1,19.5,24.1,2.7,0.7,0,247,19,14,19,True,0.0094894757,20.5,60.95,58134.5,10.55
714,40140,"Riverside-San Bernardino-Ontario, CA",median_household_income,247,247,0,0,63298.437,57096,9810.6618,55092,55928,68331,86031,55092,86031,12403,2004,0,247,19,14,19,True,0.0094894757,20.5,60.95,58134.5,10.55
714,40140,"Riverside-San Bernardino-Ontario, CA",labor_force_participation_pct,247,247,0,0,61.150607,60.9,0.85139152,60.2,60.4,61.5,62.9,60.2,62.9,1.1,0.5,0,247,19,14,19,True,0.0094894757,20.5,60.95,58134.5,10.55
716,40220,"Roanoke, VA",startup_rate,54,54,0,0,5.9452979,5.5753672,1.6258693,4.0207819,4.8817782,6.7110261,9.2766995,3.1460674,10.272537,1.8292479,0.87144695,0,54,7,14,7,False,0.0021619648,26.9,61.7,51563,5.5
716,40220,"Roanoke, VA",employment_growth,54,42,12,22.222222,-0.0083889977,0.00061821999,0.051120731,-0.065362084,-0.023996775,0.016942748,0.043682322,-0.25285274,0.073765616,0.040939524,0.021472659,0,54,7,14,7,False,0.0021619648,26.9,61.7,51563,5.5
716,40220,"Roanoke, VA",establishment_growth,54,42,12,22.222222,0.0032530396,-0.0018669453,0.058234991,-0.045271912,-0.017657745,0.018598732,0.054250282,-0.22213798,0.18828829,0.036256477,0.018769317,0,54,7,14,7,False,0.0021619648,26.9,61.7,51563,5.5
716,40220,"Roanoke, VA",payroll_growth,54,42,12,22.222222,0.032072582,0.034562355,0.045236712,-0.039384907,0.0082095949,0.056642726,0.10500327,-0.090913107,0.13527565,0.048433131,0.024026994,0,54,7,14,7,False,0.0021619648,26.9,61.7,51563,5.5
716,40220,"Roanoke, VA",wage_growth,54,42,12,22.222222,0.041968348,0.036781664,0.038010166,0.0096838016,0.021508039,0.055024131,0.085603338,-0.04319946,0.21675034,0.033516091,0.016848904,0,54,7,14,7,False,0.0021619648,26.9,61.7,51563,5.5
716,40220,"Roanoke, VA",acs_population_growth,54,51,3,5.5555556,0.0021208683,0.00089454297,0.0020636802,-0.00090012161,0.00056888821,0.0041230615,0.0053025317,-0.00090012161,0.0057705864,0.0035541733,0.0012674218,0,54,7,14,7,False,0.0021619648,26.9,61.7,51563,5.5
716,40220,"Roanoke, VA",unemployment_rate,54,54,0,0,5.3222222,5.4,0.95219046,3.895,4.55,6,6.775,3.7,7.1,1.45,0.75,0,54,7,14,7,False,0.0021619648,26.9,61.7,51563,5.5
716,40220,"Roanoke, VA",educational_attainment_pct,54,54,0,0,27.338889,27,1.6905304,24.92,26.5,28.225,30.535,24.4,30.6,1.725,0.7,0,54,7,14,7,False,0.0021619648,26.9,61.7,51563,5.5
716,40220,"Roanoke, VA",median_household_income,54,54,0,0,54422.37,52609,5619.3916,48832.8,50127,57380.5,66303,48032,67447,7253.5,3140.5,0,54,7,14,7,False,0.0021619648,26.9,61.7,51563,5.5
716,40220,"Roanoke, VA",labor_force_participation_pct,54,54,0,0,61.668519,61.6,1.0527276,60.225,60.85,62.3,63.67,59.9,63.8,1.45,0.8,0,54,7,14,7,False,0.0021619648,26.9,61.7,51563,5.5
719,40340,"Rochester, MN",startup_rate,136,136,0,0,5.7615515,5.422362,2.3643215,2.5137517,3.9320916,7.2122099,9.5207926,0,13.872832,3.2801183,1.6209346,1.4705882,136,13,14,13,True,0.0085390913,36.45,71.1,67625.5,3.9
719,40340,"Rochester, MN",employment_growth,136,121,15,11.029412,0.0046748967,0.0098690836,0.057056022,-0.088418431,-0.025380711,0.032868733,0.099099099,-0.21346023,0.15960912,0.058249444,0.026734571,0,136,13,14,13,True,0.0085390913,36.45,71.1,67625.5,3.9
719,40340,"Rochester, MN",establishment_growth,136,121,15,11.029412,0.0065270357,0.0049019608,0.033008114,-0.045045045,-0.017654477,0.028089888,0.058823529,-0.073094868,0.098684211,0.045744364,0.023187927,5.785124,136,13,14,13,True,0.0085390913,36.45,71.1,67625.5,3.9
719,40340,"Rochester, MN",payroll_growth,136,121,15,11.029412,0.039717944,0.045618066,0.069174546,-0.053912343,0.0039534741,0.076036222,0.14650138,-0.20782491,0.23787218,0.072082748,0.0348862,0,136,13,14,13,True,0.0085390913,36.45,71.1,67625.5,3.9
719,40340,"Rochester, MN",wage_growth,136,121,15,11.029412,0.034783847,0.0347128,0.033731014,-0.0125869,0.016774485,0.053809009,0.080013085,-0.121412,0.13811605,0.037034525,0.018535239,0,136,13,14,13,True,0.0085390913,36.45,71.1,67625.5,3.9
719,40340,"Rochester, MN",acs_population_growth,136,126,10,7.3529412,0.017482471,0.0085390913,0.030549863,0.0059332203,0.0067171598,0.0089291087,0.1204367,0.0059332203,0.1204367,0.0022119489,0.0014914383,0,136,13,14,13,True,0.0085390913,36.45,71.1,67625.5,3.9
719,40340,"Rochester, MN",unemployment_rate,136,136,0,0,3.8308824,3.9,0.49493953,3,3.3,4.2,4.6,3,4.6,0.9,0.4,0,136,13,14,13,True,0.0085390913,36.45,71.1,67625.5,3.9
719,40340,"Rochester, MN",educational_attainment_pct,136,136,0,0,37.413235,36,2.6920682,34.2,35.4,40.3,42.3,34.2,42.3,4.9,1.5,0,136,13,14,13,True,0.0085390913,36.45,71.1,67625.5,3.9
719,40340,"Rochester, MN",median_household_income,136,136,0,0,71055.787,66248,8704.931,62395,64453,76787,89675,62395,89675,12334,3065,0,136,13,14,13,True,0.0085390913,36.45,71.1,67625.5,3.9
719,40340,"Rochester, MN",labor_force_participation_pct,136,136,0,0,71.302206,71.2,1.0413998,69.7,70.5,71.9,72.9,69.7,72.9,1.4,0.7,0,136,13,14,13,True,0.0085390913,36.45,71.1,67625.5,3.9
720,40380,"Rochester, NY",startup_rate,164,164,0,0,6.5417399,6.5673469,2.1920632,2.9478788,5.0543478,8.265322,10.32894,2.2792023,12.04314,3.2109742,1.6455305,0,164,15,14,15,True,-0.00085860209,33.25,63.65,54368,6.65
720,40380,"Rochester, NY",employment_growth,164,149,15,9.1463415,0.0039888563,0.0044964029,0.063924144,-0.070510524,-0.012982558,0.030194473,0.083723277,-0.38513592,0.26557183,0.043177031,0.019326175,0,164,15,14,15,True,-0.00085860209,33.25,63.65,54368,6.65
720,40380,"Rochester, NY",establishment_growth,164,149,15,9.1463415,0.0053336738,0.0014836795,0.029196094,-0.030051254,-0.011329305,0.015925926,0.058834252,-0.080229226,0.14326648,0.027255231,0.013635111,1.3422819,164,15,14,15,True,-0.00085860209,33.25,63.65,54368,6.65
720,40380,"Rochester, NY",payroll_growth,164,149,15,9.1463415,0.040308049,0.037496812,0.061981882,-0.060605085,0.016042057,0.068408331,0.13165813,-0.2571504,0.24269072,0.052366274,0.025330095,0,164,15,14,15,True,-0.00085860209,33.25,63.65,54368,6.65
720,40380,"Rochester, NY",wage_growth,164,149,15,9.1463415,0.037223068,0.031771963,0.037937746,-0.011326894,0.020744058,0.049395664,0.097724744,-0.10256767,0.20814412,0.028651606,0.015165334,0,164,15,14,15,True,-0.00085860209,33.25,63.65,54368,6.65
720,40380,"Rochester, NY",acs_population_growth,164,153,11,6.7073171,0.00068185472,-0.00085860209,0.0114911,-0.02574759,-0.0014534857,0.0019460182,0.025580557,-0.02574759,0.025580557,0.0033995039,0.0022016463,0,164,15,14,15,True,-0.00085860209,33.25,63.65,54368,6.65
720,40380,"Rochester, NY",unemployment_rate,164,164,0,0,6.322561,6.3,1.2216516,4.8,5.1,7.4,8.2,4.8,8.2,2.3,1.2,0,164,15,14,15,True,-0.00085860209,33.25,63.65,54368,6.65
720,40380,"Rochester, NY",educational_attainment_pct,164,164,0,0,34.094512,33.5,2.0483198,31.7,32.3,35.6,37.8,31.7,37.8,3.3,1.6,0,164,15,14,15,True,-0.00085860209,33.25,63.65,54368,6.65
720,40380,"Rochester, NY",median_household_income,164,164,0,0,58720.293,55256,7522.0869,51810,52762,61747,74438,51810,74438,8985,2773,0,164,15,14,15,True,-0.00085860209,33.25,63.65,54368,6.65
720,40380,"Rochester, NY",labor_force_participation_pct,164,164,0,0,63.380488,63.6,0.53696238,62.5,62.8,63.8,64.2,62.5,64.2,1,0.3,0,164,15,14,15,True,-0.00085860209,33.25,63.65,54368,6.65
721,40420,"Rockford, IL",startup_rate,192,192,0,0,5.9523173,5.6146,2.9202592,1.9203121,3.9512644,7.6475694,11.154215,0,14.900662,3.696305,1.8516066,1.5625,192,15,14,15,True,-0.0040897736,22.3,64.95,51613.5,9.9
721,40420,"Rockford, IL",employment_growth,192,175,17,8.8541667,0.0028203022,0.0034764068,0.071666983,-0.094052421,-0.029449753,0.029292153,0.09188093,-0.36421862,0.39988783,0.058741906,0.030872892,0.57142857,192,15,14,15,True,-0.0040897736,22.3,64.95,51613.5,9.9
721,40420,"Rockford, IL",establishment_growth,192,175,17,8.8541667,-0.0073438964,-0.0031678986,0.036882311,-0.07759102,-0.02099859,0.013621201,0.04577597,-0.16115702,0.072727273,0.034619791,0.017323905,4.5714286,192,15,14,15,True,-0.0040897736,22.3,64.95,51613.5,9.9
721,40420,"Rockford, IL",payroll_growth,192,175,17,8.8541667,0.039140693,0.032107545,0.092854446,-0.063127933,-0.0023364171,0.073427018,0.14921171,-0.34824491,0.62770285,0.075763435,0.038043635,0,192,15,14,15,True,-0.0040897736,22.3,64.95,51613.5,9.9
721,40420,"Rockford, IL",wage_growth,192,175,17,8.8541667,0.036448516,0.032410343,0.05456897,-0.023612396,0.013916171,0.058341714,0.11765048,-0.29297712,0.33368672,0.044425543,0.020899185,0,192,15,14,15,True,-0.0040897736,22.3,64.95,51613.5,9.9
721,40420,"Rockford, IL",acs_population_growth,192,178,14,7.2916667,-0.0025375807,-0.0040897736,0.0034198703,-0.0050480699,-0.0042204069,-0.0029876454,0.0063366654,-0.0050480699,0.0063366654,0.0012327615,0.00087094484,0,192,15,14,15,True,-0.0040897736,22.3,64.95,51613.5,9.9
721,40420,"Rockford, IL",unemployment_rate,192,192,0,0,9.7130208,9.7,1.8343971,7.3,7.8,11.2,12.7,7.3,12.7,3.4,1.8,0,192,15,14,15,True,-0.0040897736,22.3,64.95,51613.5,9.9
721,40420,"Rockford, IL",educational_attainment_pct,192,192,0,0,22.308333,22.3,1.1578701,20.8,21.1,23.2,24.4,20.8,24.4,2.1,1,0,192,15,14,15,True,-0.0040897736,22.3,64.95,51613.5,9.9
721,40420,"Rockford, IL",median_household_income,192,192,0,0,54051.062,52360,5468.9226,49040,49724,56899,66571,49040,66571,7175,2849,0,192,15,14,15,True,-0.0040897736,22.3,64.95,51613.5,9.9
721,40420,"Rockford, IL",labor_force_participation_pct,192,192,0,0,64.577604,64.9,0.9341505,62.5,63.9,65.3,65.5,62.5,65.5,1.4,0.5,0,192,15,14,15,True,-0.0040897736,22.3,64.95,51613.5,9.9
724,40580,"Rocky Mount, NC",startup_rate,142,142,0,0,5.050104,4.6156577,2.9820313,0,3.2935515,6.9716886,10.132031,0,14.285714,3.678137,1.8274854,11.267606,142,14,14,14,True,-0.0043991558,16.7,59.4,41130,9.5
724,40580,"Rocky Mount, NC",employment_growth,142,130,12,8.4507042,-0.010831192,-0.0037207022,0.075249571,-0.13396855,-0.043031678,0.026520935,0.079447317,-0.26414152,0.38055141,0.069552613,0.035227832,0.76923077,142,14,14,14,True,-0.0043991558,16.7,59.4,41130,9.5
724,40580,"Rocky Mount, NC",establishment_growth,142,130,12,8.4507042,0.004915321,0.0069788931,0.048042252,-0.073356808,-0.023272091,0.032076965,0.086409957,-0.17021277,0.14973262,0.055349056,0.029018966,5.3846154,142,14,14,14,True,-0.0043991558,16.7,59.4,41130,9.5
724,40580,"Rocky Mount, NC",payroll_growth,142,130,12,8.4507042,0.028849246,0.027482519,0.099821789,-0.12153288,-0.014816828,0.068830087,0.17057129,-0.32543127,0.55268261,0.083646915,0.042235112,0,142,14,14,14,True,-0.0043991558,16.7,59.4,41130,9.5
724,40580,"Rocky Mount, NC",wage_growth,142,130,12,8.4507042,0.03965589,0.033375581,0.053946838,-0.030906883,0.01050918,0.067426889,0.11056426,-0.083292937,0.36886275,0.056917709,0.028835891,0,142,14,14,14,True,-0.0043991558,16.7,59.4,41130,9.5
724,40580,"Rocky Mount, NC",acs_population_growth,142,133,9,6.3380282,-0.0031901851,-0.0043991558,0.0048704394,-0.014478395,-0.0060179532,0.0010133119,0.0050780291,-0.014478395,0.0050780291,0.0070312651,0.0022038709,0,142,14,14,14,True,-0.0043991558,16.7,59.4,41130,9.5
724,40580,"Rocky Mount, NC",unemployment_rate,142,142,0,0,9.9528169,8.7,3.0055196,6.8,7.2,13.1,15.44,6.8,15.5,5.9,1.9,0,142,14,14,14,True,-0.0043991558,16.7,59.4,41130,9.5
724,40580,"Rocky Mount, NC",educational_attainment_pct,142,142,0,0,17.653521,17.2,1.8705505,15.6,15.9,20,20.5,15.6,20.5,4.1,1.4,0,142,14,14,14,True,-0.0043991558,16.7,59.4,41130,9.5
724,40580,"Rocky Mount, NC",median_household_income,142,142,0,0,44632.69,41593,6065.3039,39061,39763,49369,57437,39061,57437,9606,2396,0,142,14,14,14,True,-0.0043991558,16.7,59.4,41130,9.5
724,40580,"Rocky Mount, NC",labor_force_participation_pct,142,142,0,0,59.921831,59.3,1.3419641,58.2,58.9,61.6,62,58.2,62,2.7,0.7,0,142,14,14,14,True,-0.0043991558,16.7,59.4,41130,9.5
726,40660,"Rome, GA",startup_rate,164,164,0,0,5.8398473,5.9213089,4.5247352,0,3.3707865,7.6923077,13.998858,0,29.166667,4.3215212,2.0028136,20.731707,164,17,14,17,True,0.0028274722,20.1,58.7,44612.5,8.05
726,40660,"Rome, GA",employment_growth,164,149,15,9.1463415,0.011314259,0.0040650407,0.13576213,-0.13536247,-0.038150289,0.051736357,0.12151606,-0.3202847,1.2833876,0.089886646,0.046410318,1.3422819,164,17,14,17,True,0.0028274722,20.1,58.7,44612.5,8.05
726,40660,"Rome, GA",establishment_growth,164,149,15,9.1463415,0.0029831229,0,0.059826483,-0.10428571,-0.019230769,0.035532995,0.081180328,-0.24,0.2,0.054763764,0.025925926,15.436242,164,17,14,17,True,0.0028274722,20.1,58.7,44612.5,8.05
726,40660,"Rome, GA",payroll_growth,164,149,15,9.1463415,0.042513284,0.038201245,0.1304783,-0.13272736,-0.013534582,0.08118445,0.2102041,-0.28962184,1.0740144,0.094719033,0.046870194,0,164,17,14,17,True,0.0028274722,20.1,58.7,44612.5,8.05
726,40660,"Rome, GA",wage_growth,164,149,15,9.1463415,0.032690057,0.031719153,0.059560282,-0.059539342,0.0052197594,0.055681603,0.13788288,-0.15413207,0.23607411,0.050461844,0.025758536,0,164,17,14,17,True,0.0028274722,20.1,58.7,44612.5,8.05
726,40660,"Rome, GA",acs_population_growth,164,151,13,7.9268293,0.0024989314,0.0028274722,0.0018927283,-0.00059249096,0.00031195084,0.0041408926,0.0056287697,-0.00059249096,0.0056287697,0.0038289418,0.001650339,0,164,17,14,17,True,0.0028274722,20.1,58.7,44612.5,8.05
726,40660,"Rome, GA",unemployment_rate,164,164,0,0,8.1426829,8.05,2.9166133,4.1,5.4,10.9,12.6,4.1,12.6,5.5,2.65,0,164,17,14,17,True,0.0028274722,20.1,58.7,44612.5,8.05
726,40660,"Rome, GA",educational_attainment_pct,164,164,0,0,20.005488,20.1,1.9036372,17.9,18.2,20.9,24.9,17.9,24.9,2.7,1.5,0,164,17,14,17,True,0.0028274722,20.1,58.7,44612.5,8.05
726,40660,"Rome, GA",median_household_income,164,164,0,0,46683.366,44612.5,6440.372,40821,41442,50657,62540,40821,62540,9215,3546.5,0,164,17,14,17,True,0.0028274722,20.1,58.7,44612.5,8.05
726,40660,"Rome, GA",labor_force_participation_pct,164,164,0,0,58.645122,58.7,0.8770632,57.4,57.8,59,60.3,57.4,60.3,1.2,0.8,0,164,17,14,17,True,0.0028274722,20.1,58.7,44612.5,8.05
734,40900,"Sacramento-Roseville-Folsom, CA",startup_rate,214,214,0,0,8.9294898,8.7922104,3.1974613,4.5199035,7.4635853,10.472021,13.656526,0,24.096386,3.0084361,1.5861296,2.3364486,214,19,14,19,True,0.010577998,32.1,62.35,63046.5,8.75
734,40900,"Sacramento-Roseville-Folsom, CA",employment_growth,214,190,24,11.214953,0.022347271,0.025484418,0.073433152,-0.078255356,-0.0050231794,0.048706758,0.12704757,-0.39455939,0.33671078,0.053729937,0.026548417,0,214,19,14,19,True,0.010577998,32.1,62.35,63046.5,8.75
734,40900,"Sacramento-Roseville-Folsom, CA",establishment_growth,214,190,24,11.214953,0.042123277,0.02306553,0.30928908,-0.033133066,0.0053739013,0.044369042,0.087762697,-0.84151097,4.1552692,0.038995141,0.019404339,0,214,19,14,19,True,0.010577998,32.1,62.35,63046.5,8.75
734,40900,"Sacramento-Roseville-Folsom, CA",payroll_growth,214,190,24,11.214953,0.05780464,0.055571842,0.074438194,-0.050634968,0.023243763,0.094985295,0.17097912,-0.19242983,0.38314821,0.071741532,0.036467416,0,214,19,14,19,True,0.010577998,32.1,62.35,63046.5,8.75
734,40900,"Sacramento-Roseville-Folsom, CA",wage_growth,214,190,24,11.214953,0.036095293,0.032061517,0.048252551,-0.015093849,0.012592567,0.052438769,0.098985254,-0.12071219,0.39923687,0.039846202,0.019530972,0,214,19,14,19,True,0.010577998,32.1,62.35,63046.5,8.75
734,40900,"Sacramento-Roseville-Folsom, CA",acs_population_growth,214,199,15,7.0093458,0.010215379,0.010577998,0.0027759256,0.0049651873,0.009594955,0.010968762,0.017316939,0.0049651873,0.017316939,0.0013738075,0.0006962201,0,214,19,14,19,True,0.010577998,32.1,62.35,63046.5,8.75
734,40900,"Sacramento-Roseville-Folsom, CA",unemployment_rate,214,214,0,0,8.7523364,9.4,2.577306,5.7,5.9,10.9,12.7,5.7,12.7,5,2.6,0,214,19,14,19,True,0.010577998,32.1,62.35,63046.5,8.75
734,40900,"Sacramento-Roseville-Folsom, CA",educational_attainment_pct,214,214,0,0,32.425701,31.8,2.1467616,30,30.4,34.3,36.3,30,36.3,3.9,1.6,0,214,19,14,19,True,0.010577998,32.1,62.35,63046.5,8.75
734,40900,"Sacramento-Roseville-Folsom, CA",median_household_income,214,214,0,0,68986.855,61686,11695.119,58940,60003,75533,93986,58940,93986,15530,2721,0,214,19,14,19,True,0.010577998,32.1,62.35,63046.5,8.75
734,40900,"Sacramento-Roseville-Folsom, CA",labor_force_participation_pct,214,214,0,0,62.673832,62.4,1.0325988,61.5,61.8,63.3,64.6,61.5,64.6,1.5,0.7,0,214,19,14,19,True,0.010577998,32.1,62.35,63046.5,8.75
736,40980,"Saginaw, MI",startup_rate,190,190,0,0,4.4430641,3.9160916,3.4058451,0,2.8622816,5.9964789,9.5219046,0,27.272727,3.1341973,1.6343266,15.789474,190,18,14,18,True,-0.0052888758,20.75,57.3,44373,8.85
736,40980,"Saginaw, MI",employment_growth,190,174,16,8.4210526,0.0019925906,0.0060472172,0.10125996,-0.13662449,-0.02307327,0.036301099,0.13696063,-0.54347826,0.51851852,0.059374369,0.029771517,0,190,18,14,18,True,-0.0052888758,20.75,57.3,44373,8.85
736,40980,"Saginaw, MI",establishment_growth,190,174,16,8.4210526,0.0065115258,0,0.073441065,-0.064822695,-0.023325251,0.024916164,0.094090909,-0.25,0.5,0.048241415,0.023737089,11.494253,190,18,14,18,True,-0.0052888758,20.75,57.3,44373,8.85
736,40980,"Saginaw, MI",payroll_growth,190,174,16,8.4210526,0.038633584,0.037230145,0.11048934,-0.093582056,0.0025374163,0.076243434,0.22003639,-0.54884453,0.45702547,0.073706018,0.038440415,0,190,18,14,18,True,-0.0052888758,20.75,57.3,44373,8.85
736,40980,"Saginaw, MI",wage_growth,190,174,16,8.4210526,0.037385094,0.036874258,0.055962966,-0.045560962,0.010911206,0.059593775,0.1430035,-0.24660784,0.20238406,0.048682569,0.024396806,0.57471264,190,18,14,18,True,-0.0052888758,20.75,57.3,44373,8.85
736,40980,"Saginaw, MI",acs_population_growth,190,176,14,7.3684211,-0.0051353695,-0.0052888758,0.0013127593,-0.0071618486,-0.0063117328,-0.0037734859,-0.0032188219,-0.0071618486,-0.0032188219,0.002538247,0.0012156361,0,190,18,14,18,True,-0.0052888758,20.75,57.3,44373,8.85
736,40980,"Saginaw, MI",unemployment_rate,190,190,0,0,9.5057895,8.2,2.745023,6.5,6.7,12.6,13.4,6.5,13.4,5.9,1.6,0,190,18,14,18,True,-0.0052888758,20.75,57.3,44373,8.85
736,40980,"Saginaw, MI",educational_attainment_pct,190,190,0,0,20.684211,20.8,1.6055668,18,19.1,22.1,23.4,18,23.4,3,1.3,0,190,18,14,18,True,-0.0052888758,20.75,57.3,44373,8.85
736,40980,"Saginaw, MI",median_household_income,190,190,0,0,47168.558,45034,5248.1128,42331,43042,49565,58347,42331,58347,6523,2080,0,190,18,14,18,True,-0.0052888758,20.75,57.3,44373,8.85
736,40980,"Saginaw, MI",labor_force_participation_pct,190,190,0,0,57.454737,57.2,0.60575169,56.6,56.8,58.1,58.3,56.6,58.3,1.3,0.4,0,190,18,14,18,True,-0.0052888758,20.75,57.3,44373,8.85
737,41060,"St. Cloud, MN",startup_rate,184,184,0,0,4.8095871,4.8780488,2.2376896,1.3347672,3.3645911,6.068752,8.2834583,0,14.606742,2.7041609,1.3779118,4.8913043,184,17,14,17,True,0.0062495338,25.6,71.95,57165,4.7
737,41060,"St. Cloud, MN",employment_growth,184,164,20,10.869565,0.011518752,0.017291111,0.054235126,-0.085610531,-0.0050222142,0.044734467,0.091202923,-0.20652174,0.13565972,0.049756681,0.025970301,0,184,17,14,17,True,0.0062495338,25.6,71.95,57165,4.7
737,41060,"St. Cloud, MN",establishment_growth,184,164,20,10.869565,0.0079441964,0.0036397368,0.03263295,-0.039448593,-0.013390568,0.02703617,0.058412951,-0.068965517,0.14925373,0.040426738,0.020066685,10.365854,184,17,14,17,True,0.0062495338,25.6,71.95,57165,4.7
737,41060,"St. Cloud, MN",payroll_growth,184,164,20,10.869565,0.051665737,0.048980948,0.062816512,-0.046130224,0.021209981,0.087608421,0.15406062,-0.16043744,0.20623517,0.06639844,0.030457948,0,184,17,14,17,True,0.0062495338,25.6,71.95,57165,4.7
737,41060,"St. Cloud, MN",wage_growth,184,164,20,10.869565,0.040130282,0.039573546,0.040022346,-0.023652732,0.017219164,0.062624253,0.099621385,-0.071305472,0.18933692,0.045405089,0.022843195,0,184,17,14,17,True,0.0062495338,25.6,71.95,57165,4.7
737,41060,"St. Cloud, MN",acs_population_growth,184,172,12,6.5217391,0.0058167816,0.0062495338,0.0044152828,-0.007684856,0.0049876368,0.0084751311,0.010086573,-0.007684856,0.010086573,0.0034874943,0.0017352216,0,184,17,14,17,True,0.0062495338,25.6,71.95,57165,4.7
737,41060,"St. Cloud, MN",unemployment_rate,184,184,0,0,5.4130435,4.6,1.1733114,4.3,4.5,6.8,7.2,4.3,7.2,2.3,0.3,0,184,17,14,17,True,0.0062495338,25.6,71.95,57165,4.7
737,41060,"St. Cloud, MN",educational_attainment_pct,184,184,0,0,25.464674,26.1,1.712794,22.8,23.7,26.8,27.7,22.8,27.7,3.1,1.3,0,184,17,14,17,True,0.0062495338,25.6,71.95,57165,4.7
737,41060,"St. Cloud, MN",median_household_income,184,184,0,0,60133.402,58335,7451.1095,51572,54015,64118,75670,51572,75670,10103,4980,0,184,17,14,17,True,0.0062495338,25.6,71.95,57165,4.7
737,41060,"St. Cloud, MN",labor_force_participation_pct,184,184,0,0,71.776087,71.9,0.6028837,70.2,71.5,72.2,72.5,70.2,72.5,0.7,0.3,0,184,17,14,17,True,0.0062495338,25.6,71.95,57165,4.7
738,41100,"St. George, UT",startup_rate,231,231,0,0,9.922165,10.043668,5.2552596,0,7.4380165,13.09004,16.666667,0,37.5,5.6520238,2.8541256,10.38961,231,19,14,19,True,0.025060036,27.65,56.75,54020,5.75
738,41100,"St. George, UT",employment_growth,231,213,18,7.7922078,0.052200048,0.052014803,0.09983095,-0.066178839,0.015384615,0.081538462,0.16535851,-0.52631579,0.79545455,0.066153846,0.032069281,1.4084507,231,19,14,19,True,0.025060036,27.65,56.75,54020,5.75
738,41100,"St. George, UT",establishment_growth,231,213,18,7.7922078,0.05053755,0.04676259,0.064695259,-0.047001989,0.019607843,0.080310881,0.16007326,-0.18181818,0.30973451,0.060703038,0.029908657,3.286385,231,19,14,19,True,0.025060036,27.65,56.75,54020,5.75
738,41100,"St. George, UT",payroll_growth,231,213,18,7.7922078,0.08975052,0.088955453,0.09789704,-0.054200492,0.050166541,0.13344906,0.21793189,-0.48247327,0.52849988,0.083282517,0.04106332,0,231,19,14,19,True,0.025060036,27.65,56.75,54020,5.75
738,41100,"St. George, UT",wage_growth,231,213,18,7.7922078,0.037322144,0.036654525,0.056221081,-0.051589321,0.01206326,0.062073032,0.12645612,-0.19119649,0.27106611,0.050009771,0.024622899,0,231,19,14,19,True,0.025060036,27.65,56.75,54020,5.75
738,41100,"St. George, UT",acs_population_growth,231,215,16,6.9264069,0.026911462,0.025060036,0.0070443866,0.017335322,0.022285557,0.03285224,0.038315782,0.017335322,0.038315782,0.010566683,0.0068212831,0,231,19,14,19,True,0.025060036,27.65,56.75,54020,5.75
738,41100,"St. George, UT",unemployment_rate,231,231,0,0,6.1606061,6.3,2.6267284,3.1,3.4,8.7,10.2,3.1,10.2,5.3,2.8,0,231,19,14,19,True,0.025060036,27.65,56.75,54020,5.75
738,41100,"St. George, UT",educational_attainment_pct,231,231,0,0,27.953247,27.6,2.5835054,24,26.4,29.2,33.3,24,33.3,2.8,1.2,0,231,19,14,19,True,0.025060036,27.65,56.75,54020,5.75
738,41100,"St. George, UT",median_household_income,231,231,0,0,56839.472,52865,8448.7907,49145,50050,61747,76411,49145,76411,11697,3586,0,231,19,14,19,True,0.025060036,27.65,56.75,54020,5.75
738,41100,"St. George, UT",labor_force_participation_pct,231,231,0,0,57.194372,56.9,1.054767,55.8,56.4,57.6,59.5,55.8,59.5,1.2,0.5,0,231,19,14,19,True,0.025060036,27.65,56.75,54020,5.75
739,41140,"St. Joseph, MO-KS",startup_rate,86,86,0,0,5.1665975,4.701386,2.215276,2.0634486,3.7795558,7.025474,8.5881588,0,10.909091,3.2459183,1.5215067,3.4883721,86,10,14,10,False,-0.0021093076,19.95,60.7,48595,5.7
739,41140,"St. Joseph, MO-KS",employment_growth,86,68,18,20.930233,-0.011623071,-0.0079092692,0.058473188,-0.10176901,-0.032764411,0.021243048,0.05512861,-0.25248139,0.17894737,0.054007459,0.028855362,0,86,10,14,10,False,-0.0021093076,19.95,60.7,48595,5.7
739,41140,"St. Joseph, MO-KS",establishment_growth,86,68,18,20.930233,0.0020261128,0,0.028860071,-0.047347684,-0.017942584,0.025478053,0.04253337,-0.06557377,0.074074074,0.043420637,0.020268883,8.8235294,86,10,14,10,False,-0.0021093076,19.95,60.7,48595,5.7
739,41140,"St. Joseph, MO-KS",payroll_growth,86,68,18,20.930233,0.031467343,0.032723834,0.070383832,-0.077376432,0.0066668736,0.057927751,0.11506633,-0.21839815,0.33484356,0.051260877,0.025612388,0,86,10,14,10,False,-0.0021093076,19.95,60.7,48595,5.7
739,41140,"St. Joseph, MO-KS",wage_growth,86,68,18,20.930233,0.043804002,0.040887138,0.038388423,-0.0042330177,0.019164864,0.068072324,0.10983902,-0.048955512,0.13224818,0.04890746,0.024033684,0,86,10,14,10,False,-0.0021093076,19.95,60.7,48595,5.7
739,41140,"St. Joseph, MO-KS",acs_population_growth,86,80,6,6.9767442,-0.0035678112,-0.0021093076,0.0066604868,-0.017527572,-0.009724743,0.0026734604,0.0051575022,-0.017527572,0.0051575022,0.012398203,0.004782768,0,86,10,14,10,False,-0.0021093076,19.95,60.7,48595,5.7
739,41140,"St. Joseph, MO-KS",unemployment_rate,86,86,0,0,5.8360465,5.7,1.5435568,4,4.4,7,8.1,4,8.1,2.6,1.3,0,86,10,14,10,False,-0.0021093076,19.95,60.7,48595,5.7
739,41140,"St. Joseph, MO-KS",educational_attainment_pct,86,86,0,0,20.294186,19.95,1.5825039,18.5,18.9,21.8,22.9,18.5,22.9,2.9,1.05,0,86,10,14,10,False,-0.0021093076,19.95,60.7,48595,5.7
739,41140,"St. Joseph, MO-KS",median_household_income,86,86,0,0,50833.349,48595,6149.5556,43769,45642,53298,62900,43769,62900,7656,3544,0,86,10,14,10,False,-0.0021093076,19.95,60.7,48595,5.7
739,41140,"St. Joseph, MO-KS",labor_force_participation_pct,86,86,0,0,60.876744,60.7,1.4944347,59,59.4,62,63.2,59,63.2,2.6,1.3,0,86,10,14,10,False,-0.0021093076,19.95,60.7,48595,5.7
740,41180,"St. Louis, MO-IL",startup_rate,42,42,0,0,6.5337465,6.3516865,2.0499451,3.2702868,5.5320696,7.4909607,9.9253618,3.1014621,10.989597,1.9588911,1.1193177,0,42,5,14,5,False,0.0005478398,32.95,65.65,57886,6.7
740,41180,"St. Louis, MO-IL",employment_growth,42,32,10,23.809524,0.0083313546,0.0087110876,0.025051881,-0.030397585,-0.0034715913,0.01916882,0.048033456,-0.057251234,0.072798145,0.022640412,0.012215544,0,42,5,14,5,False,0.0005478398,32.95,65.65,57886,6.7
740,41180,"St. Louis, MO-IL",establishment_growth,42,32,10,23.809524,-0.001862259,-0.0027054197,0.011297029,-0.016511919,-0.011421379,0.0070506054,0.015000584,-0.020897357,0.027357513,0.018471984,0.0089296225,0,42,5,14,5,False,0.0005478398,32.95,65.65,57886,6.7
740,41180,"St. Louis, MO-IL",payroll_growth,42,32,10,23.809524,0.039087987,0.029632926,0.038353279,-0.0059000997,0.015851734,0.049315593,0.10954547,-0.020853487,0.15493464,0.033463859,0.014909793,0,42,5,14,5,False,0.0005478398,32.95,65.65,57886,6.7
740,41180,"St. Louis, MO-IL",wage_growth,42,32,10,23.809524,0.030460869,0.0243047,0.025909738,0.00035656015,0.013343956,0.041611526,0.078861444,-0.018654259,0.096781483,0.02826757,0.01327284,0,42,5,14,5,False,0.0005478398,32.95,65.65,57886,6.7
740,41180,"St. Louis, MO-IL",acs_population_growth,42,40,2,4.7619048,0.00063569217,0.00055018674,0.0025079482,-0.0064902555,0.0001156927,0.0022550468,0.0033139791,-0.0064902555,0.0034641582,0.0021393541,0.0012974448,0,42,5,14,5,False,0.0005478398,32.95,65.65,57886,6.7
740,41180,"St. Louis, MO-IL",unemployment_rate,42,42,0,0,6.7452381,7.1,1.8926304,4.4,4.6,8.8,9.285,4.2,9.3,4.2,1.85,0,42,5,14,5,False,0.0005478398,32.95,65.65,57886,6.7
740,41180,"St. Louis, MO-IL",educational_attainment_pct,42,42,0,0,33.069048,32.6,2.5144934,29.6,31.05,35.4,36.7,29.2,37.6,4.35,1.8,0,42,5,14,5,False,0.0005478398,32.95,65.65,57886,6.7
740,41180,"St. Louis, MO-IL",median_household_income,42,42,0,0,60788.738,56726,7738.9136,54109,54587,65725,75316,53227,78225,11138,2617,0,42,5,14,5,False,0.0005478398,32.95,65.65,57886,6.7
740,41180,"St. Louis, MO-IL",labor_force_participation_pct,42,42,0,0,65.959524,65.7,0.64166686,65.205,65.5,66.6,67,65.2,67.1,1.1,0.4,0,42,5,14,5,False,0.0005478398,32.95,65.65,57886,6.7
743,41420,"Salem, OR",startup_rate,208,208,0,0,6.7155955,6.7529185,2.8522867,0,5.0215517,8.6533947,11.11174,0,15.09434,3.631843,1.8253838,6.25,208,17,14,17,True,0.0090977345,24,61.45,52896,8.15
743,41420,"Salem, OR",employment_growth,208,185,23,11.057692,0.027272687,0.02434596,0.065930927,-0.047356964,-0.0040676863,0.057555137,0.1241523,-0.30851064,0.2415115,0.061622823,0.030735737,1.0810811,208,17,14,17,True,0.0090977345,24,61.45,52896,8.15
743,41420,"Salem, OR",establishment_growth,208,185,23,11.057692,0.037405366,0.026143791,0.098075673,-0.02469251,0.0059055118,0.055944056,0.15054945,-0.50906026,1.0416339,0.050038544,0.024358077,2.1621622,208,17,14,17,True,0.0090977345,24,61.45,52896,8.15
743,41420,"Salem, OR",payroll_growth,208,185,23,11.057692,0.069321695,0.063716405,0.077240369,-0.013891815,0.031927976,0.097666514,0.19797418,-0.24581238,0.46265312,0.065738538,0.033813332,0,208,17,14,17,True,0.0090977345,24,61.45,52896,8.15
743,41420,"Salem, OR",wage_growth,208,185,23,11.057692,0.041325786,0.035627022,0.042053981,-0.017965546,0.016488923,0.05728124,0.11830356,-0.06744257,0.21329469,0.040792317,0.019852249,0,208,17,14,17,True,0.0090977345,24,61.45,52896,8.15
743,41420,"Salem, OR",acs_population_growth,208,195,13,6.25,0.0096859818,0.0090977345,0.0037758749,0.00385312,0.0070425481,0.012647007,0.016729291,0.00385312,0.016729291,0.0056044592,0.002654563,0,208,17,14,17,True,0.0090977345,24,61.45,52896,8.15
743,41420,"Salem, OR",unemployment_rate,208,208,0,0,8.2985577,7.1,2.8860564,5.2,5.6,10.775,12.9,5.2,12.9,5.175,1.9,0,208,17,14,17,True,0.0090977345,24,61.45,52896,8.15
743,41420,"Salem, OR",educational_attainment_pct,208,208,0,0,24.221635,24.2,1.4899221,22.1,23.1,25.4,26.9,22.1,26.9,2.3,1.2,0,208,17,14,17,True,0.0090977345,24,61.45,52896,8.15
743,41420,"Salem, OR",median_household_income,208,208,0,0,56967.755,54304,9533.4033,46997,48433,62539,76010,46997,76010,14106,6287,0,208,17,14,17,True,0.0090977345,24,61.45,52896,8.15
743,41420,"Salem, OR",labor_force_participation_pct,208,208,0,0,61.686058,61.4,0.58964317,61.1,61.3,61.6,63.1,61.1,63.1,0.3,0.2,0,208,17,14,17,True,0.0090977345,24,61.45,52896,8.15
745,41500,"Salinas, CA",startup_rate,255,255,0,0,5.5744034,5.7377049,3.1100713,0,4.0765661,7.4609291,10.657721,0,14.826498,3.3843631,1.6697025,13.72549,255,19,14,19,True,0.0068967762,23.75,61.15,62069,6.45
745,41500,"Salinas, CA",employment_growth,255,238,17,6.6666667,0.011805856,0.016122878,0.097329029,-0.10475853,-0.024188418,0.045026811,0.12564764,-0.3608137,0.69032258,0.069215229,0.034834518,0,255,19,14,19,True,0.0068967762,23.75,61.15,62069,6.45
745,41500,"Salinas, CA",establishment_growth,255,238,17,6.6666667,0.023630421,0.015749089,0.228232,-0.067776073,-0.0085785667,0.037245245,0.09124489,-0.8033494,3.3580508,0.045823812,0.023556905,4.6218487,255,19,14,19,True,0.0068967762,23.75,61.15,62069,6.45
745,41500,"Salinas, CA",payroll_growth,255,238,17,6.6666667,0.041912059,0.044125338,0.091537283,-0.087006678,0.0050873128,0.081146477,0.16681552,-0.52409349,0.43610986,0.076059164,0.038236024,0,255,19,14,19,True,0.0068967762,23.75,61.15,62069,6.45
745,41500,"Salinas, CA",wage_growth,255,238,17,6.6666667,0.031587357,0.033784823,0.056092788,-0.051344088,0.0077296685,0.053881153,0.11222167,-0.25544542,0.3171492,0.046151485,0.023902821,0,255,19,14,19,True,0.0068967762,23.75,61.15,62069,6.45
745,41500,"Salinas, CA",acs_population_growth,255,238,17,6.6666667,0.0050956548,0.0068967762,0.0058971971,-0.0040561323,0.00010157722,0.010362152,0.013802119,-0.0040561323,0.013802119,0.010260575,0.0048051576,0,255,19,14,19,True,0.0068967762,23.75,61.15,62069,6.45
745,41500,"Salinas, CA",unemployment_rate,255,255,0,0,7.4592157,6,2.4212444,4.9,5.3,10.2,11.1,4.9,11.1,4.9,0.9,0,255,19,14,19,True,0.0068967762,23.75,61.15,62069,6.45
745,41500,"Salinas, CA",educational_attainment_pct,255,255,0,0,24.563529,23.9,1.6460772,23,23.2,26.2,27.9,23,27.9,3,0.8,0,255,19,14,19,True,0.0068967762,23.75,61.15,62069,6.45
745,41500,"Salinas, CA",median_household_income,255,255,0,0,68976.651,63249,12220.908,58582,59271,76943,94486,58582,94486,17672,4466,0,255,19,14,19,True,0.0068967762,23.75,61.15,62069,6.45
745,41500,"Salinas, CA",labor_force_participation_pct,255,255,0,0,61.866275,61.1,1.574914,60.4,60.6,63.1,65.1,60.4,65.1,2.5,0.5,0,255,19,14,19,True,0.0068967762,23.75,61.15,62069,6.45
746,41540,"Salisbury, MD",startup_rate,140,140,0,0,5.5187472,4.7957843,3.7049146,0,3.6935287,6.5785494,14.285714,0,23.076923,2.8850207,1.361371,7.8571429,140,14,14,14,True,0.010642956,25.35,58.25,54941.5,7.15
746,41540,"Salisbury, MD",employment_growth,140,125,15,10.714286,0.00040817272,0.0047043011,0.06300994,-0.089682075,-0.03075944,0.024062934,0.08667436,-0.32640333,0.23969072,0.054822374,0.023541713,0,140,14,14,14,True,0.010642956,25.35,58.25,54941.5,7.15
746,41540,"Salisbury, MD",establishment_growth,140,125,15,10.714286,-0.00092176607,0.0023148148,0.033704598,-0.052005393,-0.020547945,0.018450185,0.046585632,-0.17142857,0.088235294,0.03899813,0.018981481,5.6,140,14,14,14,True,0.010642956,25.35,58.25,54941.5,7.15
746,41540,"Salisbury, MD",payroll_growth,140,125,15,10.714286,0.033738736,0.031388277,0.068327242,-0.065390229,0.00018627818,0.067890104,0.13018716,-0.16228367,0.36718853,0.067703826,0.032381848,0,140,14,14,14,True,0.010642956,25.35,58.25,54941.5,7.15
746,41540,"Salisbury, MD",wage_growth,140,125,15,10.714286,0.033998205,0.031158198,0.040440895,-0.026538501,0.01101998,0.049132948,0.098917536,-0.053726367,0.25642039,0.038112967,0.018962362,0,140,14,14,14,True,0.010642956,25.35,58.25,54941.5,7.15
746,41540,"Salisbury, MD",acs_population_growth,140,133,7,5,0.13398233,0.010642956,0.62614207,-0.69476897,0.0082612718,0.013543418,2.0168738,-0.69476897,2.0168738,0.0052821466,0.0026480538,0,140,14,14,14,True,0.010642956,25.35,58.25,54941.5,7.15
746,41540,"Salisbury, MD",unemployment_rate,140,140,0,0,7.5242857,7.4,1.5303111,5.5,6,9.2,9.7,5.5,9.7,3.2,1.5,0,140,14,14,14,True,0.010642956,25.35,58.25,54941.5,7.15
746,41540,"Salisbury, MD",educational_attainment_pct,140,140,0,0,25.667143,24.9,2.184064,23.065,23.8,27.3,30.3,22.4,30.3,3.5,1.5,0,140,14,14,14,True,0.010642956,25.35,58.25,54941.5,7.15
746,41540,"Salisbury, MD",median_household_income,140,140,0,0,57310.464,53600,7301.5218,48970.55,52161,62799,72964,48582,72964,10638,4609,0,140,14,14,14,True,0.010642956,25.35,58.25,54941.5,7.15
746,41540,"Salisbury, MD",labor_force_participation_pct,140,140,0,0,59.073571,58.3,1.7532544,57.2,57.5,60.8,62.21,57.2,62.4,3.3,0.9,0,140,14,14,14,True,0.010642956,25.35,58.25,54941.5,7.15
747,41620,"Salt Lake City-Murray, UT",startup_rate,210,210,0,0,8.6729259,8.8727431,3.0304557,3.8588261,7.1190353,10.696447,13.176862,0,15.929204,3.5774117,1.7961228,3.3333333,210,19,14,19,True,0.013471586,32.65,71.55,66201,4.8
747,41620,"Salt Lake City-Murray, UT",employment_growth,210,183,27,12.857143,0.029059978,0.031222162,0.049242684,-0.028591027,0.011597386,0.050089116,0.088670771,-0.25849515,0.21996303,0.038491731,0.019383722,0,210,19,14,19,True,0.013471586,32.65,71.55,66201,4.8
747,41620,"Salt Lake City-Murray, UT",establishment_growth,210,183,27,12.857143,0.048140805,0.036189069,0.054257914,-0.011971807,0.022762262,0.065662209,0.14770457,-0.10852713,0.30107973,0.042899947,0.022053183,0,210,19,14,19,True,0.013471586,32.65,71.55,66201,4.8
747,41620,"Salt Lake City-Murray, UT",payroll_growth,210,183,27,12.857143,0.071222327,0.071504752,0.062934495,-0.021013756,0.042555308,0.097693397,0.18203986,-0.14163597,0.28464564,0.055138089,0.027865775,0,210,19,14,19,True,0.013471586,32.65,71.55,66201,4.8
747,41620,"Salt Lake City-Murray, UT",wage_growth,210,183,27,12.857143,0.04107907,0.036279293,0.037868754,-0.010606885,0.020981782,0.060725936,0.10559739,-0.12135631,0.17217508,0.039744153,0.019539803,0,210,19,14,19,True,0.013471586,32.65,71.55,66201,4.8
747,41620,"Salt Lake City-Murray, UT",acs_population_growth,210,195,15,7.1428571,0.011386421,0.013471586,0.00909153,-0.017345441,0.012415875,0.014636538,0.023616006,-0.017345441,0.023616006,0.002220663,0.0011649521,0,210,19,14,19,True,0.013471586,32.65,71.55,66201,4.8
747,41620,"Salt Lake City-Murray, UT",unemployment_rate,210,210,0,0,5.1466667,4.4,1.4631072,3.6,3.8,6.6,7.6,3.6,7.6,2.8,0.8,0,210,19,14,19,True,0.013471586,32.65,71.55,66201,4.8
747,41620,"Salt Lake City-Murray, UT",educational_attainment_pct,210,210,0,0,33.342857,33.1,2.6343283,30.3,30.8,35.8,37.8,30.3,37.8,5,2.6,0,210,19,14,19,True,0.013471586,32.65,71.55,66201,4.8
747,41620,"Salt Lake City-Murray, UT",median_household_income,210,210,0,0,70914.29,67838,11817.57,58677,60616,77102,95045,58677,95045,16486,7509,0,210,19,14,19,True,0.013471586,32.65,71.55,66201,4.8
747,41620,"Salt Lake City-Murray, UT",labor_force_participation_pct,210,210,0,0,71.566667,71.7,0.44316536,70.9,71.1,72,72.2,70.9,72.2,0.9,0.35,0,210,19,14,19,True,0.013471586,32.65,71.55,66201,4.8
748,41660,"San Angelo, TX",startup_rate,75,75,0,0,5.6956924,4.9079755,4.5132698,0,3.152606,7.3002421,14.545455,0,20.588235,4.1476361,1.8776724,16,75,10,14,10,False,0.0090085983,23,64.45,48872.5,4
748,41660,"San Angelo, TX",employment_growth,75,59,16,21.333333,0.014549222,0.010644959,0.10131551,-0.11425887,-0.027231184,0.04940652,0.18617641,-0.33354037,0.31584062,0.076637704,0.038613515,3.3898305,75,10,14,10,False,0.0090085983,23,64.45,48872.5,4
748,41660,"San Angelo, TX",establishment_growth,75,59,16,21.333333,0.010365525,0.010335917,0.051675972,-0.054005074,-0.01548574,0.02765925,0.069238772,-0.12264151,0.26436782,0.04314499,0.021699554,8.4745763,75,10,14,10,False,0.0090085983,23,64.45,48872.5,4
748,41660,"San Angelo, TX",payroll_growth,75,59,16,21.333333,0.065973512,0.056542178,0.14854202,-0.092926071,-0.0048591409,0.11697837,0.34097349,-0.38607382,0.49661603,0.12183751,0.061862375,0,75,10,14,10,False,0.0090085983,23,64.45,48872.5,4
748,41660,"San Angelo, TX",wage_growth,75,59,16,21.333333,0.047432957,0.047207095,0.063813171,-0.071344207,0.021568058,0.076824216,0.14571014,-0.13281442,0.26077064,0.055256158,0.030366059,0,75,10,14,10,False,0.0090085983,23,64.45,48872.5,4
748,41660,"San Angelo, TX",acs_population_growth,75,68,7,9.3333333,0.0062624969,0.005255013,0.0074988144,-0.011445729,0.0041519688,0.012661116,0.015522313,-0.011445729,0.015522313,0.0085091473,0.0037535853,0,75,10,14,10,False,0.0090085983,23,64.45,48872.5,4
748,41660,"San Angelo, TX",unemployment_rate,75,75,0,0,4.64,4,1.4238319,3.1,3.7,6.2,7,3.1,7.1,2.5,0.9,0,75,10,14,10,False,0.0090085983,23,64.45,48872.5,4
748,41660,"San Angelo, TX",educational_attainment_pct,75,75,0,0,23.304,24.1,1.4702859,21.37,21.75,24.7,25.1,21.3,25.1,2.95,1,0,75,10,14,10,False,0.0090085983,23,64.45,48872.5,4
748,41660,"San Angelo, TX",median_household_income,75,75,0,0,52826.987,51738,8841.9808,41489,44942,61456,66832,41489,66832,16514,7112,0,75,10,14,10,False,0.0090085983,23,64.45,48872.5,4
748,41660,"San Angelo, TX",labor_force_participation_pct,75,75,0,0,64.569333,64.4,1.0245597,62.9,63.6,65.6,65.9,62.9,65.9,2,1,0,75,10,14,10,False,0.0090085983,23,64.45,48872.5,4
749,41700,"San Antonio-New Braunfels, TX",startup_rate,147,147,0,0,9.254191,8.918982,2.3768043,5.7634342,7.341607,11.050881,13.266055,4.8479087,15.59633,3.7092744,1.8642071,0,147,14,14,14,True,0.019960187,27.2,64.8,55566.5,6.2
749,41700,"San Antonio-New Braunfels, TX",employment_growth,147,128,19,12.92517,0.021370571,0.025690801,0.050179323,-0.051393025,0.0074490464,0.043899685,0.080994694,-0.26568244,0.21396851,0.036450639,0.018214197,0,147,14,14,14,True,0.019960187,27.2,64.8,55566.5,6.2
749,41700,"San Antonio-New Braunfels, TX",establishment_growth,147,128,19,12.92517,0.022460705,0.022661172,0.034346384,-0.014217443,0.0083968296,0.038084564,0.059564439,-0.22226099,0.13581315,0.029687734,0.015150439,0.78125,147,14,14,14,True,0.019960187,27.2,64.8,55566.5,6.2
749,41700,"San Antonio-New Braunfels, TX",payroll_growth,147,128,19,12.92517,0.057701007,0.059451231,0.056023936,-0.036457277,0.038226962,0.082981175,0.14334067,-0.17835583,0.23265434,0.044754213,0.022002279,0,147,14,14,14,True,0.019960187,27.2,64.8,55566.5,6.2
749,41700,"San Antonio-New Braunfels, TX",wage_growth,147,128,19,12.92517,0.035982514,0.034669689,0.034709619,-0.027299223,0.021246119,0.05109275,0.091879273,-0.084859093,0.16696561,0.029846631,0.01547669,0,147,14,14,14,True,0.019960187,27.2,64.8,55566.5,6.2
749,41700,"San Antonio-New Braunfels, TX",acs_population_growth,147,137,10,6.8027211,0.018586361,0.019960187,0.0037920137,0.0076654911,0.01702379,0.020751265,0.023170579,0.0076654911,0.023170579,0.0037274748,0.0012454,0,147,14,14,14,True,0.019960187,27.2,64.8,55566.5,6.2
749,41700,"San Antonio-New Braunfels, TX",unemployment_rate,147,147,0,0,6.3394558,6.5,1.0063877,5.1,5.3,7.2,7.9,5.1,7.9,1.9,1,0,147,14,14,14,True,0.019960187,27.2,64.8,55566.5,6.2
749,41700,"San Antonio-New Braunfels, TX",educational_attainment_pct,147,147,0,0,27.604762,27,1.9096487,25.2,26.2,28.8,31.9,25.2,31.9,2.6,1.2,0,147,14,14,14,True,0.019960187,27.2,64.8,55566.5,6.2
749,41700,"San Antonio-New Braunfels, TX",median_household_income,147,147,0,0,57475.041,54638,7059.4853,49221,52139,61437,74297,49221,74297,9298,3563,0,147,14,14,14,True,0.019960187,27.2,64.8,55566.5,6.2
749,41700,"San Antonio-New Braunfels, TX",labor_force_participation_pct,147,147,0,0,64.553061,64.7,0.51302302,63.8,64.1,65.05,65.2,63.8,65.2,0.95,0.5,0,147,14,14,14,True,0.019960187,27.2,64.8,55566.5,6.2
750,41740,"San Diego-Chula Vista-Carlsbad, CA",startup_rate,252,252,0,0,8.9204301,9.235325,3.1275862,2.1953454,7.645453,10.501862,13.383754,0,20,2.8564095,1.3825989,1.984127,252,19,14,19,True,0.0093162261,36.95,65.75,68558.5,7.45
750,41740,"San Diego-Chula Vista-Carlsbad, CA",employment_growth,252,233,19,7.5396825,0.01621518,0.020114943,0.064649146,-0.0718924,-0.0058479532,0.043237269,0.10850335,-0.37996422,0.25803587,0.049085222,0.024835426,0,252,19,14,19,True,0.0093162261,36.95,65.75,68558.5,7.45
750,41740,"San Diego-Chula Vista-Carlsbad, CA",establishment_growth,252,233,19,7.5396825,0.031833288,0.023094115,0.171823,-0.030623239,0.0024440914,0.040769583,0.094003649,-0.76638126,2.4593742,0.038325492,0.018845826,0,252,19,14,19,True,0.0093162261,36.95,65.75,68558.5,7.45
750,41740,"San Diego-Chula Vista-Carlsbad, CA",payroll_growth,252,233,19,7.5396825,0.054265119,0.054274239,0.074308518,-0.065443352,0.020048422,0.089801101,0.16843699,-0.25812636,0.33029746,0.069752679,0.035526862,0,252,19,14,19,True,0.0093162261,36.95,65.75,68558.5,7.45
750,41740,"San Diego-Chula Vista-Carlsbad, CA",wage_growth,252,233,19,7.5396825,0.038099508,0.035535757,0.046163865,-0.030570261,0.01614205,0.061074582,0.12235075,-0.09962885,0.27767401,0.044932532,0.023042265,0,252,19,14,19,True,0.0093162261,36.95,65.75,68558.5,7.45
750,41740,"San Diego-Chula Vista-Carlsbad, CA",acs_population_growth,252,233,19,7.5396825,0.006224246,0.0093162261,0.0069711287,-0.0083192688,0.0023814313,0.012551431,0.014300258,-0.0083192688,0.014300258,0.01017,0.0036380229,0,252,19,14,19,True,0.0093162261,36.95,65.75,68558.5,7.45
750,41740,"San Diego-Chula Vista-Carlsbad, CA",unemployment_rate,252,252,0,0,7.6361111,7.1,1.4034411,6,6.3,8.9,10,6,10,2.6,0.9,0,252,19,14,19,True,0.0093162261,36.95,65.75,68558.5,7.45
750,41740,"San Diego-Chula Vista-Carlsbad, CA",educational_attainment_pct,252,252,0,0,37.311508,37.4,2.6506833,34.1,34.6,39.5,42.1,34.1,42.1,4.9,2.8,0,252,19,14,19,True,0.0093162261,36.95,65.75,68558.5,7.45
750,41740,"San Diego-Chula Vista-Carlsbad, CA",median_household_income,252,252,0,0,74676.841,70588,13051.326,62962,63857,82426,102285,62962,102285,18569,7519,0,252,19,14,19,True,0.0093162261,36.95,65.75,68558.5,7.45
750,41740,"San Diego-Chula Vista-Carlsbad, CA",labor_force_participation_pct,252,252,0,0,65.665476,65.8,0.4984024,64.9,65.1,66,66.4,64.9,66.4,0.9,0.4,0,252,19,14,19,True,0.0093162261,36.95,65.75,68558.5,7.45
752,41780,"Sandusky, OH",startup_rate,145,145,0,0,4.4537473,4.0816327,2.647616,0,3,6.0606061,9.2594151,0,11.538462,3.0606061,1.35315,11.034483,145,14,14,14,True,-0.0032458663,20.2,62.45,47186,8.35
752,41780,"Sandusky, OH",employment_growth,145,126,19,13.103448,0.0049870698,0.0075804213,0.076884375,-0.10740871,-0.019172303,0.032921485,0.091009026,-0.24535625,0.48016165,0.052093788,0.026527785,0.79365079,145,14,14,14,True,-0.0032458663,20.2,62.45,47186,8.35
752,41780,"Sandusky, OH",establishment_growth,145,126,19,13.103448,0.0028899051,0.0043026871,0.039225488,-0.036669277,-0.013570634,0.023011114,0.051973684,-0.19444444,0.13333333,0.036581748,0.018642619,8.7301587,145,14,14,14,True,-0.0032458663,20.2,62.45,47186,8.35
752,41780,"Sandusky, OH",payroll_growth,145,126,19,13.103448,0.036683943,0.035475983,0.097399457,-0.10118407,0.0043091325,0.074003499,0.15320051,-0.46990933,0.6018298,0.069694366,0.03640806,0,145,14,14,14,True,-0.0032458663,20.2,62.45,47186,8.35
752,41780,"Sandusky, OH",wage_growth,145,126,19,13.103448,0.031852722,0.036460027,0.06182888,-0.05000349,0.007952278,0.059290403,0.10925654,-0.40609005,0.17650705,0.051338125,0.026030878,0,145,14,14,14,True,-0.0032458663,20.2,62.45,47186,8.35
752,41780,"Sandusky, OH",acs_population_growth,145,20,125,86.206897,-0.0032458663,-0.0032458663,0.00027029492,-0.0035093172,-0.0035093172,-0.0029824154,-0.0029824154,-0.0035093172,-0.0029824154,0.0005269018,0.0002634509,0,145,14,14,14,True,-0.0032458663,20.2,62.45,47186,8.35
752,41780,"Sandusky, OH",unemployment_rate,145,42,103,71.034483,7.6428571,8,1.5297286,5,8,8.7,8.8,5,8.8,0.7,0.7,0,145,14,14,14,True,-0.0032458663,20.2,62.45,47186,8.35
752,41780,"Sandusky, OH",educational_attainment_pct,145,42,103,71.034483,22.028571,20.1,3.4368367,20,20.1,20.3,28.1,20,28.1,0.2,0.1,0,145,14,14,14,True,-0.0032458663,20.2,62.45,47186,8.35
752,41780,"Sandusky, OH",median_household_income,145,42,103,71.034483,52612.048,46906,10231.699,46593,46593,47466,70687,46593,70687,873,313,0,145,14,14,14,True,-0.0032458663,20.2,62.45,47186,8.35
752,41780,"Sandusky, OH",labor_force_participation_pct,145,42,103,71.034483,62.128571,62.7,1.1506702,60.2,62.2,63.2,63.2,60.2,63.2,1,0.5,0,145,14,14,14,True,-0.0032458663,20.2,62.45,47186,8.35
754,41860,"San Francisco-Oakland-Fremont, CA",startup_rate,210,210,0,0,8.1030088,7.9928667,2.7443431,2.0788906,6.7762211,9.5851711,13.369478,1.0327022,16.091954,2.80895,1.3917601,0,210,18,14,18,True,0.010739046,47,67.1,89330.5,6.25
754,41860,"San Francisco-Oakland-Fremont, CA",employment_growth,210,189,21,10,0.018731613,0.02367525,0.07124375,-0.080042909,0.0010746217,0.047170762,0.099285261,-0.35856537,0.26999643,0.046096141,0.023495512,0,210,18,14,18,True,0.010739046,47,67.1,89330.5,6.25
754,41860,"San Francisco-Oakland-Fremont, CA",establishment_growth,210,189,21,10,0.036168248,0.018057589,0.29328009,-0.023744589,-0.0018077239,0.036651339,0.077478164,-0.77642571,3.9412289,0.038459063,0.019865313,0.52910053,210,18,14,18,True,0.010739046,47,67.1,89330.5,6.25
754,41860,"San Francisco-Oakland-Fremont, CA",payroll_growth,210,189,21,10,0.06678786,0.065310958,0.10108733,-0.039049733,0.033789105,0.096000227,0.18598593,-0.32867415,0.83590625,0.062211121,0.031265258,0,210,18,14,18,True,0.010739046,47,67.1,89330.5,6.25
754,41860,"San Francisco-Oakland-Fremont, CA",wage_growth,210,189,21,10,0.049788642,0.039814726,0.097005313,-0.038921737,0.0193139,0.064050221,0.15126716,-0.39646408,0.6983699,0.04473632,0.021685872,0,210,18,14,18,True,0.010739046,47,67.1,89330.5,6.25
754,41860,"San Francisco-Oakland-Fremont, CA",acs_population_growth,210,195,15,7.1428571,0.0072625993,0.010739046,0.0074824188,-0.0082367874,0.0034748854,0.013025034,0.01442787,-0.0082367874,0.01442787,0.0095501481,0.0036888238,0,210,18,14,18,True,0.010739046,47,67.1,89330.5,6.25
754,41860,"San Francisco-Oakland-Fremont, CA",unemployment_rate,210,210,0,0,6.7290476,6.7,1.6942526,4.5,5.2,8.4,9.4,4.5,9.4,3.2,1.7,0,210,18,14,18,True,0.010739046,47,67.1,89330.5,6.25
754,41860,"San Francisco-Oakland-Fremont, CA",educational_attainment_pct,210,210,0,0,47.416667,46.6,3.1582441,43.5,44.5,50.7,52.4,43.5,52.4,6.2,2.5,0,210,18,14,18,True,0.010739046,47,67.1,89330.5,6.25
754,41860,"San Francisco-Oakland-Fremont, CA",median_household_income,210,210,0,0,95586.424,85947,19688.667,75707,77887,110837,133780,75707,133780,32950,9036,0,210,18,14,18,True,0.010739046,47,67.1,89330.5,6.25
754,41860,"San Francisco-Oakland-Fremont, CA",labor_force_participation_pct,210,210,0,0,67.171905,67.1,0.22862432,66.9,67,67.3,67.6,66.9,67.6,0.3,0.1,0,210,18,14,18,True,0.010739046,47,67.1,89330.5,6.25
755,41940,"San Jose-Sunnyvale-Santa Clara, CA",startup_rate,184,184,0,0,8.7507625,8.5340718,2.9664792,5.1978268,7.2277806,9.7517054,13.257231,0,29.166667,2.5239248,1.2765866,1.0869565,184,16,14,16,True,0.0090361665,48.75,67.4,103139,6.25
755,41940,"San Jose-Sunnyvale-Santa Clara, CA",employment_growth,184,169,15,8.1521739,0.022826139,0.027638385,0.081109431,-0.069696271,0.0022947403,0.048851125,0.1216565,-0.40995882,0.38107753,0.046556385,0.023214533,0,184,16,14,16,True,0.0090361665,48.75,67.4,103139,6.25
755,41940,"San Jose-Sunnyvale-Santa Clara, CA",establishment_growth,184,169,15,8.1521739,0.038386027,0.023890785,0.25038557,-0.021857998,0.00037341299,0.041193182,0.084425666,-0.77437607,3.1362633,0.040819769,0.021544285,0.59171598,184,16,14,16,True,0.0090361665,48.75,67.4,103139,6.25
755,41940,"San Jose-Sunnyvale-Santa Clara, CA",payroll_growth,184,169,15,8.1521739,0.080644693,0.074115865,0.22589003,-0.088169737,0.037580633,0.1016454,0.2231966,-0.43224888,2.7321899,0.064064769,0.032171875,0,184,16,14,16,True,0.0090361665,48.75,67.4,103139,6.25
755,41940,"San Jose-Sunnyvale-Santa Clara, CA",wage_growth,184,169,15,8.1521739,0.059110864,0.042422417,0.21054701,-0.084441002,0.019652999,0.071010759,0.17426516,-0.50490241,2.5448015,0.05135776,0.024992445,0,184,16,14,16,True,0.0090361665,48.75,67.4,103139,6.25
755,41940,"San Jose-Sunnyvale-Santa Clara, CA",acs_population_growth,184,171,13,7.0652174,0.0072432697,0.0090361665,0.0076944439,-0.006899538,0.0031438987,0.013787198,0.016128903,-0.006899538,0.016128903,0.010643299,0.0053170688,0,184,16,14,16,True,0.0090361665,48.75,67.4,103139,6.25
755,41940,"San Jose-Sunnyvale-Santa Clara, CA",unemployment_rate,184,184,0,0,6.5516304,5.8,2.0416691,4.3,4.5,8.7,9.8,4.3,9.8,4.2,1.4,0,184,16,14,16,True,0.0090361665,48.75,67.4,103139,6.25
755,41940,"San Jose-Sunnyvale-Santa Clara, CA",educational_attainment_pct,184,184,0,0,49.194022,49.2,3.5144537,44.5,45.7,52.5,54.8,44.5,54.8,6.8,3.3,0,184,16,14,16,True,0.0090361665,48.75,67.4,103139,6.25
755,41940,"San Jose-Sunnyvale-Santa Clara, CA",median_household_income,184,184,0,0,111851.13,105809,23373.592,86286,90962,129343,157444,86286,157444,38381,15869,0,184,16,14,16,True,0.0090361665,48.75,67.4,103139,6.25
755,41940,"San Jose-Sunnyvale-Santa Clara, CA",labor_force_participation_pct,184,184,0,0,67.402174,67.4,0.17954299,67.2,67.2,67.4,67.8,67.2,67.8,0.2,0.1,0,184,16,14,16,True,0.0090361665,48.75,67.4,103139,6.25
757,42020,"San Luis Obispo-Paso Robles, CA",startup_rate,239,239,0,0,6.593799,6.6838046,3.6766118,0,5.0955644,8.2151182,11.917376,0,21.212121,3.1195538,1.5709124,11.297071,239,19,14,19,True,0.0051636285,34.05,58.6,65594.5,5.3
757,42020,"San Luis Obispo-Paso Robles, CA",employment_growth,239,220,19,7.9497908,0.022565185,0.016514149,0.18440509,-0.15024672,-0.013379782,0.048334776,0.11746805,-0.37385181,2.4524496,0.061714558,0.030886635,1.3636364,239,19,14,19,True,0.0051636285,34.05,58.6,65594.5,5.3
757,42020,"San Luis Obispo-Paso Robles, CA",establishment_growth,239,220,19,7.9497908,0.019374572,0.017249835,0.10362901,-0.066839431,-0.0090480241,0.04039476,0.096054369,-0.66501854,1.1940976,0.049442784,0.024747961,5.9090909,239,19,14,19,True,0.0051636285,34.05,58.6,65594.5,5.3
757,42020,"San Luis Obispo-Paso Robles, CA",payroll_growth,239,220,19,7.9497908,0.060384226,0.054698156,0.14213653,-0.10122464,0.018943226,0.10141033,0.19114171,-0.25612982,1.6535024,0.082467108,0.040856305,0,239,19,14,19,True,0.0051636285,34.05,58.6,65594.5,5.3
757,42020,"San Luis Obispo-Paso Robles, CA",wage_growth,239,220,19,7.9497908,0.041637707,0.039699469,0.068146675,-0.054026325,0.011801824,0.065059043,0.15954821,-0.23140438,0.37281404,0.053257219,0.027962303,0,239,19,14,19,True,0.0051636285,34.05,58.6,65594.5,5.3
757,42020,"San Luis Obispo-Paso Robles, CA",acs_population_growth,239,223,16,6.6945607,0.0045064271,0.0051636285,0.0039342836,-0.0037450799,0.001247497,0.0078223039,0.0086377962,-0.0037450799,0.0086377962,0.0065748068,0.0032359369,0,239,19,14,19,True,0.0051636285,34.05,58.6,65594.5,5.3
757,42020,"San Luis Obispo-Paso Robles, CA",unemployment_rate,239,239,0,0,6.1133891,5.1,1.6064957,4,4.8,8,8.7,4,8.7,3.2,0.6,0,239,19,14,19,True,0.0051636285,34.05,58.6,65594.5,5.3
757,42020,"San Luis Obispo-Paso Robles, CA",educational_attainment_pct,239,239,0,0,34.156485,34,2.6166784,30.6,31.5,36.1,39.2,30.6,39.2,4.6,2.1,0,239,19,14,19,True,0.0051636285,34.05,58.6,65594.5,5.3
757,42020,"San Luis Obispo-Paso Robles, CA",median_household_income,239,239,0,0,69658.745,67175,11890.448,57365,59454,77948,93398,57365,93398,18494,7721,0,239,19,14,19,True,0.0051636285,34.05,58.6,65594.5,5.3
757,42020,"San Luis Obispo-Paso Robles, CA",labor_force_participation_pct,239,239,0,0,58.770293,58.6,0.50041613,58,58.5,59.3,59.8,58,59.8,0.8,0.1,0,239,19,14,19,True,0.0051636285,34.05,58.6,65594.5,5.3
758,42100,"Santa Cruz-Watsonville, CA",startup_rate,221,221,0,0,6.3731945,6.351551,3.1048207,0,4.9707602,8.2089552,10.24531,0,23.809524,3.238195,1.6331339,7.6923077,221,19,14,19,True,0.0061386374,39.4,64.3,71875.5,7
758,42100,"Santa Cruz-Watsonville, CA",employment_growth,221,201,20,9.0497738,0.012610026,0.015499871,0.087608105,-0.091935484,-0.020646838,0.051961824,0.1237721,-0.45122888,0.35046189,0.072608662,0.036461953,1.4925373,221,19,14,19,True,0.0061386374,39.4,64.3,71875.5,7
758,42100,"Santa Cruz-Watsonville, CA",establishment_growth,221,201,20,9.0497738,0.02218869,0.010582011,0.17353085,-0.04,-0.0058823529,0.036036036,0.084170854,-0.75176715,2.27125,0.041918389,0.02047389,4.9751244,221,19,14,19,True,0.0061386374,39.4,64.3,71875.5,7
758,42100,"Santa Cruz-Watsonville, CA",payroll_growth,221,201,20,9.0497738,0.049184347,0.053218157,0.11244812,-0.10117985,0.01356081,0.093648246,0.18214701,-0.69164982,0.71883139,0.080087436,0.040082459,0,221,19,14,19,True,0.0061386374,39.4,64.3,71875.5,7
758,42100,"Santa Cruz-Watsonville, CA",wage_growth,221,201,20,9.0497738,0.036538186,0.036062607,0.081364889,-0.085054391,0.011200427,0.062434821,0.11955519,-0.45023773,0.63762698,0.051234395,0.026372214,0,221,19,14,19,True,0.0061386374,39.4,64.3,71875.5,7
758,42100,"Santa Cruz-Watsonville, CA",acs_population_growth,221,204,17,7.6923077,0.0023087663,0.0061386374,0.007677707,-0.013107321,-0.0031126507,0.0090442887,0.01132605,-0.013107321,0.01132605,0.012156939,0.0043015793,0,221,19,14,19,True,0.0061386374,39.4,64.3,71875.5,7
758,42100,"Santa Cruz-Watsonville, CA",unemployment_rate,221,221,0,0,7.1647059,6.7,1.2383727,5.6,6.1,8.4,9.3,5.6,9.3,2.3,0.9,0,221,19,14,19,True,0.0061386374,39.4,64.3,71875.5,7
758,42100,"Santa Cruz-Watsonville, CA",educational_attainment_pct,221,221,0,0,39.737104,39.8,2.1216158,37,37.5,41.8,43.6,37,43.6,4.3,2.1,0,221,19,14,19,True,0.0061386374,39.4,64.3,71875.5,7
758,42100,"Santa Cruz-Watsonville, CA",median_household_income,221,221,0,0,79414.403,73663,14966.503,65253,66571,89986,109266,65253,109266,23415,7633,0,221,19,14,19,True,0.0061386374,39.4,64.3,71875.5,7
758,42100,"Santa Cruz-Watsonville, CA",labor_force_participation_pct,221,221,0,0,64.50181,64.3,0.88932885,63.5,63.8,65.2,66.1,63.5,66.1,1.4,0.6,0,221,19,14,19,True,0.0061386374,39.4,64.3,71875.5,7
759,42140,"Santa Fe, NM",startup_rate,238,238,0,0,5.6931736,5.9368615,3.1588509,0,4.2857143,7.9736842,10.399702,0,13.559322,3.6879699,1.8735961,14.705882,238,19,14,19,True,0.0066093535,40.8,60.45,56657.5,6.1
759,42140,"Santa Fe, NM",employment_growth,238,221,17,7.1428571,0.0061683857,0.010238908,0.085040807,-0.125,-0.020858896,0.045566502,0.12958227,-0.3125,0.43137255,0.066425398,0.033796034,1.3574661,238,19,14,19,True,0.0066093535,40.8,60.45,56657.5,6.1
759,42140,"Santa Fe, NM",establishment_growth,238,221,17,7.1428571,0.018129816,0.010840108,0.077483578,-0.081081081,-0.017574692,0.042944785,0.11764706,-0.2,0.57575758,0.060519478,0.029666221,4.5248869,238,19,14,19,True,0.0066093535,40.8,60.45,56657.5,6.1
759,42140,"Santa Fe, NM",payroll_growth,238,221,17,7.1428571,0.040536314,0.036541083,0.1020074,-0.12207709,-0.0046793994,0.081393912,0.23222629,-0.43529217,0.41566595,0.086073311,0.042114908,0,238,19,14,19,True,0.0066093535,40.8,60.45,56657.5,6.1
759,42140,"Santa Fe, NM",wage_growth,238,221,17,7.1428571,0.034967193,0.028927371,0.065587727,-0.052438567,0.00016616356,0.062144332,0.15051774,-0.28907491,0.32899068,0.061978168,0.031471687,0,238,19,14,19,True,0.0066093535,40.8,60.45,56657.5,6.1
759,42140,"Santa Fe, NM",acs_population_growth,238,221,17,7.1428571,0.0069262764,0.0066093535,0.0051341669,0.0013168613,0.0044924619,0.0082588465,0.022039795,0.0013168613,0.022039795,0.0037663847,0.0021168917,0,238,19,14,19,True,0.0066093535,40.8,60.45,56657.5,6.1
759,42140,"Santa Fe, NM",unemployment_rate,238,238,0,0,6.5663866,6.1,1.792096,4.1,5.3,7.9,9.9,4.1,9.9,2.6,1.2,0,238,19,14,19,True,0.0066093535,40.8,60.45,56657.5,6.1
759,42140,"Santa Fe, NM",educational_attainment_pct,238,238,0,0,40.798739,40.8,1.2156671,39.3,39.9,41.1,44.2,39.3,44.2,1.2,0.7,0,238,19,14,19,True,0.0066093535,40.8,60.45,56657.5,6.1
759,42140,"Santa Fe, NM",median_household_income,238,238,0,0,58870.261,56657.5,6623.9742,52696,53642,61200,74689,52696,74689,7558,3740.5,0,238,19,14,19,True,0.0066093535,40.8,60.45,56657.5,6.1
759,42140,"Santa Fe, NM",labor_force_participation_pct,238,238,0,0,61.336555,60.45,3.4407045,57.4,57.7,64.6,66.7,57.4,66.7,6.9,2.75,0,238,19,14,19,True,0.0066093535,40.8,60.45,56657.5,6.1
760,42200,"Santa Maria-Santa Barbara, CA",startup_rate,249,249,0,0,6.1521499,6.3598326,2.7530336,0,4.9222798,8.113804,9.823208,0,13.207547,3.1915242,1.5677892,10.040161,249,19,14,19,True,0.0043266891,33.8,63.8,71657,6.1
760,42200,"Santa Maria-Santa Barbara, CA",employment_growth,249,231,18,7.2289157,0.019221155,0.022519705,0.090811023,-0.112779,-0.0045050888,0.048692668,0.11727208,-0.28166352,0.87959161,0.053197757,0.027070911,0.43290043,249,19,14,19,True,0.0043266891,33.8,63.8,71657,6.1
760,42200,"Santa Maria-Santa Barbara, CA",establishment_growth,249,231,18,7.2289157,0.02072834,0.017207148,0.12928879,-0.041727659,-0.001476319,0.032225353,0.072875254,-0.66204132,1.7753447,0.033701672,0.017207148,5.6277056,249,19,14,19,True,0.0043266891,33.8,63.8,71657,6.1
760,42200,"Santa Maria-Santa Barbara, CA",payroll_growth,249,231,18,7.2289157,0.049790671,0.051637977,0.093553255,-0.087855881,0.010492012,0.084785085,0.20100314,-0.28857853,0.63439904,0.074293073,0.036837735,0,249,19,14,19,True,0.0043266891,33.8,63.8,71657,6.1
760,42200,"Santa Maria-Santa Barbara, CA",wage_growth,249,231,18,7.2289157,0.031466952,0.030677232,0.061312186,-0.05913704,0.0039798513,0.055931966,0.13502139,-0.2002889,0.31854679,0.051952114,0.026061703,0,249,19,14,19,True,0.0043266891,33.8,63.8,71657,6.1
760,42200,"Santa Maria-Santa Barbara, CA",acs_population_growth,249,178,71,28.514056,0.003834343,0.0043266891,0.0052350113,-0.005446207,0.00014837162,0.0081953595,0.0099862388,-0.005446207,0.0099862388,0.0080469879,0.0041783174,0,249,19,14,19,True,0.0043266891,33.8,63.8,71657,6.1
760,42200,"Santa Maria-Santa Barbara, CA",unemployment_rate,249,196,53,21.285141,6.9102041,6.1,1.2491219,5.7,6,8,9.4,5.7,9.4,2,0.4,0,249,19,14,19,True,0.0043266891,33.8,63.8,71657,6.1
760,42200,"Santa Maria-Santa Barbara, CA",educational_attainment_pct,249,196,53,21.285141,33.641837,33.8,1.6216436,31.3,32.2,35.1,35.9,31.3,35.9,2.9,1.6,0,249,19,14,19,True,0.0043266891,33.8,63.8,71657,6.1
760,42200,"Santa Maria-Santa Barbara, CA",median_household_income,249,196,53,21.285141,74709.913,71657,11458.551,62779,63985,84356,95977,62779,95977,20371,7672,0,249,19,14,19,True,0.0043266891,33.8,63.8,71657,6.1
760,42200,"Santa Maria-Santa Barbara, CA",labor_force_participation_pct,249,196,53,21.285141,63.677041,63.8,0.53802432,62.7,63.3,64,64.4,62.7,64.4,0.7,0.2,0,249,19,14,19,True,0.0043266891,33.8,63.8,71657,6.1
761,42220,"Santa Rosa-Petaluma, CA",startup_rate,246,246,0,0,6.3219227,6.5302581,2.9952239,0,4.8820297,8.3576524,10.548246,0,15.151515,3.4756227,1.7237212,10.162602,246,19,14,19,True,0.0054496463,33.45,65.1,69301,6.45
761,42220,"Santa Rosa-Petaluma, CA",employment_growth,246,226,20,8.1300813,0.016166449,0.020466244,0.090387547,-0.077938368,-0.01504937,0.050738611,0.12032761,-0.3639532,0.71052632,0.065787981,0.0341919,0,246,19,14,19,True,0.0054496463,33.45,65.1,69301,6.45
761,42220,"Santa Rosa-Petaluma, CA",establishment_growth,246,226,20,8.1300813,0.027248978,0.012299639,0.22511654,-0.059416834,-0.0064605487,0.034726696,0.08230499,-0.79363296,3.138724,0.041187245,0.021259547,4.4247788,246,19,14,19,True,0.0054496463,33.45,65.1,69301,6.45
761,42220,"Santa Rosa-Petaluma, CA",payroll_growth,246,226,20,8.1300813,0.058264846,0.055101222,0.10732,-0.075243101,0.0241496,0.092529039,0.17612099,-0.31011479,1.0116667,0.068379439,0.034913472,0,246,19,14,19,True,0.0054496463,33.45,65.1,69301,6.45
761,42220,"Santa Rosa-Petaluma, CA",wage_growth,246,226,20,8.1300813,0.042374368,0.042900083,0.061506261,-0.040515307,0.019755798,0.060197293,0.11673206,-0.21706572,0.52162723,0.040441495,0.020073432,0,246,19,14,19,True,0.0054496463,33.45,65.1,69301,6.45
761,42220,"Santa Rosa-Petaluma, CA",acs_population_growth,246,228,18,7.3170732,0.0019372515,0.0054496463,0.0069475111,-0.0086614157,-0.0057202991,0.008300652,0.010249691,-0.0086614157,0.010249691,0.014020951,0.0047030544,0,246,19,14,19,True,0.0054496463,33.45,65.1,69301,6.45
761,42220,"Santa Rosa-Petaluma, CA",unemployment_rate,246,246,0,0,6.8865854,6.45,1.9898782,4.4,5.1,8.7,10.2,4.4,10.2,3.6,1.45,0,246,19,14,19,True,0.0054496463,33.45,65.1,69301,6.45
761,42220,"Santa Rosa-Petaluma, CA",educational_attainment_pct,246,246,0,0,34.227236,33.45,2.2026399,31.5,32.2,36.4,37.8,31.5,37.8,4.2,1.55,0,246,19,14,19,True,0.0054496463,33.45,65.1,69301,6.45
761,42220,"Santa Rosa-Petaluma, CA",median_household_income,246,246,0,0,75500.187,69301,13603.058,63274,63799,86173,102840,63274,102840,22374,5986,0,246,19,14,19,True,0.0054496463,33.45,65.1,69301,6.45
761,42220,"Santa Rosa-Petaluma, CA",labor_force_participation_pct,246,246,0,0,65.262195,65,0.62837144,64.5,64.7,65.6,66.6,64.5,66.6,0.9,0.3,0,246,19,14,19,True,0.0054496463,33.45,65.1,69301,6.45
763,42340,"Savannah, GA",startup_rate,127,127,0,0,7.5427252,7.5144509,2.5769808,3.764881,5.5555556,9.0418574,12.259552,2.4154589,15.503876,3.4863019,1.7292466,0,127,14,14,14,True,0.014978029,30.95,65.1,53568,7.5
763,42340,"Savannah, GA",employment_growth,127,107,20,15.748031,0.029882419,0.025054466,0.094776425,-0.086998786,-0.015282395,0.071246002,0.15285451,-0.33060748,0.51147734,0.086528397,0.042763043,0,127,14,14,14,True,0.014978029,30.95,65.1,53568,7.5
763,42340,"Savannah, GA",establishment_growth,127,107,20,15.748031,0.019794552,0.023545706,0.053959779,-0.073399154,-0.0072119914,0.051381147,0.096554198,-0.2118003,0.15130435,0.058593138,0.029969689,1.8691589,127,14,14,14,True,0.014978029,30.95,65.1,53568,7.5
763,42340,"Savannah, GA",payroll_growth,127,107,20,15.748031,0.070508452,0.063845673,0.074106713,-0.036467154,0.027423043,0.11430748,0.1950849,-0.096508784,0.29445899,0.086884441,0.043806816,0,127,14,14,14,True,0.014978029,30.95,65.1,53568,7.5
763,42340,"Savannah, GA",wage_growth,127,107,20,15.748031,0.044078867,0.039604241,0.075306774,-0.032051281,0.018827295,0.061599809,0.15921018,-0.25844949,0.35346981,0.042772514,0.021549776,0,127,14,14,14,True,0.014978029,30.95,65.1,53568,7.5
763,42340,"Savannah, GA",acs_population_growth,127,116,11,8.6614173,0.015617003,0.013562073,0.0050288837,0.010815054,0.012293469,0.018071789,0.029035573,0.010815054,0.029035573,0.0057783199,0.0025759445,0,127,14,14,14,True,0.014978029,30.95,65.1,53568,7.5
763,42340,"Savannah, GA",unemployment_rate,127,127,0,0,7.4653543,7.1,1.1782674,5.7,6.7,8.6,9.59,5.7,9.8,1.9,1,0,127,14,14,14,True,0.014978029,30.95,65.1,53568,7.5
763,42340,"Savannah, GA",educational_attainment_pct,127,127,0,0,31.133858,31.2,2.4939998,26.9,29.1,33.6,34.9,26.9,34.9,4.5,2.1,0,127,14,14,14,True,0.014978029,30.95,65.1,53568,7.5
763,42340,"Savannah, GA",median_household_income,127,127,0,0,57940.583,57470,8869.6686,47954,49535,64703,74632,47954,74632,15168,7233,0,127,14,14,14,True,0.014978029,30.95,65.1,53568,7.5
763,42340,"Savannah, GA",labor_force_participation_pct,127,127,0,0,64.744094,65.2,0.90313858,63.4,63.7,65.5,65.9,63.4,65.9,1.8,0.5,0,127,14,14,14,True,0.014978029,30.95,65.1,53568,7.5
767,42540,"Scranton--Wilkes-Barre, PA",startup_rate,195,195,0,0,4.85461,4.9538203,2.7170548,0,3.1384016,6.5922354,8.775005,0,17.142857,3.4538339,1.6626811,10.769231,195,19,14,19,True,-0.0011273277,23.8,60.55,48082.5,6.55
767,42540,"Scranton--Wilkes-Barre, PA",employment_growth,195,171,24,12.307692,0.0033124592,0.0057705841,0.068649069,-0.11833591,-0.021906117,0.036687138,0.10912855,-0.33128625,0.19206681,0.058593255,0.030771683,0,195,19,14,19,True,-0.0011273277,23.8,60.55,48082.5,6.55
767,42540,"Scranton--Wilkes-Barre, PA",establishment_growth,195,171,24,12.307692,-0.00018328312,-0.0033057851,0.037628549,-0.047217069,-0.01482168,0.011714261,0.058100289,-0.2,0.1627907,0.026535941,0.013562195,3.5087719,195,19,14,19,True,-0.0011273277,23.8,60.55,48082.5,6.55
767,42540,"Scranton--Wilkes-Barre, PA",payroll_growth,195,171,24,12.307692,0.038816101,0.033886256,0.080467799,-0.071865719,0.0053470854,0.07807427,0.16138471,-0.33091581,0.29889956,0.072727185,0.033890474,0,195,19,14,19,True,-0.0011273277,23.8,60.55,48082.5,6.55
767,42540,"Scranton--Wilkes-Barre, PA",wage_growth,195,171,24,12.307692,0.035378509,0.031324857,0.035951538,-0.015135297,0.018740857,0.051982326,0.099155531,-0.1659249,0.15940988,0.033241469,0.016580419,0,195,19,14,19,True,-0.0011273277,23.8,60.55,48082.5,6.55
767,42540,"Scranton--Wilkes-Barre, PA",acs_population_growth,195,180,15,7.6923077,0.0014212669,-0.0011273277,0.0067423362,-0.0034934935,-0.0018209778,0.0014974559,0.021550613,-0.0034934935,0.021550613,0.0033184337,0.0020825651,0,195,19,14,19,True,-0.0011273277,23.8,60.55,48082.5,6.55
767,42540,"Scranton--Wilkes-Barre, PA",unemployment_rate,195,195,0,0,6.4887179,6.4,1.0831778,5.2,5.4,7.5,8.2,5.2,8.2,2.1,1,0,195,19,14,19,True,-0.0011273277,23.8,60.55,48082.5,6.55
767,42540,"Scranton--Wilkes-Barre, PA",educational_attainment_pct,195,195,0,0,23.985128,24.2,1.7559719,21.4,22.6,25.3,26.8,21.4,26.8,2.7,1.6,0,195,19,14,19,True,-0.0011273277,23.8,60.55,48082.5,6.55
767,42540,"Scranton--Wilkes-Barre, PA",median_household_income,195,195,0,0,50875.241,49239,6761.0721,43037,45258,53853,63656,43037,63656,8595,4614,0,195,19,14,19,True,-0.0011273277,23.8,60.55,48082.5,6.55
767,42540,"Scranton--Wilkes-Barre, PA",labor_force_participation_pct,195,195,0,0,60.518974,60.6,0.30119859,60,60.2,60.7,61,60,61,0.5,0.2,0,195,19,14,19,True,-0.0011273277,23.8,60.55,48082.5,6.55
770,42660,"Seattle-Tacoma-Bellevue, WA",startup_rate,251,251,0,0,7.8644066,8.3881579,3.0277685,1.8375242,6.7406428,9.8488959,11.558898,0,22.580645,3.1082532,1.5279378,3.187251,251,19,14,19,True,0.014768853,40.6,68.65,75156.5,5.8
770,42660,"Seattle-Tacoma-Bellevue, WA",employment_growth,251,233,18,7.1713147,0.028282068,0.027644935,0.13580088,-0.049587655,0.0043607333,0.042826951,0.090908115,-0.35648135,1.8843806,0.038466217,0.019597867,0,251,19,14,19,True,0.014768853,40.6,68.65,75156.5,5.8
770,42660,"Seattle-Tacoma-Bellevue, WA",establishment_growth,251,233,18,7.1713147,0.020080444,0.013755312,0.22369528,-0.0729415,-0.0079374771,0.031120332,0.09269773,-0.70846831,3.2213265,0.039057809,0.019249374,1.2875536,251,19,14,19,True,0.014768853,40.6,68.65,75156.5,5.8
770,42660,"Seattle-Tacoma-Bellevue, WA",payroll_growth,251,233,18,7.1713147,0.078462203,0.06350127,0.21998549,-0.02970145,0.037778407,0.10290079,0.17692927,-0.63290032,3.1785682,0.065122381,0.029469854,0,251,19,14,19,True,0.014768853,40.6,68.65,75156.5,5.8
770,42660,"Seattle-Tacoma-Bellevue, WA",wage_growth,251,233,18,7.1713147,0.045584029,0.038875856,0.065068358,-0.013161137,0.021913572,0.064419185,0.13313888,-0.49409846,0.44868502,0.042505613,0.020908981,0,251,19,14,19,True,0.014768853,40.6,68.65,75156.5,5.8
770,42660,"Seattle-Tacoma-Bellevue, WA",acs_population_growth,251,233,18,7.1713147,0.014064132,0.014768853,0.0038710451,0.0049393995,0.014407842,0.01611566,0.019945567,0.0049393995,0.019945567,0.0017078183,0.0013468074,0,251,19,14,19,True,0.014768853,40.6,68.65,75156.5,5.8
770,42660,"Seattle-Tacoma-Bellevue, WA",unemployment_rate,251,251,0,0,6.1386454,5.5,1.5794621,4.4,4.6,7.7,8.7,4.4,8.7,3.1,1.1,0,251,19,14,19,True,0.014768853,40.6,68.65,75156.5,5.8
770,42660,"Seattle-Tacoma-Bellevue, WA",educational_attainment_pct,251,251,0,0,40.906773,41.1,3.0644533,36.9,38,43.6,46.3,36.9,46.3,5.6,2.7,0,251,19,14,19,True,0.014768853,40.6,68.65,75156.5,5.8
770,42660,"Seattle-Tacoma-Bellevue, WA",median_household_income,251,251,0,0,80981.446,77269,15139.968,65400,67745,90790,112594,65400,112594,23045,9587,0,251,19,14,19,True,0.014768853,40.6,68.65,75156.5,5.8
770,42660,"Seattle-Tacoma-Bellevue, WA",labor_force_participation_pct,251,251,0,0,68.649402,68.7,0.4816115,68,68.3,68.8,69.6,68,69.6,0.5,0.4,0,251,19,14,19,True,0.014768853,40.6,68.65,75156.5,5.8
771,42680,"Sebastian-Vero Beach-West Vero Corridor, FL",startup_rate,218,218,0,0,7.7151232,7.7079425,3.7953994,0,5.7142857,10.282771,13.62133,0,20,4.5684854,2.1855335,9.6330275,218,19,14,19,True,0.017330925,27.5,49.25,48227.5,9.25
771,42680,"Sebastian-Vero Beach-West Vero Corridor, FL",employment_growth,218,203,15,6.8807339,0.034168676,0.025531915,0.097115044,-0.078432765,-0.0019117488,0.059198816,0.16726674,-0.34170854,0.60666667,0.061110565,0.030854736,0,218,19,14,19,True,0.017330925,27.5,49.25,48227.5,9.25
771,42680,"Sebastian-Vero Beach-West Vero Corridor, FL",establishment_growth,218,203,15,6.8807339,0.024101371,0.018556701,0.061497731,-0.036239609,-0.0061813187,0.043821149,0.11111111,-0.13888889,0.57142857,0.050002468,0.024966957,6.8965517,218,19,14,19,True,0.017330925,27.5,49.25,48227.5,9.25
771,42680,"Sebastian-Vero Beach-West Vero Corridor, FL",payroll_growth,218,203,15,6.8807339,0.074364225,0.062606854,0.11422303,-0.052685796,0.023204978,0.10967769,0.22779292,-0.25229793,1.0357681,0.086472713,0.041885285,0,218,19,14,19,True,0.017330925,27.5,49.25,48227.5,9.25
771,42680,"Sebastian-Vero Beach-West Vero Corridor, FL",wage_growth,218,203,15,6.8807339,0.041549343,0.033749378,0.086850551,-0.034873699,0.0087672281,0.067686194,0.13300001,-0.33759488,0.57233383,0.058918966,0.028457986,0,218,19,14,19,True,0.017330925,27.5,49.25,48227.5,9.25
771,42680,"Sebastian-Vero Beach-West Vero Corridor, FL",acs_population_growth,218,205,13,5.9633028,0.01457779,0.017330925,0.0048345176,0.0066129813,0.010965333,0.018885837,0.020293146,0.0066129813,0.020293146,0.0079205039,0.0029622203,0,218,19,14,19,True,0.017330925,27.5,49.25,48227.5,9.25
771,42680,"Sebastian-Vero Beach-West Vero Corridor, FL",unemployment_rate,218,218,0,0,9.5766055,8.2,3.3404453,5.3,6.3,12.4,14.7,5.3,14.7,6.1,2.3,0,218,19,14,19,True,0.017330925,27.5,49.25,48227.5,9.25
771,42680,"Sebastian-Vero Beach-West Vero Corridor, FL",educational_attainment_pct,218,218,0,0,28.63578,27.8,2.387777,26.4,26.7,30.6,33.4,26.4,33.4,3.9,1.1,0,218,19,14,19,True,0.017330925,27.5,49.25,48227.5,9.25
771,42680,"Sebastian-Vero Beach-West Vero Corridor, FL",median_household_income,218,218,0,0,52444.922,49009,8431.8421,44645,45798,57945,71049,44645,71049,12147,4237,0,218,19,14,19,True,0.017330925,27.5,49.25,48227.5,9.25
771,42680,"Sebastian-Vero Beach-West Vero Corridor, FL",labor_force_participation_pct,218,218,0,0,50.324312,49.4,2.3592559,47.7,48.5,52.5,54.5,47.7,54.5,4,1.6,0,218,19,14,19,True,0.017330925,27.5,49.25,48227.5,9.25
772,42700,"Sebring, FL",startup_rate,199,199,0,0,6.3258145,6.25,4.9893962,0,3.32535,9.0653582,14.576992,0,26.666667,5.7400082,2.8963415,22.613065,199,18,14,18,True,0.011253507,17.1,43.2,37314,10.8
772,42700,"Sebring, FL",employment_growth,199,184,15,7.5376884,0.030584378,0.024102739,0.11277804,-0.10990007,-0.013194731,0.065971104,0.19884615,-0.53233831,0.725,0.079165835,0.039232099,1.6304348,199,18,14,18,True,0.011253507,17.1,43.2,37314,10.8
772,42700,"Sebring, FL",establishment_growth,199,184,15,7.5376884,0.017577208,0.0091866835,0.061349463,-0.0810625,-0.013841331,0.047213831,0.11991045,-0.11111111,0.3,0.061055162,0.030470892,9.7826087,199,18,14,18,True,0.011253507,17.1,43.2,37314,10.8
772,42700,"Sebring, FL",payroll_growth,199,184,15,7.5376884,0.073790279,0.056496481,0.16308276,-0.077589231,0.0086203891,0.11288643,0.2733525,-0.61107353,1.1748876,0.10426604,0.051932914,0,199,18,14,18,True,0.011253507,17.1,43.2,37314,10.8
772,42700,"Sebring, FL",wage_growth,199,184,15,7.5376884,0.040724847,0.035537245,0.091181208,-0.077968609,0.00081224248,0.076474195,0.15631297,-0.22513153,0.82410583,0.075661952,0.0390255,0,199,18,14,18,True,0.011253507,17.1,43.2,37314,10.8
772,42700,"Sebring, FL",acs_population_growth,199,145,54,27.135678,0.0061056482,0.011514816,0.013555936,-0.032512862,0.0006818575,0.01330137,0.019206005,-0.032512862,0.019206005,0.012619512,0.006084013,0,199,18,14,18,True,0.011253507,17.1,43.2,37314,10.8
772,42700,"Sebring, FL",unemployment_rate,199,157,42,21.105528,10.525478,10.8,3.0727484,5.9,7.4,13.3,15.2,5.9,15.2,5.9,2.5,0,199,18,14,18,True,0.011253507,17.1,43.2,37314,10.8
772,42700,"Sebring, FL",educational_attainment_pct,199,157,42,21.105528,17.26051,17.1,1.2743404,14.9,16.5,18.3,19.7,14.9,19.7,1.8,0.6,0,199,18,14,18,True,0.011253507,17.1,43.2,37314,10.8
772,42700,"Sebring, FL",median_household_income,199,157,42,21.105528,41583.261,37314,7306.8737,35093,35865,46895,55581,35093,55581,11030,2221,0,199,18,14,18,True,0.011253507,17.1,43.2,37314,10.8
772,42700,"Sebring, FL",labor_force_participation_pct,199,157,42,21.105528,43.089172,43.2,0.55615203,42.3,42.6,43.5,44.3,42.3,44.3,0.9,0.4,0,199,18,14,18,True,0.011253507,17.1,43.2,37314,10.8
782,43100,"Sheboygan, WI",startup_rate,175,175,0,0,4.4450646,4,3.5692681,0,2.6190017,5.981717,9.6521152,0,26.666667,3.3627153,1.734767,17.714286,175,17,14,17,True,0.00035671516,23.7,68,55253,4.75
782,43100,"Sheboygan, WI",employment_growth,175,162,13,7.4285714,0.0068107174,0.0056022849,0.050940813,-0.079612931,-0.015444092,0.033215962,0.076514999,-0.15310544,0.21350763,0.048660054,0.026468832,3.0864198,175,17,14,17,True,0.00035671516,23.7,68,55253,4.75
782,43100,"Sheboygan, WI",establishment_growth,175,162,13,7.4285714,0.0086393788,0,0.058397314,-0.064635791,-0.017899478,0.023024235,0.1171352,-0.16332378,0.375,0.040923713,0.021858576,16.049383,175,17,14,17,True,0.00035671516,23.7,68,55253,4.75
782,43100,"Sheboygan, WI",payroll_growth,175,162,13,7.4285714,0.043310543,0.048689273,0.062681197,-0.076209209,0.015373116,0.072462683,0.13498351,-0.23964077,0.21690834,0.057089567,0.029035701,0,175,17,14,17,True,0.00035671516,23.7,68,55253,4.75
782,43100,"Sheboygan, WI",wage_growth,175,162,13,7.4285714,0.036586288,0.037897168,0.043491122,-0.037409997,0.018601551,0.058268443,0.094272348,-0.13877864,0.18822872,0.039666893,0.01985726,0,175,17,14,17,True,0.00035671516,23.7,68,55253,4.75
782,43100,"Sheboygan, WI",acs_population_growth,175,163,12,6.8571429,0.001723236,0.00035671516,0.0056518441,-0.0015181879,-0.00023436483,0.00063297725,0.020633597,-0.0015181879,0.020633597,0.00086734208,0.00059107999,0,175,17,14,17,True,0.00035671516,23.7,68,55253,4.75
782,43100,"Sheboygan, WI",unemployment_rate,175,175,0,0,4.7605714,5.1,1.678118,2.4,3.1,6.5,7.1,2.4,7.1,3.4,1.8,0,175,17,14,17,True,0.00035671516,23.7,68,55253,4.75
782,43100,"Sheboygan, WI",educational_attainment_pct,175,175,0,0,23.956,23.6,2.0069007,20.5,22.4,25.7,27.3,20.5,27.3,3.3,1.5,0,175,17,14,17,True,0.00035671516,23.7,68,55253,4.75
782,43100,"Sheboygan, WI",median_household_income,175,175,0,0,58468.543,54392,6702.7996,51127,52993,62101,71898,51127,71898,9108,1722,0,175,17,14,17,True,0.00035671516,23.7,68,55253,4.75
782,43100,"Sheboygan, WI",labor_force_participation_pct,175,175,0,0,67.662286,68.3,1.4157795,65.4,66.3,68.8,69.7,65.4,69.7,2.5,1,0,175,17,14,17,True,0.00035671516,23.7,68,55253,4.75
787,43300,"Sherman-Denison, TX",startup_rate,218,218,0,0,6.4117577,6.399415,4.5639814,0,3.6201339,9.3421088,12.516892,0,30.769231,5.7219749,2.9251967,18.807339,218,19,14,19,True,0.011817886,20.25,61.95,51447.5,7
787,43300,"Sherman-Denison, TX",employment_growth,218,205,13,5.9633028,0.019967118,0.018936635,0.12182756,-0.13211466,-0.025761124,0.054918816,0.19232936,-0.56,0.69491525,0.08067994,0.041308952,0.48780488,218,19,14,19,True,0.011817886,20.25,61.95,51447.5,7
787,43300,"Sherman-Denison, TX",establishment_growth,218,205,13,5.9633028,0.028812331,0.023622047,0.086077203,-0.074049587,-0.0072992701,0.056737589,0.15384615,-0.36666667,0.40481928,0.064036859,0.031622047,7.804878,218,19,14,19,True,0.011817886,20.25,61.95,51447.5,7
787,43300,"Sherman-Denison, TX",payroll_growth,218,205,13,5.9633028,0.058326263,0.052007031,0.1583023,-0.10818656,-0.0030966872,0.097555345,0.23443943,-0.65299864,1.1511357,0.10065203,0.055103718,0,218,19,14,19,True,0.011817886,20.25,61.95,51447.5,7
787,43300,"Sherman-Denison, TX",wage_growth,218,205,13,5.9633028,0.037712553,0.033925862,0.089658552,-0.07393321,0.0056450425,0.067507617,0.15849012,-0.44342795,0.48392983,0.061862574,0.030606344,0,218,19,14,19,True,0.011817886,20.25,61.95,51447.5,7
787,43300,"Sherman-Denison, TX",acs_population_growth,218,205,13,5.9633028,0.012598377,0.011817886,0.0065933664,0.0050776248,0.0057691185,0.019136556,0.021750555,0.0050776248,0.021750555,0.013367438,0.0064217102,0,218,19,14,19,True,0.011817886,20.25,61.95,51447.5,7
787,43300,"Sherman-Denison, TX",unemployment_rate,218,218,0,0,6.4302752,6.5,2.0688163,3.6,4.4,7.9,9.6,3.6,9.6,3.5,2.1,0,218,19,14,19,True,0.011817886,20.25,61.95,51447.5,7
787,43300,"Sherman-Denison, TX",educational_attainment_pct,218,218,0,0,20.653211,20.3,1.2579384,19.2,19.8,20.6,23.7,19.2,23.7,0.8,0.3,0,218,19,14,19,True,0.011817886,20.25,61.95,51447.5,7
787,43300,"Sherman-Denison, TX",median_household_income,218,218,0,0,53912.569,52683,7718.5789,46429,46993,58296,70455,46429,70455,11303,5613,0,218,19,14,19,True,0.011817886,20.25,61.95,51447.5,7
787,43300,"Sherman-Denison, TX",labor_force_participation_pct,218,218,0,0,61.909633,61.95,0.57268778,60.9,61.4,62.2,62.9,60.9,62.9,0.8,0.35,0,218,19,14,19,True,0.011817886,20.25,61.95,51447.5,7
789,43340,"Shreveport-Bossier City, LA",startup_rate,207,207,0,0,5.9863552,6.002401,3.0909981,0,4.1253041,8.0920871,10.81787,0,15.322581,3.966783,2.002401,9.6618357,207,17,14,17,True,-0.0028142947,22.8,59.4,43743,7.4
789,43340,"Shreveport-Bossier City, LA",employment_growth,207,187,20,9.6618357,-0.0059348718,-0.0056987788,0.071870569,-0.13566168,-0.030756868,0.030124739,0.0891809,-0.32092739,0.26445335,0.060881607,0.029082097,0.53475936,207,17,14,17,True,-0.0028142947,22.8,59.4,43743,7.4
789,43340,"Shreveport-Bossier City, LA",establishment_growth,207,187,20,9.6618357,0.0090876103,0.0061349693,0.041693926,-0.060601181,-0.011767497,0.030550843,0.080826923,-0.20689655,0.13513514,0.04231834,0.019833599,4.8128342,207,17,14,17,True,-0.0028142947,22.8,59.4,43743,7.4
789,43340,"Shreveport-Bossier City, LA",payroll_growth,207,187,20,9.6618357,0.023768583,0.015542389,0.084279972,-0.10861221,-0.015517421,0.058353264,0.14262745,-0.26797809,0.44162523,0.073870685,0.036945073,0,207,17,14,17,True,-0.0028142947,22.8,59.4,43743,7.4
789,43340,"Shreveport-Bossier City, LA",wage_growth,207,187,20,9.6618357,0.029920844,0.024976144,0.039229728,-0.022672037,0.0065806474,0.048431632,0.10192132,-0.085393764,0.19640288,0.041850985,0.020477678,0,207,17,14,17,True,-0.0028142947,22.8,59.4,43743,7.4
789,43340,"Shreveport-Bossier City, LA",acs_population_growth,207,190,17,8.2125604,-0.0007508638,-0.0028142947,0.041766481,-0.094530508,-0.0062979451,0.0044096087,0.11002061,-0.094530508,0.11002061,0.010707554,0.004719695,0,207,17,14,17,True,-0.0028142947,22.8,59.4,43743,7.4
789,43340,"Shreveport-Bossier City, LA",unemployment_rate,207,207,0,0,7.3874396,7.3,0.72019193,6.4,6.8,8,8.8,6.4,8.8,1.2,0.5,0,207,17,14,17,True,-0.0028142947,22.8,59.4,43743,7.4
789,43340,"Shreveport-Bossier City, LA",educational_attainment_pct,207,207,0,0,22.998551,22.8,1.1871676,21.3,21.8,24.1,25.2,21.3,25.2,2.3,1.1,0,207,17,14,17,True,-0.0028142947,22.8,59.4,43743,7.4
789,43340,"Shreveport-Bossier City, LA",median_household_income,207,207,0,0,45431.889,43779,3863.5826,41124,42859,46610,54635,41124,54635,3751,1381,0,207,17,14,17,True,-0.0028142947,22.8,59.4,43743,7.4
789,43340,"Shreveport-Bossier City, LA",labor_force_participation_pct,207,207,0,0,60.150242,59.1,1.9912155,57.8,58.7,62,63.4,57.8,63.4,3.3,1.2,0,207,17,14,17,True,-0.0028142947,22.8,59.4,43743,7.4
791,43420,"Sierra Vista-Douglas, AZ",startup_rate,207,207,0,0,5.1776027,5.2631579,4.4405504,0,0,7.9008568,11.757991,0,33.333333,7.9008568,2.9375765,29.468599,207,19,14,19,True,-0.0025679489,23.2,50.1,48649,7.3
791,43420,"Sierra Vista-Douglas, AZ",employment_growth,207,193,14,6.763285,0.010507755,-0.0043859649,0.21670155,-0.23496113,-0.058252427,0.047939445,0.18900565,-0.48759439,1.8276515,0.10619187,0.053866462,0,207,19,14,19,True,-0.0025679489,23.2,50.1,48649,7.3
791,43420,"Sierra Vista-Douglas, AZ",establishment_growth,207,193,14,6.763285,0.017926912,0,0.12904743,-0.11976744,-0.033333333,0.051502146,0.18,-0.35177866,0.88888889,0.084835479,0.038135593,15.025907,207,19,14,19,True,-0.0025679489,23.2,50.1,48649,7.3
791,43420,"Sierra Vista-Douglas, AZ",payroll_growth,207,193,14,6.763285,0.079051446,0.018812528,0.4623397,-0.22339715,-0.050431299,0.094499359,0.30302046,-0.5545021,5.0668462,0.14493066,0.07486512,0,207,19,14,19,True,-0.0025679489,23.2,50.1,48649,7.3
791,43420,"Sierra Vista-Douglas, AZ",wage_growth,207,193,14,6.763285,0.06856963,0.028576973,0.46683327,-0.088826637,-0.0026280557,0.064483512,0.156824,-0.49961722,6.3440768,0.067111568,0.032976044,0,207,19,14,19,True,-0.0025679489,23.2,50.1,48649,7.3
791,43420,"Sierra Vista-Douglas, AZ",acs_population_growth,207,151,56,27.05314,-0.0045873347,-0.0032626169,0.0059217946,-0.012958643,-0.010676832,-0.00036652218,0.0045683142,-0.012958643,0.0045683142,0.01031031,0.0065561928,0,207,19,14,19,True,-0.0025679489,23.2,50.1,48649,7.3
791,43420,"Sierra Vista-Douglas, AZ",unemployment_rate,207,167,40,19.323671,7.788024,7.3,1.0368396,6.3,6.95,8.7,9.4,6.3,9.4,1.75,0.5,0,207,19,14,19,True,-0.0025679489,23.2,50.1,48649,7.3
791,43420,"Sierra Vista-Douglas, AZ",educational_attainment_pct,207,167,40,19.323671,24.235329,23.2,1.7074281,22.5,23,25.8,27.7,22.5,27.7,2.8,0.4,0,207,19,14,19,True,-0.0025679489,23.2,50.1,48649,7.3
791,43420,"Sierra Vista-Douglas, AZ",median_household_income,207,167,40,19.323671,50021.018,48649,4914.8888,45075,45755,55077,58970,45075,58970,9322,2894,0,207,19,14,19,True,-0.0025679489,23.2,50.1,48649,7.3
791,43420,"Sierra Vista-Douglas, AZ",labor_force_participation_pct,207,167,40,19.323671,50.498802,50.1,1.112199,49.4,49.5,50.8,52.9,49.4,52.9,1.3,0.6,0,207,19,14,19,True,-0.0025679489,23.2,50.1,48649,7.3
794,43580,"Sioux City, IA-NE-SD",startup_rate,142,142,0,0,4.86045,4.6184943,2.6746379,0.071428571,2.9509155,6.5384615,9.4661369,0,13.22314,3.5875461,1.8004979,5.6338028,142,12,14,12,True,0.0017682731,21.35,69.45,53438,4.6
794,43580,"Sioux City, IA-NE-SD",employment_growth,142,129,13,9.1549296,-0.0012892161,0.0026002167,0.066424016,-0.084199125,-0.024929885,0.019262782,0.076994282,-0.37472246,0.31361885,0.044192667,0.022696364,0.7751938,142,12,14,12,True,0.0017682731,21.35,69.45,53438,4.6
794,43580,"Sioux City, IA-NE-SD",establishment_growth,142,129,13,9.1549296,0.0045719965,0.0019120459,0.043516228,-0.051083591,-0.01171875,0.018461538,0.059478022,-0.14243323,0.25517241,0.030180288,0.015428995,8.5271318,142,12,14,12,True,0.0017682731,21.35,69.45,53438,4.6
794,43580,"Sioux City, IA-NE-SD",payroll_growth,142,129,13,9.1549296,0.039625144,0.036621943,0.10125,-0.061923872,0.013159083,0.066872482,0.15349446,-0.60271969,0.64548557,0.0537134,0.028396517,0,142,12,14,12,True,0.0017682731,21.35,69.45,53438,4.6
794,43580,"Sioux City, IA-NE-SD",wage_growth,142,129,13,9.1549296,0.039379007,0.037879784,0.056952991,-0.013482333,0.017108425,0.055998153,0.097864803,-0.36463298,0.25264114,0.038889728,0.020531574,0,142,12,14,12,True,0.0017682731,21.35,69.45,53438,4.6
794,43580,"Sioux City, IA-NE-SD",acs_population_growth,142,133,9,6.3380282,0.004898586,0.0017682731,0.066086562,-0.14721035,-0.00058668057,0.0046099117,0.17705481,-0.14721035,0.17705481,0.0051965922,0.0027520109,0,142,12,14,12,True,0.0017682731,21.35,69.45,53438,4.6
794,43580,"Sioux City, IA-NE-SD",unemployment_rate,142,142,0,0,4.6823944,4.7,0.57898166,3.9,4.1,5.2,5.6,3.9,5.6,1.1,0.5,0,142,12,14,12,True,0.0017682731,21.35,69.45,53438,4.6
794,43580,"Sioux City, IA-NE-SD",educational_attainment_pct,142,142,0,0,21.607746,21,1.4113056,19.8,20.2,23.1,24,19.8,24,2.9,1.1,0,142,12,14,12,True,0.0017682731,21.35,69.45,53438,4.6
794,43580,"Sioux City, IA-NE-SD",median_household_income,142,142,0,0,55465.289,52402,7893.6698,45542,49843,61399,71878.9,45542,72027,11556,5254,0,142,12,14,12,True,0.0017682731,21.35,69.45,53438,4.6
794,43580,"Sioux City, IA-NE-SD",labor_force_participation_pct,142,142,0,0,69.50493,69.5,0.61162816,68.11,69.3,69.9,70.6,68.1,70.6,0.6,0.3,0,142,12,14,12,True,0.0017682731,21.35,69.45,53438,4.6
795,43620,"Sioux Falls, SD-MN",startup_rate,78,78,0,0,5.7196151,5.7085066,2.2183684,2.6410588,3.9732688,7.2045044,9.62856,0.9569378,12.230216,3.2312356,1.6882145,0,78,9,14,9,False,0.019260202,32.25,74.7,60834,3.2
795,43620,"Sioux Falls, SD-MN",employment_growth,78,68,10,12.820513,0.020467629,0.021063144,0.027730538,-0.027786032,0.0012190692,0.035858188,0.062057728,-0.052667579,0.082090252,0.034639119,0.01943715,0,78,9,14,9,False,0.019260202,32.25,74.7,60834,3.2
795,43620,"Sioux Falls, SD-MN",establishment_growth,78,68,10,12.820513,0.027232733,0.022283025,0.030805475,-0.0068186924,0.0055921596,0.035706268,0.07397261,-0.009478673,0.175,0.030114108,0.015869172,1.4705882,78,9,14,9,False,0.019260202,32.25,74.7,60834,3.2
795,43620,"Sioux Falls, SD-MN",payroll_growth,78,68,10,12.820513,0.061677326,0.056596641,0.035683096,0.012253834,0.037144281,0.080077147,0.11606839,-0.013627184,0.18956649,0.042932866,0.021732758,0,78,9,14,9,False,0.019260202,32.25,74.7,60834,3.2
795,43620,"Sioux Falls, SD-MN",wage_growth,78,68,10,12.820513,0.040379726,0.038585118,0.020133255,0.014582653,0.023381164,0.050846022,0.079249384,0.010706857,0.099325548,0.027464858,0.013586412,0,78,9,14,9,False,0.019260202,32.25,74.7,60834,3.2
795,43620,"Sioux Falls, SD-MN",acs_population_growth,78,72,6,7.6923077,0.020452468,0.019072653,0.0080512878,0.013137092,0.018081328,0.019452116,0.030165975,0.013137092,0.054554155,0.0013707878,0.00045279669,0,78,9,14,9,False,0.019260202,32.25,74.7,60834,3.2
795,43620,"Sioux Falls, SD-MN",unemployment_rate,78,78,0,0,3.274359,3.3,0.62863197,2.1,2.7,3.8,4,2.1,4,1.1,0.5,0,78,9,14,9,False,0.019260202,32.25,74.7,60834,3.2
795,43620,"Sioux Falls, SD-MN",educational_attainment_pct,78,78,0,0,32.074359,32,1.8315018,29.8,30.6,33.5,35.6,29.8,35.7,2.9,1.5,0,78,9,14,9,False,0.019260202,32.25,74.7,60834,3.2
795,43620,"Sioux Falls, SD-MN",median_household_income,78,78,0,0,61901.949,59621,7307.4814,54183,56135,65621,78552,54183,81418,9486,3867,0,78,9,14,9,False,0.019260202,32.25,74.7,60834,3.2
795,43620,"Sioux Falls, SD-MN",labor_force_participation_pct,78,78,0,0,74.803846,74.8,0.43795342,74.2,74.4,75,75.6,74.2,75.6,0.6,0.4,0,78,9,14,9,False,0.019260202,32.25,74.7,60834,3.2
796,43640,"Slidell-Mandeville-Covington, LA",startup_rate,237,237,0,0,7.6801058,7.3924731,4.0969657,0,5.514158,10.204082,13.333333,0,23.076923,4.6899237,2.3924731,9.2827004,237,19,14,19,True,,36.6,62.7,79277,4.8
796,43640,"Slidell-Mandeville-Covington, LA",employment_growth,237,221,16,6.7510549,0.029548906,0.028519417,0.12551014,-0.10652353,-0.0023246804,0.053324556,0.13333333,-0.62517289,1.2463054,0.055649236,0.02834045,0,237,19,14,19,True,,36.6,62.7,79277,4.8
796,43640,"Slidell-Mandeville-Covington, LA",establishment_growth,237,221,16,6.7510549,0.032756525,0.029850746,0.051662013,-0.049071618,0.0026385224,0.057507987,0.11206897,-0.11044418,0.32738095,0.054869465,0.027657241,4.5248869,237,19,14,19,True,,36.6,62.7,79277,4.8
796,43640,"Slidell-Mandeville-Covington, LA",payroll_growth,237,221,16,6.7510549,0.074544709,0.058575216,0.21528002,-0.075787527,0.019068373,0.096339822,0.20455692,-0.69092229,2.4847988,0.077271449,0.038511419,0,237,19,14,19,True,,36.6,62.7,79277,4.8
796,43640,"Slidell-Mandeville-Covington, LA",wage_growth,237,221,16,6.7510549,0.03903785,0.031281521,0.076098384,-0.031899318,0.0087145969,0.060126873,0.10650777,-0.23071961,0.55133913,0.051412276,0.025564312,0,237,19,14,19,True,,36.6,62.7,79277,4.8
796,43640,"Slidell-Mandeville-Covington, LA",acs_population_growth,237,0,237,100,,,,,,,,,,,,,237,19,14,19,True,,36.6,62.7,79277,4.8
796,43640,"Slidell-Mandeville-Covington, LA",unemployment_rate,237,17,220,92.827004,4.8,4.8,0,4.8,4.8,4.8,4.8,4.8,4.8,0,0,0,237,19,14,19,True,,36.6,62.7,79277,4.8
796,43640,"Slidell-Mandeville-Covington, LA",educational_attainment_pct,237,17,220,92.827004,36.6,36.6,0,36.6,36.6,36.6,36.6,36.6,36.6,0,0,0,237,19,14,19,True,,36.6,62.7,79277,4.8
796,43640,"Slidell-Mandeville-Covington, LA",median_household_income,237,17,220,92.827004,79277,79277,0,79277,79277,79277,79277,79277,79277,0,0,0,237,19,14,19,True,,36.6,62.7,79277,4.8
796,43640,"Slidell-Mandeville-Covington, LA",labor_force_participation_pct,237,17,220,92.827004,62.7,62.7,0,62.7,62.7,62.7,62.7,62.7,62.7,0,0,0,237,19,14,19,True,,36.6,62.7,79277,4.8
801,43780,"South Bend-Mishawaka, IN-MI",startup_rate,177,177,0,0,5.0656251,4.8991354,2.5921128,0,3.4431138,6.5539112,9.3558301,0,12.698413,3.1107974,1.6471399,6.2146893,177,16,14,16,True,0.00091792555,26.55,63.4,47585,7.2
801,43780,"South Bend-Mishawaka, IN-MI",employment_growth,177,151,26,14.689266,0.016559902,0.015442969,0.070653023,-0.062829147,-0.0066714079,0.034641814,0.1046486,-0.19322519,0.52758621,0.041313222,0.020250662,0,177,16,14,16,True,0.00091792555,26.55,63.4,47585,7.2
801,43780,"South Bend-Mishawaka, IN-MI",establishment_growth,177,151,26,14.689266,0.0091964098,0.0043668122,0.049521658,-0.042076596,-0.017496663,0.028236701,0.075027516,-0.14606742,0.41935484,0.045733364,0.022823188,3.9735099,177,16,14,16,True,0.00091792555,26.55,63.4,47585,7.2
801,43780,"South Bend-Mishawaka, IN-MI",payroll_growth,177,151,26,14.689266,0.054332506,0.048659757,0.1037387,-0.078639708,0.020185032,0.076696118,0.18032839,-0.15053503,0.96143372,0.056511087,0.028427099,0,177,16,14,16,True,0.00091792555,26.55,63.4,47585,7.2
801,43780,"South Bend-Mishawaka, IN-MI",wage_growth,177,151,26,14.689266,0.036555446,0.033362599,0.050398585,-0.025028297,0.016566146,0.052517055,0.10997896,-0.16570697,0.28401471,0.035950909,0.017447893,0,177,16,14,16,True,0.00091792555,26.55,63.4,47585,7.2
801,43780,"South Bend-Mishawaka, IN-MI",acs_population_growth,177,165,12,6.779661,0.001222946,0.00091792555,0.0012572586,-0.0009116627,0.00050791501,0.0021561826,0.0036806886,-0.0009116627,0.0036806886,0.0016482676,0.00070653335,0,177,16,14,16,True,0.00091792555,26.55,63.4,47585,7.2
801,43780,"South Bend-Mishawaka, IN-MI",unemployment_rate,177,177,0,0,7.5310734,7.8,2.4647735,4.8,5,10,11.2,4.8,11.2,5,2.5,0,177,16,14,16,True,0.00091792555,26.55,63.4,47585,7.2
801,43780,"South Bend-Mishawaka, IN-MI",educational_attainment_pct,177,177,0,0,27.00113,26.4,2.2416762,23.9,24.8,29.2,30.7,23.9,30.7,4.4,1.7,0,177,16,14,16,True,0.00091792555,26.55,63.4,47585,7.2
801,43780,"South Bend-Mishawaka, IN-MI",median_household_income,177,177,0,0,50940.203,46489,7041.1092,44535,45056,55101,65385,44535,65385,10045,1954,0,177,16,14,16,True,0.00091792555,26.55,63.4,47585,7.2
801,43780,"South Bend-Mishawaka, IN-MI",labor_force_participation_pct,177,177,0,0,63.530508,63.4,0.68338751,62.5,63,64,64.9,62.5,64.9,1,0.5,0,177,16,14,16,True,0.00091792555,26.55,63.4,47585,7.2
803,43900,"Spartanburg, SC",startup_rate,157,157,0,0,5.8322143,5.2631579,3.2557913,0,3.7760417,7.8384798,11.755836,0,17.391304,4.0624381,2.0690547,6.3694268,157,16,14,16,True,0.012977815,22.35,61.35,45224,7.05
803,43900,"Spartanburg, SC",employment_growth,157,134,23,14.649682,0.029352077,0.021822772,0.072677622,-0.066660498,-0.0084023648,0.0529438,0.16944116,-0.21880427,0.3691926,0.061346165,0.030899755,0.74626866,157,16,14,16,True,0.012977815,22.35,61.35,45224,7.05
803,43900,"Spartanburg, SC",establishment_growth,157,134,23,14.649682,0.0235026,0.017255496,0.054031283,-0.055296973,-0.0022209904,0.051734713,0.10689694,-0.22708039,0.24358974,0.053955703,0.025305118,2.9850746,157,16,14,16,True,0.012977815,22.35,61.35,45224,7.05
803,43900,"Spartanburg, SC",payroll_growth,157,134,23,14.649682,0.059746524,0.054657902,0.081861721,-0.039692371,0.017072095,0.084525269,0.17994764,-0.16013297,0.43945857,0.067453174,0.036633066,0,157,16,14,16,True,0.012977815,22.35,61.35,45224,7.05
803,43900,"Spartanburg, SC",wage_growth,157,134,23,14.649682,0.029940053,0.026159694,0.04188372,-0.025946558,0.0041997061,0.053631463,0.11128102,-0.11827578,0.15239031,0.049431757,0.023145652,0,157,16,14,16,True,0.012977815,22.35,61.35,45224,7.05
803,43900,"Spartanburg, SC",acs_population_growth,157,144,13,8.2802548,0.022095765,0.012977815,0.043852658,-0.067372263,0.0087423481,0.022470762,0.10839601,-0.067372263,0.10839601,0.013728414,0.0070925967,0,157,16,14,16,True,0.012977815,22.35,61.35,45224,7.05
803,43900,"Spartanburg, SC",unemployment_rate,157,157,0,0,7.6630573,7.8,2.4954134,4.5,5.4,10,11.4,4.5,11.4,4.6,2.4,0,157,16,14,16,True,0.012977815,22.35,61.35,45224,7.05
803,43900,"Spartanburg, SC",educational_attainment_pct,157,157,0,0,22.553503,21.9,1.9248553,19.9,20.9,24.8,25.2,19.9,25.2,3.9,1.5,0,157,16,14,16,True,0.012977815,22.35,61.35,45224,7.05
803,43900,"Spartanburg, SC",median_household_income,157,157,0,0,49006.134,44017,7378.5676,41817,42834,53757,62440,41817,62440,10923,2200,0,157,16,14,16,True,0.012977815,22.35,61.35,45224,7.05
803,43900,"Spartanburg, SC",labor_force_participation_pct,157,157,0,0,61.404459,61.5,0.4576058,60.76,61,61.8,62.1,60.6,62.1,0.8,0.4,0,157,16,14,16,True,0.012977815,22.35,61.35,45224,7.05
807,44060,"Spokane-Spokane Valley, WA",startup_rate,193,193,0,0,7.7988336,7.2934974,3.1409567,4.2119109,5.7915058,9.4155844,12.342948,0,25,3.6240786,1.7179578,1.5544041,193,16,14,16,True,0.010773974,28.65,60.75,50819,6.85
807,44060,"Spokane-Spokane Valley, WA",employment_growth,193,173,20,10.362694,0.026119694,0.019388433,0.10134991,-0.068025102,-0.0051671299,0.04030403,0.12756063,-0.4007338,0.67929013,0.04547116,0.024261728,0,193,16,14,16,True,0.010773974,28.65,60.75,50819,6.85
807,44060,"Spokane-Spokane Valley, WA",establishment_growth,193,173,20,10.362694,0.028101606,0.013389121,0.29864762,-0.0670281,-0.0043365134,0.036503362,0.092269419,-0.81581741,3.7454677,0.040839876,0.020798913,4.6242775,193,16,14,16,True,0.010773974,28.65,60.75,50819,6.85
807,44060,"Spokane-Spokane Valley, WA",payroll_growth,193,173,20,10.362694,0.06877938,0.055561034,0.10241478,-0.035117377,0.024186495,0.086398861,0.19915593,-0.28483083,0.63195304,0.062212366,0.031374539,0,193,16,14,16,True,0.010773974,28.65,60.75,50819,6.85
807,44060,"Spokane-Spokane Valley, WA",wage_growth,193,173,20,10.362694,0.043031079,0.035721067,0.047580418,-0.0093836929,0.015152745,0.06151184,0.1161082,-0.091939905,0.37467245,0.046359096,0.021544713,0,193,16,14,16,True,0.010773974,28.65,60.75,50819,6.85
807,44060,"Spokane-Spokane Valley, WA",acs_population_growth,193,178,15,7.7720207,0.019819734,0.010773974,0.032757523,-0.0092705309,0.0083130224,0.013913031,0.12740048,-0.0092705309,0.12740048,0.0056000084,0.0031390571,0,193,16,14,16,True,0.010773974,28.65,60.75,50819,6.85
807,44060,"Spokane-Spokane Valley, WA",unemployment_rate,193,193,0,0,7.2979275,7.4,1.6729763,5.5,5.7,9,10.1,5.5,10.1,3.3,1.7,0,193,16,14,16,True,0.010773974,28.65,60.75,50819,6.85
807,44060,"Spokane-Spokane Valley, WA",educational_attainment_pct,193,193,0,0,28.919171,28.6,1.3800269,27.3,27.6,30.6,31.2,27.3,31.2,3,1.1,0,193,16,14,16,True,0.010773974,28.65,60.75,50819,6.85
807,44060,"Spokane-Spokane Valley, WA",median_household_income,193,193,0,0,54851.01,49929,7901.8515,47250,49257,59656,72836,47250,72836,10399,2679,0,193,16,14,16,True,0.010773974,28.65,60.75,50819,6.85
807,44060,"Spokane-Spokane Valley, WA",labor_force_participation_pct,193,193,0,0,61.14456,60.7,1.6244499,59.2,59.8,61.4,64.3,59.2,64.3,1.6,0.9,0,193,16,14,16,True,0.010773974,28.65,60.75,50819,6.85
808,44100,"Springfield, IL",startup_rate,143,143,0,0,5.3886997,4.8192771,2.4590262,2.2678164,3.5875161,6.9224253,9.2739389,0,14.43299,3.3349092,1.5846638,0.6993007,143,13,14,13,True,-0.0019468215,33.45,65.15,57951.5,6.8
808,44100,"Springfield, IL",employment_growth,143,126,17,11.888112,0.0024880276,0.003748168,0.082822551,-0.10833644,-0.033171497,0.039093024,0.12825151,-0.32980701,0.35886214,0.072264521,0.036869265,0,143,13,14,13,True,-0.0019468215,33.45,65.15,57951.5,6.8
808,44100,"Springfield, IL",establishment_growth,143,126,17,11.888112,-0.0044556012,-0.00076452599,0.037153297,-0.072908411,-0.025642419,0.016129032,0.051835664,-0.13861386,0.098765432,0.041771451,0.021677754,1.5873016,143,13,14,13,True,-0.0019468215,33.45,65.15,57951.5,6.8
808,44100,"Springfield, IL",payroll_growth,143,126,17,11.888112,0.03686243,0.031079738,0.10090984,-0.11438173,-0.016395613,0.083951573,0.20822138,-0.31442297,0.32157317,0.10034719,0.052622071,0,143,13,14,13,True,-0.0019468215,33.45,65.15,57951.5,6.8
808,44100,"Springfield, IL",wage_growth,143,126,17,11.888112,0.034413315,0.032127239,0.054570406,-0.048933767,0.0063920456,0.060102432,0.11998742,-0.12835708,0.26044197,0.053710387,0.026207594,0,143,13,14,13,True,-0.0019468215,33.45,65.15,57951.5,6.8
808,44100,"Springfield, IL",acs_population_growth,143,132,11,7.6923077,-0.00023674723,-0.0019468215,0.0037294129,-0.0048942929,-0.0033285191,0.0035870258,0.0054521852,-0.0048942929,0.0054521852,0.0069155449,0.0027081732,0,143,13,14,13,True,-0.0019468215,33.45,65.15,57951.5,6.8
808,44100,"Springfield, IL",unemployment_rate,143,143,0,0,6.6293706,6.9,1.0582894,5,5.4,7.5,8.1,5,8.1,2.1,0.8,0,143,13,14,13,True,-0.0019468215,33.45,65.15,57951.5,6.8
808,44100,"Springfield, IL",educational_attainment_pct,143,143,0,0,32.82028,33.4,1.2769109,30.6,31.9,33.7,34.6,30.6,34.6,1.8,0.6,0,143,13,14,13,True,-0.0019468215,33.45,65.15,57951.5,6.8
808,44100,"Springfield, IL",median_household_income,143,143,0,0,60295.706,56947,6564.9984,52426,55640,62590,74580,52426,74580,6950,3265,0,143,13,14,13,True,-0.0019468215,33.45,65.15,57951.5,6.8
808,44100,"Springfield, IL",labor_force_participation_pct,143,143,0,0,65.307692,65.5,2.4450029,61.6,62.6,67.5,68.8,61.6,68.8,4.9,2,0,143,13,14,13,True,-0.0019468215,33.45,65.15,57951.5,6.8
809,44140,"Springfield, MA",startup_rate,227,227,0,0,4.9239812,5.0531915,2.7696152,0,3.0149289,6.8943912,8.9128431,0,13.793103,3.8794622,1.9281915,10.572687,227,19,14,19,True,0.000891864,30.45,62.9,54457.5,7.95
809,44140,"Springfield, MA",employment_growth,227,211,16,7.0484581,0.005044964,0.0063731791,0.084894698,-0.068878765,-0.014090541,0.031136761,0.078172301,-0.51173745,0.69471291,0.045227301,0.022973648,0.47393365,227,19,14,19,True,0.000891864,30.45,62.9,54457.5,7.95
809,44140,"Springfield, MA",establishment_growth,227,211,16,7.0484581,0.029407086,0,0.37484351,-0.043167702,-0.016514735,0.025412328,0.072844384,-0.83973638,5.3591418,0.041927063,0.019736842,8.056872,227,19,14,19,True,0.000891864,30.45,62.9,54457.5,7.95
809,44140,"Springfield, MA",payroll_growth,227,211,16,7.0484581,0.035317709,0.030767425,0.07236314,-0.041395391,0.0056984344,0.063907226,0.12865587,-0.34936507,0.43608686,0.058208792,0.029156183,0,227,19,14,19,True,0.000891864,30.45,62.9,54457.5,7.95
809,44140,"Springfield, MA",wage_growth,227,211,16,7.0484581,0.032616157,0.028207851,0.048803418,-0.023186347,0.009968287,0.048031282,0.099306344,-0.15260133,0.33256418,0.038062995,0.019286107,0,227,19,14,19,True,0.000891864,30.45,62.9,54457.5,7.95
809,44140,"Springfield, MA",acs_population_growth,227,211,16,7.0484581,-0.024885882,0.000891864,0.096254635,-0.32869848,-0.0013481443,0.0032308245,0.10980128,-0.32869848,0.10980128,0.0045789688,0.0023389605,0,227,19,14,19,True,0.000891864,30.45,62.9,54457.5,7.95
809,44140,"Springfield, MA",unemployment_rate,227,227,0,0,7.7903084,8.4,1.619678,5.6,6,9.2,10.1,5.6,10.1,3.2,1.5,0,227,19,14,19,True,0.000891864,30.45,62.9,54457.5,7.95
809,44140,"Springfield, MA",educational_attainment_pct,227,227,0,0,30.844493,30.2,2.0348519,28.5,28.9,32.8,34.5,28.5,34.5,3.9,1.5,0,227,19,14,19,True,0.000891864,30.45,62.9,54457.5,7.95
809,44140,"Springfield, MA",median_household_income,227,227,0,0,57439.07,53609,6714.6502,50753,52395,61360,70547,50753,70547,8965,1858,0,227,19,14,19,True,0.000891864,30.45,62.9,54457.5,7.95
809,44140,"Springfield, MA",labor_force_participation_pct,227,227,0,0,62.601322,63.1,1.1322106,60.7,61.7,63.7,63.9,60.7,63.9,2,0.7,0,227,19,14,19,True,0.000891864,30.45,62.9,54457.5,7.95
810,44180,"Springfield, MO",startup_rate,107,107,0,0,7.4215153,7.2243346,2.1188579,4.3103161,6.0655103,8.7813523,11.245231,2.6506024,13.120567,2.7158419,1.3526092,0,107,10,14,10,True,0.0088337283,27.1,62,44649.5,5.7
810,44180,"Springfield, MO",employment_growth,107,92,15,14.018692,0.011778957,0.016338833,0.04293009,-0.069701428,-0.0034771414,0.040115329,0.070273525,-0.1304878,0.098023397,0.04359247,0.023478074,1.0869565,107,10,14,10,True,0.0088337283,27.1,62,44649.5,5.7
810,44180,"Springfield, MO",establishment_growth,107,92,15,14.018692,0.0091321637,0.012023418,0.038113076,-0.024869646,-0.006183891,0.025959621,0.052280398,-0.27418126,0.081632653,0.032143512,0.015860784,1.0869565,107,10,14,10,True,0.0088337283,27.1,62,44649.5,5.7
810,44180,"Springfield, MO",payroll_growth,107,92,15,14.018692,0.049905252,0.044237329,0.05218989,-0.023582119,0.024229749,0.079745183,0.14457762,-0.13265827,0.17451636,0.055515435,0.029534273,0,107,10,14,10,True,0.0088337283,27.1,62,44649.5,5.7
810,44180,"Springfield, MO",wage_growth,107,92,15,14.018692,0.037762513,0.036461275,0.029839919,-0.0070738156,0.022540162,0.051642827,0.091888842,-0.035017318,0.11544618,0.029102664,0.014508776,0,107,10,14,10,True,0.0088337283,27.1,62,44649.5,5.7
810,44180,"Springfield, MO",acs_population_growth,107,98,9,8.411215,0.0091313404,0.0088337283,0.0014574631,0.0064905196,0.0083104593,0.010038282,0.012341954,0.0064905196,0.012341954,0.0017278225,0.00082878355,0,107,10,14,10,True,0.0088337283,27.1,62,44649.5,5.7
810,44180,"Springfield, MO",unemployment_rate,107,107,0,0,5.982243,6.2,1.8686497,3.66,3.9,7.85,8.7,3.6,8.7,3.95,1.8,0,107,10,14,10,True,0.0088337283,27.1,62,44649.5,5.7
810,44180,"Springfield, MO",educational_attainment_pct,107,107,0,0,26.947664,26.8,1.6213985,24.9,25.5,27.6,29.81,24.9,29.9,2.1,1.3,0,107,10,14,10,True,0.0088337283,27.1,62,44649.5,5.7
810,44180,"Springfield, MO",median_household_income,107,107,0,0,46958.411,43973,5630.0558,42328,42961,48549,60528.9,42328,61488,5588,1353,0,107,10,14,10,True,0.0088337283,27.1,62,44649.5,5.7
810,44180,"Springfield, MO",labor_force_participation_pct,107,107,0,0,62.495327,62.1,1.2164271,60.9,61.5,63.4,64.6,60.9,64.6,1.9,0.8,0,107,10,14,10,True,0.0088337283,27.1,62,44649.5,5.7
811,44220,"Springfield, OH",startup_rate,183,183,0,0,4.4073425,4.0540541,3.8104794,0,0,6.7349009,12.361111,0,15.942029,6.7349009,2.8424977,26.229508,183,17,14,17,True,-0.0034667851,18.35,60.5,45214.5,8.3
811,44220,"Springfield, OH",employment_growth,183,168,15,8.1967213,0.0029221,0.0014636921,0.086725089,-0.13194197,-0.033305766,0.039216797,0.13871573,-0.29268293,0.37719941,0.072522563,0.037811091,0.5952381,183,17,14,17,True,-0.0034667851,18.35,60.5,45214.5,8.3
811,44220,"Springfield, OH",establishment_growth,183,168,15,8.1967213,0.011681788,0,0.063354268,-0.071428571,-0.017629505,0.029751131,0.14102228,-0.2,0.28571429,0.047380636,0.022371477,15.47619,183,17,14,17,True,-0.0034667851,18.35,60.5,45214.5,8.3
811,44220,"Springfield, OH",payroll_growth,183,168,15,8.1967213,0.040168531,0.026826163,0.121967,-0.11609623,-0.01467463,0.075078073,0.25970059,-0.32113019,0.70078107,0.089752703,0.045405115,0,183,17,14,17,True,-0.0034667851,18.35,60.5,45214.5,8.3
811,44220,"Springfield, OH",wage_growth,183,168,15,8.1967213,0.036055151,0.029088112,0.058513215,-0.050139089,0.0087721647,0.058089794,0.13251372,-0.23410041,0.26186432,0.049317629,0.026020546,0,183,17,14,17,True,-0.0034667851,18.35,60.5,45214.5,8.3
811,44220,"Springfield, OH",acs_population_growth,183,170,13,7.1038251,-0.0021853259,-0.0034667851,0.0042302415,-0.0048099871,-0.0037243813,-0.0023760331,0.012075084,-0.0048099871,0.012075084,0.0013483483,0.00078077897,0,183,17,14,17,True,-0.0034667851,18.35,60.5,45214.5,8.3
811,44220,"Springfield, OH",unemployment_rate,183,183,0,0,8.5420765,7.7,1.7129212,6.5,6.8,10.1,11.44,6.5,11.5,3.3,1.2,0,183,17,14,17,True,-0.0034667851,18.35,60.5,45214.5,8.3
811,44220,"Springfield, OH",educational_attainment_pct,183,183,0,0,18.04153,18.5,0.84744079,16.2,17.6,18.6,18.9,16.2,18.9,1,0.4,0,183,17,14,17,True,-0.0034667851,18.35,60.5,45214.5,8.3
811,44220,"Springfield, OH",median_household_income,183,183,0,0,48422.929,46275,5807.7664,43011,43684,51504,60846,43011,60846,7820,2650,0,183,17,14,17,True,-0.0034667851,18.35,60.5,45214.5,8.3
811,44220,"Springfield, OH",labor_force_participation_pct,183,183,0,0,60.422404,60.5,0.74714895,59.2,60,60.6,62.4,59.2,62.4,0.6,0.5,0,183,17,14,17,True,-0.0034667851,18.35,60.5,45214.5,8.3
813,44300,"State College, PA",startup_rate,219,219,0,0,4.8514915,4.5801527,4.3875492,0,2.7202255,6.6536458,10.176164,0,37.5,3.9334203,1.913486,20.547945,219,19,14,19,True,0.0049612191,43.05,57.7,55436.5,4.75
813,44300,"State College, PA",employment_growth,219,201,18,8.2191781,0.0084173562,0.0070210632,0.084526804,-0.10339943,-0.018518519,0.042735043,0.11979823,-0.40437158,0.336,0.061253561,0.030246018,1.9900498,219,19,14,19,True,0.0049612191,43.05,57.7,55436.5,4.75
813,44300,"State College, PA",establishment_growth,219,201,18,8.2191781,0.011702289,0.0098039216,0.049841816,-0.060606061,-0.010893246,0.02970297,0.1,-0.14285714,0.18518519,0.040596216,0.020330237,10.447761,219,19,14,19,True,0.0049612191,43.05,57.7,55436.5,4.75
813,44300,"State College, PA",payroll_growth,219,201,18,8.2191781,0.043769118,0.040679302,0.10050373,-0.091523125,0.010881977,0.084421671,0.18855636,-0.47982255,0.42033849,0.073539694,0.034925627,0,219,19,14,19,True,0.0049612191,43.05,57.7,55436.5,4.75
813,44300,"State College, PA",wage_growth,219,201,18,8.2191781,0.035946994,0.035571819,0.066388898,-0.047521021,0.012080336,0.056210724,0.1261085,-0.31089512,0.38397234,0.044130388,0.02308352,0,219,19,14,19,True,0.0049612191,43.05,57.7,55436.5,4.75
813,44300,"State College, PA",acs_population_growth,219,203,16,7.3059361,0.0032451244,0.0049612191,0.0082661315,-0.020861066,0.0018770067,0.0085855674,0.011524019,-0.020861066,0.011524019,0.0067085607,0.0036243483,0,219,19,14,19,True,0.0049612191,43.05,57.7,55436.5,4.75
813,44300,"State College, PA",unemployment_rate,219,219,0,0,4.8844749,4.6,0.76177971,4,4.1,5.8,6,4,6,1.7,0.6,0,219,19,14,19,True,0.0049612191,43.05,57.7,55436.5,4.75
813,44300,"State College, PA",educational_attainment_pct,219,219,0,0,43.036986,43.7,2.6043105,39.8,40.4,45.8,46.5,39.8,46.5,5.4,2.5,0,219,19,14,19,True,0.0049612191,43.05,57.7,55436.5,4.75
813,44300,"State College, PA",median_household_income,219,219,0,0,56847.758,56466,7857.0276,47016,50295,61921,72748,47016,72748,11626,6171,0,219,19,14,19,True,0.0049612191,43.05,57.7,55436.5,4.75
813,44300,"State College, PA",labor_force_participation_pct,219,219,0,0,57.761644,57.6,0.89452414,56,57.3,58.3,59.1,56,59.1,1,0.3,0,219,19,14,19,True,0.0049612191,43.05,57.7,55436.5,4.75
815,44420,"Staunton-Stuarts Draft, VA",startup_rate,132,132,0,0,5.2404157,5,3.1532129,0,3.3241758,7.2572573,10.58114,0,14.285714,3.9330814,1.8057016,12.878788,132,14,14,14,True,0.0051421987,25.3,60,55721,3.8
815,44420,"Staunton-Stuarts Draft, VA",employment_growth,132,119,13,9.8484848,0.014613426,0.0091370558,0.084714936,-0.093505586,-0.016246974,0.043123487,0.11288015,-0.18032787,0.59217877,0.059370461,0.029664915,0.84033613,132,14,14,14,True,0.0051421987,25.3,60,55721,3.8
815,44420,"Staunton-Stuarts Draft, VA",establishment_growth,132,119,13,9.8484848,0.019022058,0.013761468,0.066066406,-0.042960089,-0.012709948,0.041666667,0.12713415,-0.29943503,0.36190476,0.054376615,0.027905199,5.8823529,132,14,14,14,True,0.0051421987,25.3,60,55721,3.8
815,44420,"Staunton-Stuarts Draft, VA",payroll_growth,132,119,13,9.8484848,0.057583276,0.04333239,0.10762644,-0.088854474,0.01788337,0.090511491,0.18999513,-0.20207516,0.73092565,0.07262812,0.035542046,0,132,14,14,14,True,0.0051421987,25.3,60,55721,3.8
815,44420,"Staunton-Stuarts Draft, VA",wage_growth,132,119,13,9.8484848,0.042134008,0.03798233,0.052499278,-0.032699344,0.015677117,0.071023473,0.12929961,-0.13890459,0.22096632,0.055346356,0.025304832,0,132,14,14,14,True,0.0051421987,25.3,60,55721,3.8
815,44420,"Staunton-Stuarts Draft, VA",acs_population_growth,132,94,38,28.787879,0.0060141723,0.005560209,0.0033740351,0.0017001363,0.003192848,0.0072315295,0.01418746,0.0017001363,0.01418746,0.0040386814,0.0016713205,0,132,14,14,14,True,0.0051421987,25.3,60,55721,3.8
815,44420,"Staunton-Stuarts Draft, VA",unemployment_rate,132,102,30,22.727273,4.322549,3.8,0.93331167,3.4,3.7,4.975,6.4,3.4,6.4,1.275,0.3,0,132,14,14,14,True,0.0051421987,25.3,60,55721,3.8
815,44420,"Staunton-Stuarts Draft, VA",educational_attainment_pct,132,102,30,22.727273,24.845098,25.3,1.4170551,21.4,25.1,25.9,26.2,21.4,26.2,0.8,0.6,0,132,14,14,14,True,0.0051421987,25.3,60,55721,3.8
815,44420,"Staunton-Stuarts Draft, VA",median_household_income,132,102,30,22.727273,57333.667,55721,7357.0125,47935,51678,61397,70949,47935,70949,9719,5676,0,132,14,14,14,True,0.0051421987,25.3,60,55721,3.8
815,44420,"Staunton-Stuarts Draft, VA",labor_force_participation_pct,132,102,30,22.727273,60.222549,60,0.56356483,59.5,59.9,60.6,61.2,59.5,61.2,0.7,0.3,0,132,14,14,14,True,0.0051421987,25.3,60,55721,3.8
822,44700,"Stockton-Lodi, CA",startup_rate,245,245,0,0,6.8487977,6.9539667,4.0932663,0,4.516129,9.4224924,11.730605,0,27.426637,4.9063634,2.4549892,11.428571,245,19,14,19,True,0.010703944,18.3,61.2,56429,11
822,44700,"Stockton-Lodi, CA",employment_growth,245,228,17,6.9387755,0.0187569,0.024870394,0.096981193,-0.096323722,-0.0082388225,0.056954709,0.14260171,-0.7244898,0.36062335,0.065193531,0.032991336,0.43859649,245,19,14,19,True,0.010703944,18.3,61.2,56429,11
822,44700,"Stockton-Lodi, CA",establishment_growth,245,228,17,6.9387755,0.029449695,0.015399979,0.25271754,-0.066666667,-0.002755287,0.039683706,0.11849614,-0.83864648,3.6355519,0.042438993,0.021452078,6.5789474,245,19,14,19,True,0.010703944,18.3,61.2,56429,11
822,44700,"Stockton-Lodi, CA",payroll_growth,245,228,17,6.9387755,0.053606386,0.056178763,0.096531449,-0.0829917,0.023852572,0.093799764,0.18574632,-0.69045293,0.37385581,0.069947192,0.03508471,0,245,19,14,19,True,0.010703944,18.3,61.2,56429,11
822,44700,"Stockton-Lodi, CA",wage_growth,245,228,17,6.9387755,0.036214817,0.033321699,0.051175721,-0.039866954,0.012118531,0.058029732,0.11389121,-0.1489526,0.36713829,0.045911201,0.023251004,0,245,19,14,19,True,0.010703944,18.3,61.2,56429,11
822,44700,"Stockton-Lodi, CA",acs_population_growth,245,228,17,6.9387755,0.011978332,0.010703944,0.0042126377,0.0088998157,0.0099356586,0.01213569,0.0263313,0.0088998157,0.0263313,0.0022000317,0.00081102337,0,245,19,14,19,True,0.010703944,18.3,61.2,56429,11
822,44700,"Stockton-Lodi, CA",unemployment_rate,245,245,0,0,11.152245,11.9,3.3886934,7.2,7.4,14.4,16.2,7.2,16.2,7,3.2,0,245,19,14,19,True,0.010703944,18.3,61.2,56429,11
822,44700,"Stockton-Lodi, CA",educational_attainment_pct,245,245,0,0,18.681633,18.2,1.0873478,17.5,18.1,19.2,21.6,17.5,21.6,1.1,0.3,0,245,19,14,19,True,0.010703944,18.3,61.2,56429,11
822,44700,"Stockton-Lodi, CA",median_household_income,245,245,0,0,62341.122,55045,11461.45,53253,53764,68628,88531,53253,88531,14864,1792,0,245,19,14,19,True,0.010703944,18.3,61.2,56429,11
822,44700,"Stockton-Lodi, CA",labor_force_participation_pct,245,245,0,0,61.365714,61.3,0.89724533,60.3,60.4,62.4,62.8,60.3,62.8,2,0.9,0,245,19,14,19,True,0.010703944,18.3,61.2,56429,11
827,44940,"Sumter, SC",startup_rate,187,187,0,0,4.7071056,4.4554455,4.5600917,0,0,6.6874861,12.35,0,22.222222,6.6874861,3.3876917,32.620321,187,18,14,18,True,-0.00088144966,19.1,59.85,41656,11.8
827,44940,"Sumter, SC",employment_growth,187,172,15,8.0213904,0.007796004,0.010785317,0.075625647,-0.14034943,-0.022881122,0.046734673,0.094732491,-0.24911032,0.36687898,0.069615796,0.034461707,2.3255814,187,18,14,18,True,-0.00088144966,19.1,59.85,41656,11.8
827,44940,"Sumter, SC",establishment_growth,187,172,15,8.0213904,0.021074677,0.0026245184,0.10332459,-0.1,-0.015544041,0.055173293,0.15384615,-0.4760479,0.84507042,0.070717334,0.034998434,18.604651,187,18,14,18,True,-0.00088144966,19.1,59.85,41656,11.8
827,44940,"Sumter, SC",payroll_growth,187,172,15,8.0213904,0.051153061,0.044457839,0.10843555,-0.078186616,0.0031011079,0.083792165,0.19177487,-0.31422043,0.63505585,0.080691058,0.040843499,0,187,18,14,18,True,-0.00088144966,19.1,59.85,41656,11.8
827,44940,"Sumter, SC",wage_growth,187,172,15,8.0213904,0.043163778,0.036180033,0.073231991,-0.049467873,0.007849081,0.067602093,0.13606386,-0.2046953,0.54505289,0.059753012,0.029729298,0,187,18,14,18,True,-0.00088144966,19.1,59.85,41656,11.8
827,44940,"Sumter, SC",acs_population_growth,187,172,15,8.0213904,0.0095076664,-0.00088144966,0.11537969,-0.23106877,-0.0041184722,0.002795471,0.31514557,-0.23106877,0.31514557,0.0069139432,0.0036769206,0,187,18,14,18,True,-0.00088144966,19.1,59.85,41656,11.8
827,44940,"Sumter, SC",unemployment_rate,187,187,0,0,11.052941,11.4,2.2226908,7.3,9.2,12.8,14.1,7.3,14.1,3.6,1.7,0,187,18,14,18,True,-0.00088144966,19.1,59.85,41656,11.8
827,44940,"Sumter, SC",educational_attainment_pct,187,187,0,0,19.367914,19,1.5227442,17.4,18.5,19.5,23.2,17.4,23.2,1,0.5,0,187,18,14,18,True,-0.00088144966,19.1,59.85,41656,11.8
827,44940,"Sumter, SC",median_household_income,187,187,0,0,44352.615,41946,4995.7445,39137,40726,45854,55990,39137,55990,5128,1846,0,187,18,14,18,True,-0.00088144966,19.1,59.85,41656,11.8
827,44940,"Sumter, SC",labor_force_participation_pct,187,187,0,0,58.939572,59.8,1.5088398,56.4,57.5,60,60.4,56.4,61,2.5,0.3,0,187,18,14,18,True,-0.00088144966,19.1,59.85,41656,11.8
831,45060,"Syracuse, NY",startup_rate,189,189,0,0,5.5805404,5.5800294,2.5270458,1.4234334,3.6,7.5441413,9.4180873,0,10.891089,3.9441413,1.9800294,4.7619048,189,17,14,17,True,-0.0019065921,30.85,62.05,55443,6.8
831,45060,"Syracuse, NY",employment_growth,189,164,25,13.227513,-0.0019898437,0.0012266488,0.061100989,-0.077301573,-0.018689685,0.023202667,0.057569766,-0.4214128,0.26173216,0.041892351,0.020540023,0,189,17,14,17,True,-0.0019065921,30.85,62.05,55443,6.8
831,45060,"Syracuse, NY",establishment_growth,189,164,25,13.227513,0.0003783695,-0.0011998572,0.030968606,-0.04646544,-0.014094074,0.010987187,0.045799831,-0.11764706,0.14159292,0.025081261,0.012698411,3.6585366,189,17,14,17,True,-0.0019065921,30.85,62.05,55443,6.8
831,45060,"Syracuse, NY",payroll_growth,189,164,25,13.227513,0.031708022,0.027158983,0.068338456,-0.051973806,0.0014923887,0.06293008,0.12456932,-0.25425507,0.37082506,0.061437691,0.029061771,0,189,17,14,17,True,-0.0019065921,30.85,62.05,55443,6.8
831,45060,"Syracuse, NY",wage_growth,189,164,25,13.227513,0.034355529,0.033461253,0.037876002,-0.019759871,0.015898003,0.052371978,0.088323346,-0.066372086,0.28888259,0.036473976,0.018248684,0,189,17,14,17,True,-0.0019065921,30.85,62.05,55443,6.8
831,45060,"Syracuse, NY",acs_population_growth,189,172,17,8.994709,0.00019633876,-0.00048623149,0.0054993492,-0.0069122746,-0.0033797454,0.001405458,0.016756099,-0.0069122746,0.016756099,0.0047852034,0.0018916895,0,189,17,14,17,True,-0.0019065921,30.85,62.05,55443,6.8
831,45060,"Syracuse, NY",unemployment_rate,189,189,0,0,6.778836,7,0.92349747,5.3,6,7.6,8.1,5.3,8.1,1.6,0.8,0,189,17,14,17,True,-0.0019065921,30.85,62.05,55443,6.8
831,45060,"Syracuse, NY",educational_attainment_pct,189,189,0,0,30.687831,30.6,1.7897789,28.1,28.9,32.2,34.2,28.1,34.2,3.3,1.6,0,189,17,14,17,True,-0.0019065921,30.85,62.05,55443,6.8
831,45060,"Syracuse, NY",median_household_income,189,189,0,0,57516.222,54581,6964.6011,49920,52230,61890,73558,49920,73558,9660,2975,0,189,17,14,17,True,-0.0019065921,30.85,62.05,55443,6.8
831,45060,"Syracuse, NY",labor_force_participation_pct,189,189,0,0,62.37037,62.1,0.65968269,61.6,61.9,62.9,63.8,61.6,63.8,1,0.3,0,189,17,14,17,True,-0.0019065921,30.85,62.05,55443,6.8
834,45220,"Tallahassee, FL",startup_rate,136,136,0,0,7.3995391,7.1367771,3.4309563,1.9544118,5.3624491,9.6644264,12.68516,0,21.311475,4.3019773,2.0345959,4.4117647,136,14,14,14,True,0.0062571303,37.55,62.6,47814.5,8.65
834,45220,"Tallahassee, FL",employment_growth,136,112,24,17.647059,0.023695427,0.027057533,0.069076707,-0.064933325,-0.013101688,0.068346089,0.11363987,-0.31802803,0.24090542,0.081447777,0.041043076,0,136,14,14,14,True,0.0062571303,37.55,62.6,47814.5,8.65
834,45220,"Tallahassee, FL",establishment_growth,136,112,24,17.647059,0.016418553,0.010566188,0.047572308,-0.037906929,-0.0078300825,0.031450212,0.1032549,-0.17013889,0.22888283,0.039280294,0.019391077,6.25,136,14,14,14,True,0.0062571303,37.55,62.6,47814.5,8.65
834,45220,"Tallahassee, FL",payroll_growth,136,112,24,17.647059,0.06158857,0.061624427,0.10164028,-0.09398085,0.013478784,0.1007167,0.21151181,-0.34362127,0.5148039,0.087237919,0.045863124,0,136,14,14,14,True,0.0062571303,37.55,62.6,47814.5,8.65
834,45220,"Tallahassee, FL",wage_growth,136,112,24,17.647059,0.036543389,0.027554423,0.065030411,-0.036846099,0.013355964,0.053795413,0.11589837,-0.11667415,0.4706695,0.040439449,0.022017058,0,136,14,14,14,True,0.0062571303,37.55,62.6,47814.5,8.65
834,45220,"Tallahassee, FL",acs_population_growth,136,129,7,5.1470588,0.0056363601,0.0062571303,0.0036428786,-0.0052912941,0.0043956337,0.0067661442,0.010546878,-0.0052912941,0.011395088,0.0023705104,0.0018614966,0,136,14,14,14,True,0.0062571303,37.55,62.6,47814.5,8.65
834,45220,"Tallahassee, FL",unemployment_rate,136,136,0,0,8.1294118,8.6,2.1486298,5.3,5.9,9.8,11.3,5.3,11.6,3.9,2,0,136,14,14,14,True,0.0062571303,37.55,62.6,47814.5,8.65
834,45220,"Tallahassee, FL",educational_attainment_pct,136,136,0,0,37.763971,37.7,1.8799792,34.65,36.4,39,40.9,33.6,40.9,2.6,1.3,0,136,14,14,14,True,0.0062571303,37.55,62.6,47814.5,8.65
834,45220,"Tallahassee, FL",median_household_income,136,136,0,0,50812.61,48618,5966.3889,44790.5,45377,53423,63078,44129,63078,8046,3274,0,136,14,14,14,True,0.0062571303,37.55,62.6,47814.5,8.65
834,45220,"Tallahassee, FL",labor_force_participation_pct,136,136,0,0,62.685294,62.4,0.68869489,61.9,62.15,63.2,64,61.9,64,1.05,0.4,0,136,14,14,14,True,0.0062571303,37.55,62.6,47814.5,8.65
835,45300,"Tampa-St. Petersburg-Clearwater, FL",startup_rate,239,239,0,0,10.15301,10.309278,3.1544783,5.4911009,8.3930423,11.985104,15.029726,0,23.076923,3.5920621,1.8000884,0.41841004,239,19,14,19,True,0.013590642,28.55,60.35,49544,7.35
835,45300,"Tampa-St. Petersburg-Clearwater, FL",employment_growth,239,218,21,8.7866109,0.023643215,0.02551385,0.054940744,-0.070119256,0.010872106,0.042309434,0.091353922,-0.25103537,0.33034615,0.031437328,0.01563735,0,239,19,14,19,True,0.013590642,28.55,60.35,49544,7.35
835,45300,"Tampa-St. Petersburg-Clearwater, FL",establishment_growth,239,218,21,8.7866109,0.033085197,0.025417865,0.045499645,-0.020646229,0.0058247234,0.048823569,0.11219252,-0.057612682,0.27388535,0.042998845,0.021412581,0.4587156,239,19,14,19,True,0.013590642,28.55,60.35,49544,7.35
835,45300,"Tampa-St. Petersburg-Clearwater, FL",payroll_growth,239,218,21,8.7866109,0.060268725,0.059253864,0.064690857,-0.023469877,0.034318654,0.087084376,0.16099958,-0.19008306,0.36171323,0.052765721,0.025904222,0,239,19,14,19,True,0.013590642,28.55,60.35,49544,7.35
835,45300,"Tampa-St. Petersburg-Clearwater, FL",wage_growth,239,218,21,8.7866109,0.036129408,0.030827435,0.03979114,-0.015875655,0.016555191,0.055615209,0.095203337,-0.14237527,0.18276389,0.039060018,0.01900577,0,239,19,14,19,True,0.013590642,28.55,60.35,49544,7.35
835,45300,"Tampa-St. Petersburg-Clearwater, FL",acs_population_growth,239,222,17,7.1129707,0.012751662,0.013590642,0.0056530811,-0.0021738524,0.0091011785,0.017247245,0.022379851,-0.0021738524,0.022379851,0.0081460662,0.0038151205,0,239,19,14,19,True,0.013590642,28.55,60.35,49544,7.35
835,45300,"Tampa-St. Petersburg-Clearwater, FL",unemployment_rate,239,239,0,0,7.6991632,7.9,2.3556475,4.7,5.4,10,11.3,4.7,11.3,4.6,2.5,0,239,19,14,19,True,0.013590642,28.55,60.35,49544,7.35
835,45300,"Tampa-St. Petersburg-Clearwater, FL",educational_attainment_pct,239,239,0,0,28.982427,28.3,2.7605156,25.9,26.3,31.2,34,25.9,34,4.9,2.3,0,239,19,14,19,True,0.013590642,28.55,60.35,49544,7.35
835,45300,"Tampa-St. Petersburg-Clearwater, FL",median_household_income,239,239,0,0,53092.159,48521,8101.4721,46475,46706,57097,71254,46475,71254,10391,2046,0,239,19,14,19,True,0.013590642,28.55,60.35,49544,7.35
835,45300,"Tampa-St. Petersburg-Clearwater, FL",labor_force_participation_pct,239,239,0,0,60.486611,60.6,0.73071036,59.6,59.8,61,62,59.6,62,1.2,0.5,0,239,19,14,19,True,0.013590642,28.55,60.35,49544,7.35
838,45460,"Terre Haute, IN",startup_rate,91,91,0,0,4.900495,4.6666667,2.4818066,1.8799647,3.3114035,5.8751052,9.3962008,0,12.903226,2.5637017,1.341917,4.3956044,91,11,14,11,False,-0.0017548741,19.85,58.05,43501.5,7.25
838,45460,"Terre Haute, IN",employment_growth,91,76,15,16.483516,0.0014167213,0.00055334219,0.039751914,-0.05373362,-0.020231471,0.024906554,0.062302195,-0.13006846,0.0989819,0.045138025,0.02317021,1.3157895,91,11,14,11,False,-0.0017548741,19.85,58.05,43501.5,7.25
838,45460,"Terre Haute, IN",establishment_growth,91,76,15,16.483516,-0.0019140419,0,0.024103651,-0.042766955,-0.015043065,0.011371274,0.035541475,-0.060126582,0.068493151,0.026414339,0.013745867,10.526316,91,11,14,11,False,-0.0017548741,19.85,58.05,43501.5,7.25
838,45460,"Terre Haute, IN",payroll_growth,91,76,15,16.483516,0.034355039,0.02722364,0.056128458,-0.053135939,-0.003551428,0.061676717,0.13261242,-0.077474671,0.19961776,0.065228145,0.031844062,0,91,11,14,11,False,-0.0017548741,19.85,58.05,43501.5,7.25
838,45460,"Terre Haute, IN",wage_growth,91,76,15,16.483516,0.032820742,0.027982311,0.035528905,-0.018194669,0.011709578,0.049338357,0.095649752,-0.039591341,0.11668516,0.037628779,0.020923718,0,91,11,14,11,False,-0.0017548741,19.85,58.05,43501.5,7.25
838,45460,"Terre Haute, IN",acs_population_growth,91,83,8,8.7912088,-0.0018686802,-0.0017548741,0.037066515,-0.089055175,-0.0027919151,0.00030177116,0.097438246,-0.089055175,0.097438246,0.0030936862,0.0020566452,0,91,11,14,11,False,-0.0017548741,19.85,58.05,43501.5,7.25
838,45460,"Terre Haute, IN",unemployment_rate,91,91,0,0,7.2340659,7.4,1.0694983,5.6,6.3,8.3,8.7,5.6,8.7,2,0.9,0,91,11,14,11,False,-0.0017548741,19.85,58.05,43501.5,7.25
838,45460,"Terre Haute, IN",educational_attainment_pct,91,91,0,0,19.6,19.8,1.1940594,18.2,18.3,20.4,22,18.2,22,2.1,1.3,0,91,11,14,11,False,-0.0017548741,19.85,58.05,43501.5,7.25
838,45460,"Terre Haute, IN",median_household_income,91,91,0,0,45942.923,42883,4965.5576,40530,42314,49504.5,55914.5,40530,56449,7190.5,1237,0,91,11,14,11,False,-0.0017548741,19.85,58.05,43501.5,7.25
838,45460,"Terre Haute, IN",labor_force_participation_pct,91,91,0,0,58.285714,58.1,0.56442132,57.6,57.9,58.7,59.6,57.6,59.6,0.8,0.3,0,91,11,14,11,False,-0.0017548741,19.85,58.05,43501.5,7.25
839,45500,"Texarkana, TX-AR",startup_rate,95,95,0,0,5.9078372,5.5837563,2.7944737,2.3809023,3.9986063,7.4225283,11.373259,0,14.876033,3.423922,1.7846647,2.1052632,95,9,14,9,False,0.00082796381,17.05,54.85,42991,7.8
839,45500,"Texarkana, TX-AR",employment_growth,95,79,16,16.842105,-0.0059655551,0.0015180266,0.055164634,-0.097756971,-0.016250284,0.024695357,0.060095496,-0.22908497,0.10090361,0.040945641,0.021987128,0,95,9,14,9,False,0.00082796381,17.05,54.85,42991,7.8
839,45500,"Texarkana, TX-AR",establishment_growth,95,79,16,16.842105,0.0025618029,0.0041152263,0.032878003,-0.044790628,-0.015595075,0.024493468,0.045583977,-0.11803279,0.092198582,0.040088544,0.020078322,6.3291139,95,9,14,9,False,0.00082796381,17.05,54.85,42991,7.8
839,45500,"Texarkana, TX-AR",payroll_growth,95,79,16,16.842105,0.031054696,0.036498665,0.069697205,-0.11344268,0.0057519666,0.063365345,0.12703618,-0.23516767,0.21746124,0.057613379,0.029372989,0,95,9,14,9,False,0.00082796381,17.05,54.85,42991,7.8
839,45500,"Texarkana, TX-AR",wage_growth,95,79,16,16.842105,0.037513718,0.035653448,0.047103999,-0.035985041,0.013839592,0.062574118,0.11797708,-0.090039216,0.19325324,0.048734526,0.023243853,0,95,9,14,9,False,0.00082796381,17.05,54.85,42991,7.8
839,45500,"Texarkana, TX-AR",acs_population_growth,95,88,7,7.3684211,0.007324067,0.00082796381,0.027396139,-0.010342382,-0.0034405355,0.0015916858,0.098955919,-0.010342382,0.098955919,0.0050322213,0.0040928892,0,95,9,14,9,False,0.00082796381,17.05,54.85,42991,7.8
839,45500,"Texarkana, TX-AR",unemployment_rate,95,95,0,0,7.4263158,7.7,1.4766416,5.1,6,8.9,9.3,5.1,9.3,2.9,1.4,0,95,9,14,9,False,0.00082796381,17.05,54.85,42991,7.8
839,45500,"Texarkana, TX-AR",educational_attainment_pct,95,95,0,0,17.942105,17.4,1.5562898,16.3,16.7,19.8,20.5,16.3,20.5,3.1,1,0,95,9,14,9,False,0.00082796381,17.05,54.85,42991,7.8
839,45500,"Texarkana, TX-AR",median_household_income,95,95,0,0,45727.579,43753,4880.2516,41206,41687,49496,55046,41206,55046,7809,2543,0,95,9,14,9,False,0.00082796381,17.05,54.85,42991,7.8
839,45500,"Texarkana, TX-AR",labor_force_participation_pct,95,95,0,0,55.815789,54.6,2.1127936,53.8,54.1,57.8,59.9,53.8,59.9,3.7,0.6,0,95,9,14,9,False,0.00082796381,17.05,54.85,42991,7.8
846,45780,"Toledo, OH",startup_rate,162,162,0,0,5.1672634,4.9208922,2.2809812,2.05259,3.6270123,6.8072436,9.0219223,0,11.702128,3.1802313,1.699888,1.8518519,162,15,14,15,True,-0.0015585117,26.1,64.15,47469,8.1
846,45780,"Toledo, OH",employment_growth,162,143,19,11.728395,0.0058362826,0.0075289866,0.051407154,-0.070571252,-0.011929934,0.036218647,0.072000057,-0.26102293,0.19566919,0.048148581,0.024863154,0,162,15,14,15,True,-0.0015585117,26.1,64.15,47469,8.1
846,45780,"Toledo, OH",establishment_growth,162,143,19,11.728395,0.0047973741,0.0038209607,0.035286538,-0.028694581,-0.011055734,0.014055092,0.043475309,-0.13978495,0.18471338,0.025110826,0.012252518,4.1958042,162,15,14,15,True,-0.0015585117,26.1,64.15,47469,8.1
846,45780,"Toledo, OH",payroll_growth,162,143,19,11.728395,0.042327438,0.033917144,0.075922858,-0.075212548,0.010995754,0.071927122,0.14746712,-0.1646379,0.44859092,0.060931368,0.027817317,0,162,15,14,15,True,-0.0015585117,26.1,64.15,47469,8.1
846,45780,"Toledo, OH",wage_growth,162,143,19,11.728395,0.036325401,0.030427175,0.05251373,-0.022273424,0.012614147,0.052337294,0.099809109,-0.11473026,0.39453495,0.039723147,0.019294974,0,162,15,14,15,True,-0.0015585117,26.1,64.15,47469,8.1
846,45780,"Toledo, OH",acs_population_growth,162,151,11,6.7901235,-0.0067265497,-0.0015585117,0.03107625,-0.064609259,-0.0025990717,-0.00096496388,0.065358407,-0.064609259,0.065358407,0.0016341078,0.00088097908,0,162,15,14,15,True,-0.0015585117,26.1,64.15,47469,8.1
846,45780,"Toledo, OH",unemployment_rate,162,162,0,0,8.8475309,8.6,2.5697524,5.9,6.3,11.2,12.8,5.9,12.8,4.9,2.5,0,162,15,14,15,True,-0.0015585117,26.1,64.15,47469,8.1
846,45780,"Toledo, OH",educational_attainment_pct,162,162,0,0,26.049383,25.8,2.050761,23.3,24.1,27.3,29.6,23.3,29.6,3.2,1.7,0,162,15,14,15,True,-0.0015585117,26.1,64.15,47469,8.1
846,45780,"Toledo, OH",median_household_income,162,162,0,0,50416.889,46654,6473.8964,44556,45350,53600,63749,44556,63749,8250,1988.5,0,162,15,14,15,True,-0.0015585117,26.1,64.15,47469,8.1
846,45780,"Toledo, OH",labor_force_participation_pct,162,162,0,0,64.496914,64.15,0.76421704,63.6,64,64.9,66.3,63.6,66.3,0.9,0.25,0,162,15,14,15,True,-0.0015585117,26.1,64.15,47469,8.1
847,45820,"Topeka, KS",startup_rate,56,56,0,0,4.5457135,4.5525085,1.7725041,1.829459,3.8685152,5.5331739,7.524921,0,9.5238095,1.6646587,0.92201098,1.7857143,56,7,14,7,False,-0.00052274811,27.65,64.1,54027.5,5.8
847,45820,"Topeka, KS",employment_growth,56,44,12,21.428571,0.0041780735,0.0060135305,0.04703432,-0.080738151,-0.018375077,0.029898903,0.082756093,-0.11815182,0.11735657,0.048273979,0.024595558,0,56,7,14,7,False,-0.00052274811,27.65,64.1,54027.5,5.8
847,45820,"Topeka, KS",establishment_growth,56,44,12,21.428571,-0.0078917195,-0.0060885336,0.028579987,-0.055203977,-0.025261114,0.0068318646,0.038551905,-0.080924855,0.056790123,0.032092979,0.016200171,2.2727273,56,7,14,7,False,-0.00052274811,27.65,64.1,54027.5,5.8
847,45820,"Topeka, KS",payroll_growth,56,44,12,21.428571,0.037985363,0.03247439,0.062518606,-0.053837012,0.0091510941,0.057483312,0.13933173,-0.14768723,0.21552585,0.048332218,0.023656567,0,56,7,14,7,False,-0.00052274811,27.65,64.1,54027.5,5.8
847,45820,"Topeka, KS",wage_growth,56,44,12,21.428571,0.033463609,0.033377842,0.033133462,-0.01296935,0.013051753,0.053712573,0.083693838,-0.046507592,0.1351601,0.04066082,0.020621957,0,56,7,14,7,False,-0.00052274811,27.65,64.1,54027.5,5.8
847,45820,"Topeka, KS",acs_population_growth,56,54,2,3.5714286,0.00021094881,-0.0008429316,0.0026375002,-0.002140033,-0.0016825599,0.0020920203,0.005059247,-0.0022768475,0.005059247,0.0037745802,0.00099064949,0,56,7,14,7,False,-0.00052274811,27.65,64.1,54027.5,5.8
847,45820,"Topeka, KS",unemployment_rate,56,56,0,0,5.4178571,5.5,1.2918074,3.875,4,6.7,7.1,3.8,7.5,2.7,1.4,0,56,7,14,7,False,-0.00052274811,27.65,64.1,54027.5,5.8
847,45820,"Topeka, KS",educational_attainment_pct,56,56,0,0,28.057143,28.1,1.2346302,26.7,26.8,29.1,30.025,26.6,30.1,2.3,1.3,0,56,7,14,7,False,-0.00052274811,27.65,64.1,54027.5,5.8
847,45820,"Topeka, KS",median_household_income,56,56,0,0,55825.464,55194,5777.7675,49634,50797,59815,66288.75,48601,68160,9018,4397,0,56,7,14,7,False,-0.00052274811,27.65,64.1,54027.5,5.8
847,45820,"Topeka, KS",labor_force_participation_pct,56,56,0,0,64.466071,64,1.6250624,62.6,63.3,65.4,67.6,62.6,67.9,2.1,0.8,0,56,7,14,7,False,-0.00052274811,27.65,64.1,54027.5,5.8
850,45900,"Traverse City, MI",startup_rate,143,143,0,0,6.0794171,5.5900621,2.5149483,2.5358852,4.3441968,7.3759758,10.429157,0,16.923077,3.031779,1.3618095,0.6993007,143,13,14,13,True,,38.5,60.3,77495,3.8
850,45900,"Traverse City, MI",employment_growth,143,125,18,12.587413,0.020051886,0.024307154,0.06588636,-0.078648861,-0.0040191683,0.054393305,0.12209651,-0.26837061,0.20960699,0.058412474,0.029671139,1.6,143,13,14,13,True,,38.5,60.3,77495,3.8
850,45900,"Traverse City, MI",establishment_growth,143,125,18,12.587413,0.01567268,0.011363636,0.046158781,-0.053227337,-0.015075377,0.039387309,0.10140503,-0.10227273,0.14536341,0.054462685,0.026446593,4.8,143,13,14,13,True,,38.5,60.3,77495,3.8
850,45900,"Traverse City, MI",payroll_growth,143,125,18,12.587413,0.057976909,0.060456121,0.075496011,-0.064700963,0.031384333,0.094804142,0.15563926,-0.21547662,0.35242548,0.063419808,0.034348021,0,143,13,14,13,True,,38.5,60.3,77495,3.8
850,45900,"Traverse City, MI",wage_growth,143,125,18,12.587413,0.038109298,0.031225255,0.053749807,-0.022957775,0.01376648,0.059459784,0.11418734,-0.15848791,0.36429476,0.045693304,0.021650392,0,143,13,14,13,True,,38.5,60.3,77495,3.8
850,45900,"Traverse City, MI",acs_population_growth,143,0,143,100,,,,,,,,,,,,,143,13,14,13,True,,38.5,60.3,77495,3.8
850,45900,"Traverse City, MI",unemployment_rate,143,10,133,93.006993,3.8,3.8,4.6811113e-16,3.8,3.8,3.8,3.8,3.8,3.8,0,0,0,143,13,14,13,True,,38.5,60.3,77495,3.8
850,45900,"Traverse City, MI",educational_attainment_pct,143,10,133,93.006993,38.5,38.5,0,38.5,38.5,38.5,38.5,38.5,38.5,0,0,0,143,13,14,13,True,,38.5,60.3,77495,3.8
850,45900,"Traverse City, MI",median_household_income,143,10,133,93.006993,77495,77495,0,77495,77495,77495,77495,77495,77495,0,0,0,143,13,14,13,True,,38.5,60.3,77495,3.8
850,45900,"Traverse City, MI",labor_force_participation_pct,143,10,133,93.006993,60.3,60.3,7.4897781e-15,60.3,60.3,60.3,60.3,60.3,60.3,0,0,0,143,13,14,13,True,,38.5,60.3,77495,3.8
851,45940,"Trenton-Princeton, NJ",startup_rate,235,235,0,0,6.2683909,6.0790274,3.4713969,0,4.1279714,8.6446742,11.650685,0,18.589744,4.5167028,2.1381407,10.638298,235,19,14,19,True,0.0023954232,40.95,65.1,75572.5,7.95
851,45940,"Trenton-Princeton, NJ",employment_growth,235,215,20,8.5106383,0.015806198,0.015055468,0.079620014,-0.096575773,-0.013940985,0.040756373,0.13115317,-0.38237608,0.43057302,0.054697358,0.028440467,0.46511628,235,19,14,19,True,0.0023954232,40.95,65.1,75572.5,7.95
851,45940,"Trenton-Princeton, NJ",establishment_growth,235,215,20,8.5106383,0.0019027711,0,0.042164625,-0.057799451,-0.022243881,0.023332829,0.074802078,-0.11764706,0.18181818,0.04557671,0.022875817,5.1162791,235,19,14,19,True,0.0023954232,40.95,65.1,75572.5,7.95
851,45940,"Trenton-Princeton, NJ",payroll_growth,235,215,20,8.5106383,0.050656962,0.040524299,0.13336853,-0.084649625,0.0027063541,0.079534364,0.21254405,-0.29835257,1.3273954,0.07682801,0.03833821,0,235,19,14,19,True,0.0023954232,40.95,65.1,75572.5,7.95
851,45940,"Trenton-Princeton, NJ",wage_growth,235,215,20,8.5106383,0.035674167,0.027408303,0.11503014,-0.07572283,0.0049690523,0.056803066,0.13578653,-0.44204243,1.3437493,0.051834014,0.024439663,0,235,19,14,19,True,0.0023954232,40.95,65.1,75572.5,7.95
851,45940,"Trenton-Princeton, NJ",acs_population_growth,235,217,18,7.6595745,0.0040393132,0.0023954232,0.0130216,-0.012320483,-0.0011622695,0.0038903106,0.045820938,-0.012320483,0.045820938,0.0050525801,0.0021127937,0,235,19,14,19,True,0.0023954232,40.95,65.1,75572.5,7.95
851,45940,"Trenton-Princeton, NJ",unemployment_rate,235,235,0,0,7.967234,8.4,1.6923378,6,6.1,9.4,10.6,6,10.6,3.3,1.8,0,235,19,14,19,True,0.0023954232,40.95,65.1,75572.5,7.95
851,45940,"Trenton-Princeton, NJ",educational_attainment_pct,235,235,0,0,41.072766,40.4,2.3205011,38,38.8,43.5,44.9,38,44.9,4.7,2.2,0,235,19,14,19,True,0.0023954232,40.95,65.1,75572.5,7.95
851,45940,"Trenton-Princeton, NJ",median_household_income,235,235,0,0,79133.319,74118,7484.0207,71217,73759,83306,96333,71217,96333,9547,2901,0,235,19,14,19,True,0.0023954232,40.95,65.1,75572.5,7.95
851,45940,"Trenton-Princeton, NJ",labor_force_participation_pct,235,235,0,0,65.228085,65.3,1.0985901,63.7,64.2,66.2,66.9,63.7,66.9,2,0.9,0,235,19,14,19,True,0.0023954232,40.95,65.1,75572.5,7.95
854,46060,"Tucson, AZ",startup_rate,235,235,0,0,6.7247476,6.8322981,3.034472,0,5.6750767,8.5101721,10.513647,0,22.222222,2.8350953,1.5397949,8.9361702,235,19,14,19,True,0.0070489981,31.2,58.85,47720,8.2
854,46060,"Tucson, AZ",employment_growth,235,217,18,7.6595745,0.013816777,0.010805159,0.059902139,-0.069096558,-0.012637208,0.039544861,0.10235089,-0.27309417,0.295223,0.052182069,0.026298294,0,235,19,14,19,True,0.0070489981,31.2,58.85,47720,8.2
854,46060,"Tucson, AZ",establishment_growth,235,217,18,7.6595745,0.018162377,0.0089730808,0.056894663,-0.055912163,-0.017027864,0.042145594,0.11188563,-0.11111111,0.42272727,0.059173458,0.029852677,2.3041475,235,19,14,19,True,0.0070489981,31.2,58.85,47720,8.2
854,46060,"Tucson, AZ",payroll_growth,235,217,18,7.6595745,0.049425582,0.043204649,0.082292572,-0.051918436,0.015935267,0.078648395,0.161917,-0.29474911,0.66267641,0.062713128,0.030629972,0,235,19,14,19,True,0.0070489981,31.2,58.85,47720,8.2
854,46060,"Tucson, AZ",wage_growth,235,217,18,7.6595745,0.035247255,0.033224657,0.053668676,-0.029917451,0.012502742,0.051672434,0.10045931,-0.23548493,0.40955957,0.039169692,0.020364928,0,235,19,14,19,True,0.0070489981,31.2,58.85,47720,8.2
854,46060,"Tucson, AZ",acs_population_growth,235,217,18,7.6595745,0.0065565355,0.0070489981,0.003644501,-0.0032865468,0.0054302297,0.0073402359,0.012375193,-0.0032865468,0.012375193,0.0019100062,0.0016187684,0,235,19,14,19,True,0.0070489981,31.2,58.85,47720,8.2
854,46060,"Tucson, AZ",unemployment_rate,235,235,0,0,8.3004255,8.4,1.7131592,5.7,6.8,10,10.9,5.7,10.9,3.2,1.6,0,235,19,14,19,True,0.0070489981,31.2,58.85,47720,8.2
854,46060,"Tucson, AZ",educational_attainment_pct,235,235,0,0,31.693191,30.8,2.1243291,29.4,29.8,33.6,35.9,29.4,35.9,3.8,1.2,0,235,19,14,19,True,0.0070489981,31.2,58.85,47720,8.2
854,46060,"Tucson, AZ",median_household_income,235,235,0,0,51488.774,46764,7123.3003,45521,46233,55023,67929,45521,67929,8790,1243,0,235,19,14,19,True,0.0070489981,31.2,58.85,47720,8.2
854,46060,"Tucson, AZ",labor_force_participation_pct,235,235,0,0,59.120851,58.9,0.83386606,58.1,58.4,59.6,60.8,58.1,60.8,1.2,0.5,0,235,19,14,19,True,0.0070489981,31.2,58.85,47720,8.2
856,46140,"Tulsa, OK",startup_rate,84,84,0,0,6.5137401,6.5995544,2.0721437,3.4895086,4.4370438,8.0421236,9.9467307,2.2872827,11.148649,3.6050798,1.4737149,0,84,13,14,13,False,0.0083372309,26.75,64.4,51580,6.05
856,46140,"Tulsa, OK",employment_growth,84,59,25,29.761905,0.0092154843,0.0093949492,0.049011937,-0.07670142,-0.01494824,0.036670133,0.073969058,-0.084691496,0.17823477,0.051618373,0.024800929,0,84,13,14,13,False,0.0083372309,26.75,64.4,51580,6.05
856,46140,"Tulsa, OK",establishment_growth,84,59,25,29.761905,0.015437995,0.010555947,0.032743356,-0.023974123,-0.0029725365,0.022654017,0.05713045,-0.028664495,0.18541997,0.025626554,0.013341462,0,84,13,14,13,False,0.0083372309,26.75,64.4,51580,6.05
856,46140,"Tulsa, OK",payroll_growth,84,59,25,29.761905,0.041521725,0.041424136,0.092996116,-0.073052312,0.0015033532,0.086383263,0.13627356,-0.34556974,0.38581957,0.08487991,0.044701595,0,84,13,14,13,False,0.0083372309,26.75,64.4,51580,6.05
856,46140,"Tulsa, OK",wage_growth,84,59,25,29.761905,0.032523686,0.034863275,0.087063014,-0.02516536,0.017210762,0.050576996,0.074243126,-0.34673153,0.51327645,0.033366234,0.016583326,0,84,13,14,13,False,0.0083372309,26.75,64.4,51580,6.05
856,46140,"Tulsa, OK",acs_population_growth,84,74,10,11.904762,0.0086837005,0.0083372309,0.0020579187,0.005390603,0.0075306611,0.0096289315,0.012380119,0.005390603,0.013894619,0.0020982704,0.00096667835,0,84,13,14,13,False,0.0083372309,26.75,64.4,51580,6.05
856,46140,"Tulsa, OK",unemployment_rate,84,84,0,0,6.0892857,6.2,0.73304413,5.1,5.4,6.6,7.3,5.1,7.3,1.2,0.7,0,84,13,14,13,False,0.0083372309,26.75,64.4,51580,6.05
856,46140,"Tulsa, OK",educational_attainment_pct,84,84,0,0,26.867857,26.45,1.5777184,24.9,25.7,27.9,29.8,24.9,29.8,2.2,1.05,0,84,13,14,13,False,0.0083372309,26.75,64.4,51580,6.05
856,46140,"Tulsa, OK",median_household_income,84,84,0,0,53650.179,50486.5,7087.9044,46494,48338,57341,67823,46494,67823,9003,3623.5,0,84,13,14,13,False,0.0083372309,26.75,64.4,51580,6.05
856,46140,"Tulsa, OK",labor_force_participation_pct,84,84,0,0,64.608333,64.45,0.81922801,63.7,63.8,65.5,66,63.7,66,1.7,0.65,0,84,13,14,13,False,0.0083372309,26.75,64.4,51580,6.05
858,46220,"Tuscaloosa, AL",startup_rate,68,68,0,0,5.6925636,5.6040198,2.0988485,3.0970819,4.1303925,6.4907499,9.8954018,1.8518519,11.888112,2.3603573,1.2355157,0,68,8,14,8,False,0.0089230377,27,58.2,46846,7.45
858,46220,"Tuscaloosa, AL",employment_growth,68,59,9,13.235294,0.012937659,0.012890431,0.040316438,-0.051932113,-0.0033184354,0.036021615,0.07197925,-0.11340544,0.115293,0.03934005,0.020733479,0,68,8,14,8,False,0.0089230377,27,58.2,46846,7.45
858,46220,"Tuscaloosa, AL",establishment_growth,68,59,9,13.235294,0.0088947738,0.0039525692,0.030594306,-0.035714286,-0.0076530837,0.026207018,0.059083192,-0.072580645,0.086238532,0.033860102,0.017100062,6.779661,68,8,14,8,False,0.0089230377,27,58.2,46846,7.45
858,46220,"Tuscaloosa, AL",payroll_growth,68,59,9,13.235294,0.04930046,0.050573528,0.052864476,-0.032235697,0.017858811,0.077320775,0.14636973,-0.085888425,0.18873517,0.059461964,0.029985618,0,68,8,14,8,False,0.0089230377,27,58.2,46846,7.45
858,46220,"Tuscaloosa, AL",wage_growth,68,59,9,13.235294,0.035854036,0.030954945,0.030283367,-0.0083815786,0.015632421,0.057829873,0.080570812,-0.026127946,0.15103946,0.042197452,0.020587013,0,68,8,14,8,False,0.0089230377,27,58.2,46846,7.45
858,46220,"Tuscaloosa, AL",acs_population_growth,68,63,5,7.3529412,0.018628394,0.0089230377,0.017415676,0.0050525366,0.0080362186,0.026616012,0.058393627,0.0047749929,0.058716124,0.018579794,0.0013726076,0,68,8,14,8,False,0.0089230377,27,58.2,46846,7.45
858,46220,"Tuscaloosa, AL",unemployment_rate,68,68,0,0,7.3,7.45,1.2772405,5.4,6.4,8.3,9.165,5.4,9.2,1.9,0.95,0,68,8,14,8,False,0.0089230377,27,58.2,46846,7.45
858,46220,"Tuscaloosa, AL",educational_attainment_pct,68,68,0,0,26.439706,27,1.6222464,24,24.7,27.8,28.6,24,28.6,3.1,1.3,0,68,8,14,8,False,0.0089230377,27,58.2,46846,7.45
858,46220,"Tuscaloosa, AL",median_household_income,68,68,0,0,48082.485,46846,6295.2538,40293,42642,50871,59975,40293,59975,8229,4025,0,68,8,14,8,False,0.0089230377,27,58.2,46846,7.45
858,46220,"Tuscaloosa, AL",labor_force_participation_pct,68,68,0,0,58.280882,58,0.92756419,57,57.4,59.2,59.7,57,59.7,1.8,0.9,0,68,8,14,8,False,0.0089230377,27,58.2,46846,7.45
859,46300,"Twin Falls, ID",startup_rate,161,161,0,0,7.0252398,6.7961165,3.6594054,0,4.9019608,9.5238095,13.157895,0,18.232044,4.6218487,2.1547663,8.6956522,161,16,14,16,True,0.016016895,21.2,64.95,55948.5,3.4
859,46300,"Twin Falls, ID",employment_growth,161,143,18,11.180124,0.027377628,0.017211405,0.097672567,-0.096590745,-0.0084252941,0.047617337,0.20628264,-0.22365591,0.45217391,0.056042631,0.02847825,1.3986014,161,16,14,16,True,0.016016895,21.2,64.95,55948.5,3.4
859,46300,"Twin Falls, ID",establishment_growth,161,143,18,11.180124,0.024169668,0.019337017,0.064041745,-0.049153599,-0.013306975,0.058015884,0.10248579,-0.19444444,0.35,0.071322859,0.033521414,4.8951049,161,16,14,16,True,0.016016895,21.2,64.95,55948.5,3.4
859,46300,"Twin Falls, ID",payroll_growth,161,143,18,11.180124,0.068394183,0.057587869,0.10819287,-0.073689992,0.022995213,0.09110268,0.21123119,-0.32218107,0.56471002,0.068107467,0.035095247,0,161,16,14,16,True,0.016016895,21.2,64.95,55948.5,3.4
859,46300,"Twin Falls, ID",wage_growth,161,143,18,11.180124,0.04103142,0.036400244,0.060653769,-0.038821406,0.015093169,0.062235512,0.12762372,-0.19606024,0.32245784,0.047142343,0.023523025,0,161,16,14,16,True,0.016016895,21.2,64.95,55948.5,3.4
859,46300,"Twin Falls, ID",acs_population_growth,161,52,109,67.701863,0.017935338,0.016016895,0.0046146316,0.014024669,0.015405298,0.016403289,0.026634141,0.014024669,0.026634141,0.0009979911,0.00061159626,0,161,16,14,16,True,0.016016895,21.2,64.95,55948.5,3.4
859,46300,"Twin Falls, ID",unemployment_rate,161,63,98,60.869565,3.4301587,3.4,0.17927715,3.2,3.3,3.6,3.7,3.2,3.7,0.3,0.2,0,161,16,14,16,True,0.016016895,21.2,64.95,55948.5,3.4
859,46300,"Twin Falls, ID",educational_attainment_pct,161,63,98,60.869565,20.804762,21.4,0.86703584,19.4,19.7,21.5,21.5,19.4,21.5,1.8,0.1,0,161,16,14,16,True,0.016016895,21.2,64.95,55948.5,3.4
859,46300,"Twin Falls, ID",median_household_income,161,63,98,60.869565,57741.46,57953,5717.7684,50441,52919,62912,66473,50441,66473,9993,4959,0,161,16,14,16,True,0.016016895,21.2,64.95,55948.5,3.4
859,46300,"Twin Falls, ID",labor_force_participation_pct,161,63,98,60.869565,64.768254,64.7,0.66619415,63.9,64.1,65.4,65.7,63.9,65.7,1.3,0.7,0,161,16,14,16,True,0.016016895,21.2,64.95,55948.5,3.4
860,46340,"Tyler, TX",startup_rate,238,238,0,0,6.6418623,6.7989214,3.5770518,0,4.8161975,8.8310921,12.326138,0,16.806723,4.0148946,2.0052554,11.764706,238,19,14,19,True,0.012093986,25.2,61.85,49712.5,6.55
860,46340,"Tyler, TX",employment_growth,238,222,16,6.7226891,0.016123243,0.017072963,0.078116547,-0.097130796,-0.019971816,0.053443123,0.12850877,-0.33333333,0.28643216,0.073414939,0.03691268,0.45045045,238,19,14,19,True,0.012093986,25.2,61.85,49712.5,6.55
860,46340,"Tyler, TX",establishment_growth,238,222,16,6.7226891,0.021533181,0.015933691,0.057256,-0.05348811,-0.0042520553,0.04201779,0.09227246,-0.1572327,0.39705882,0.046269846,0.023705096,10.36036,238,19,14,19,True,0.012093986,25.2,61.85,49712.5,6.55
860,46340,"Tyler, TX",payroll_growth,238,222,16,6.7226891,0.047941348,0.046516136,0.094418618,-0.087485261,0.0047929911,0.095149509,0.18128475,-0.32832805,0.41716784,0.090356518,0.043823303,0,238,19,14,19,True,0.012093986,25.2,61.85,49712.5,6.55
860,46340,"Tyler, TX",wage_growth,238,222,16,6.7226891,0.031216913,0.029445198,0.046262505,-0.044327085,0.0081076229,0.059111096,0.10266946,-0.11961733,0.21691716,0.051003473,0.022817259,0,238,19,14,19,True,0.012093986,25.2,61.85,49712.5,6.55
860,46340,"Tyler, TX",acs_population_growth,238,222,16,6.7226891,0.01223444,0.012093986,0.00250053,0.0054087165,0.011522446,0.013788502,0.016942569,0.0054087165,0.016942569,0.0022660557,0.0012769293,0,238,19,14,19,True,0.012093986,25.2,61.85,49712.5,6.55
860,46340,"Tyler, TX",unemployment_rate,238,238,0,0,6.4105042,6.6,1.2329576,4.1,5.4,7.5,8.1,4.1,8.1,2.1,1.1,0,238,19,14,19,True,0.012093986,25.2,61.85,49712.5,6.55
860,46340,"Tyler, TX",educational_attainment_pct,238,238,0,0,25.733613,25.2,1.2302295,24.5,24.7,27,28,24.5,28,2.3,0.7,0,238,19,14,19,True,0.012093986,25.2,61.85,49712.5,6.55
860,46340,"Tyler, TX",median_household_income,238,238,0,0,53735.937,48683,8443.2266,46139,46929,59450,71923,46139,71923,12521,2068,0,238,19,14,19,True,0.012093986,25.2,61.85,49712.5,6.55
860,46340,"Tyler, TX",labor_force_participation_pct,238,238,0,0,62.040336,61.85,1.2078379,60.5,61,62.9,64.6,60.5,64.6,1.9,0.95,0,238,19,14,19,True,0.012093986,25.2,61.85,49712.5,6.55
864,46520,"Urban Honolulu, HI",startup_rate,243,243,0,0,5.5675115,5.7519473,3.1145656,0,4.1343962,7.0700136,9.7738041,0,21.052632,2.9356174,1.5236175,12.345679,243,19,14,19,True,0.00021001751,34.3,66.1,82906,4.8
864,46520,"Urban Honolulu, HI",employment_growth,243,225,18,7.4074074,0.0055983107,0.010823559,0.070641316,-0.13421221,-0.0073055436,0.029508197,0.090703217,-0.43441385,0.29008878,0.03681374,0.018552355,0.44444444,243,19,14,19,True,0.00021001751,34.3,66.1,82906,4.8
864,46520,"Urban Honolulu, HI",establishment_growth,243,225,18,7.4074074,0.01919964,0.013722127,0.043806793,-0.025850399,0,0.034920635,0.093795649,-0.18181818,0.2245614,0.034920635,0.017534952,4.4444444,243,19,14,19,True,0.00021001751,34.3,66.1,82906,4.8
864,46520,"Urban Honolulu, HI",payroll_growth,243,225,18,7.4074074,0.040175172,0.042428448,0.076911265,-0.069198327,0.018210272,0.070788737,0.14833294,-0.41887478,0.36642723,0.052578465,0.027278487,0,243,19,14,19,True,0.00021001751,34.3,66.1,82906,4.8
864,46520,"Urban Honolulu, HI",wage_growth,243,225,18,7.4074074,0.03485924,0.03301941,0.038044919,-0.023008405,0.017992477,0.05134686,0.095705359,-0.09130493,0.16320159,0.033354384,0.016834439,0,243,19,14,19,True,0.00021001751,34.3,66.1,82906,4.8
864,46520,"Urban Honolulu, HI",acs_population_growth,243,172,71,29.218107,0.0039630835,0.00021001751,0.012133103,-0.0063696664,-0.004991297,0.0086994845,0.036220937,-0.0063696664,0.036220937,0.013690781,0.0052013145,0,243,19,14,19,True,0.00021001751,34.3,66.1,82906,4.8
864,46520,"Urban Honolulu, HI",unemployment_rate,243,190,53,21.8107,4.9147368,4.8,0.66610586,4,4.3,5.6,6.1,4,6.1,1.3,0.5,0,243,19,14,19,True,0.00021001751,34.3,66.1,82906,4.8
864,46520,"Urban Honolulu, HI",educational_attainment_pct,243,190,53,21.8107,34.553684,34.3,1.7473978,32.1,32.7,36.2,37.7,32.1,37.7,3.5,1.6,0,243,19,14,19,True,0.00021001751,34.3,66.1,82906,4.8
864,46520,"Urban Honolulu, HI",median_household_income,243,190,53,21.8107,84589.226,82906,10140.631,72764,74460,92600,104264,72764,104264,18140,8446,0,243,19,14,19,True,0.00021001751,34.3,66.1,82906,4.8
864,46520,"Urban Honolulu, HI",labor_force_participation_pct,243,190,53,21.8107,66.149474,66.1,0.32607127,65.4,66,66.4,66.6,65.4,66.6,0.4,0.3,0,243,19,14,19,True,0.00021001751,34.3,66.1,82906,4.8
865,46540,"Utica-Rome, NY",startup_rate,230,230,0,0,4.9152153,4.3506488,4.0823594,0,2.6239199,6.9868421,10.25641,0,28.571429,4.3629222,2.3074927,17.826087,230,19,14,19,True,-0.003876309,23.25,59.15,50197,6.65
865,46540,"Utica-Rome, NY",employment_growth,230,214,16,6.9565217,-0.0067369314,-0.00014380213,0.072344749,-0.11908836,-0.026125049,0.021514796,0.083333508,-0.4,0.30866808,0.047639845,0.022522193,0.46728972,230,19,14,19,True,-0.003876309,23.25,59.15,50197,6.65
865,46540,"Utica-Rome, NY",establishment_growth,230,214,16,6.9565217,0.00032967984,0,0.034059383,-0.052236082,-0.014820601,0.019710253,0.056303419,-0.14285714,0.11538462,0.034530854,0.017608454,10.747664,230,19,14,19,True,-0.003876309,23.25,59.15,50197,6.65
865,46540,"Utica-Rome, NY",payroll_growth,230,214,16,6.9565217,0.033901249,0.032512785,0.092164338,-0.089623274,0.007812561,0.062910914,0.14236712,-0.53802415,0.4984,0.055098353,0.026568888,0,230,19,14,19,True,-0.003876309,23.25,59.15,50197,6.65
865,46540,"Utica-Rome, NY",wage_growth,230,214,16,6.9565217,0.04137141,0.037285117,0.067338977,-0.02224501,0.016623997,0.062245249,0.11374679,-0.23003432,0.67129956,0.045621251,0.023035951,0,230,19,14,19,True,-0.003876309,23.25,59.15,50197,6.65
865,46540,"Utica-Rome, NY",acs_population_growth,230,216,14,6.0869565,-0.0024496738,-0.003876309,0.003273227,-0.0067057951,-0.0043336391,-0.00059234767,0.0062514614,-0.0067057951,0.0062514614,0.0037412914,0.0022023324,0,230,19,14,19,True,-0.003876309,23.25,59.15,50197,6.65
865,46540,"Utica-Rome, NY",unemployment_rate,230,230,0,0,6.3869565,6.5,1.382708,4.4,4.9,7.7,8.3,4.4,8.3,2.8,1.6,0,230,19,14,19,True,-0.003876309,23.25,59.15,50197,6.65
865,46540,"Utica-Rome, NY",educational_attainment_pct,230,230,0,0,23.633478,23.3,1.7530911,20.8,22,25.2,26.7,20.8,26.7,3.2,1.4,0,230,19,14,19,True,-0.003876309,23.25,59.15,50197,6.65
865,46540,"Utica-Rome, NY",median_household_income,230,230,0,0,53589.117,50814,7198.4079,45709,47897,58983,68830,45709,68830,11086,3119,0,230,19,14,19,True,-0.003876309,23.25,59.15,50197,6.65
865,46540,"Utica-Rome, NY",labor_force_participation_pct,230,230,0,0,59.183043,58.8,0.79067676,58.1,58.3,60,60.3,58.1,60.3,1.7,0.7,0,230,19,14,19,True,-0.003876309,23.25,59.15,50197,6.65
868,46660,"Valdosta, GA",startup_rate,8,8,0,0,6.1686063,6.0595419,1.0883911,4.8280175,5.7148922,6.5475788,7.7081598,4.3902439,8.2039911,0.83268668,0.41331803,0,8,2,7,2,False,0.0064309773,20.6,60.9,37525,12.4
868,46660,"Valdosta, GA",employment_growth,8,5,3,37.5,0.021979006,0.00028640985,0.047024334,-0.023688045,-0.0068718683,0.069584245,0.073747517,-0.02789209,0.074788335,0.076456113,0.028178499,0,8,2,7,2,False,0.0064309773,20.6,60.9,37525,12.4
868,46660,"Valdosta, GA",establishment_growth,8,5,3,37.5,0.013878699,0.016574586,0.010581832,3.7532254e-05,0.013793103,0.017064846,0.023702824,-0.0034013605,0.025362319,0.003271743,0.0027814822,0,8,2,7,2,False,0.0064309773,20.6,60.9,37525,12.4
868,46660,"Valdosta, GA",payroll_growth,8,5,3,37.5,0.043884587,0.035081183,0.067301113,-0.039144194,0.034405455,0.087902528,0.11323281,-0.057531607,0.11956538,0.053497074,0.052821345,0,8,2,7,2,False,0.0064309773,20.6,60.9,37525,12.4
868,46660,"Valdosta, GA",wage_growth,8,5,3,37.5,0.02096679,0.034118212,0.03167949,-0.021947236,0.012211003,0.042255266,0.045840065,-0.030486795,0.046736265,0.030044264,0.012618052,0,8,2,7,2,False,0.0064309773,20.6,60.9,37525,12.4
868,46660,"Valdosta, GA",acs_population_growth,8,8,0,0,0.0087174249,0.0072183999,0.0048423001,0.004795321,0.0060920466,0.0089281762,0.016707472,0.0044583085,0.019406368,0.0028361296,0.0013499684,0,8,2,7,2,False,0.0064309773,20.6,60.9,37525,12.4
868,46660,"Valdosta, GA",unemployment_rate,8,8,0,0,10.275,12.9,4.1150421,5.08,5.6,13.425,13.5,4.8,13.5,7.825,0.6,0,8,2,7,2,False,0.0064309773,20.6,60.9,37525,12.4
868,46660,"Valdosta, GA",educational_attainment_pct,8,8,0,0,21.6875,20.4,2.0427135,20.005,20.2,23.875,24.36,19.9,24.5,3.675,0.35,0,8,2,7,2,False,0.0064309773,20.6,60.9,37525,12.4
868,46660,"Valdosta, GA",median_household_income,8,8,0,0,41876.25,37161.5,7611.6831,36244.15,36289,47373,53403.25,36220,54581,11084,907,0,8,2,7,2,False,0.0064309773,20.6,60.9,37525,12.4
868,46660,"Valdosta, GA",labor_force_participation_pct,8,8,0,0,60.7375,61.15,1.5855936,58.54,59.7,61.525,62.68,58.4,63.1,1.825,0.95,0,8,2,7,2,False,0.0064309773,20.6,60.9,37525,12.4
869,46700,"Vallejo, CA",startup_rate,239,239,0,0,6.3050316,6.4039409,3.825615,0,4.3286495,8.5410334,11.840813,0,21.428571,4.2123839,2.1182266,14.644351,239,19,14,19,True,0.0075228605,25.35,63.4,71432,8.9
869,46700,"Vallejo, CA",employment_growth,239,222,17,7.1129707,0.012276951,0.01691653,0.11249,-0.16383531,-0.024710634,0.051601285,0.15026589,-0.51291513,0.85185185,0.076311919,0.03891024,0,239,19,14,19,True,0.0075228605,25.35,63.4,71432,8.9
869,46700,"Vallejo, CA",establishment_growth,239,222,17,7.1129707,0.028746774,0.015151515,0.24279754,-0.076525199,-0.0067607238,0.042186899,0.099977376,-0.80107019,3.4089172,0.048947623,0.024121748,6.7567568,239,19,14,19,True,0.0075228605,25.35,63.4,71432,8.9
869,46700,"Vallejo, CA",payroll_growth,239,222,17,7.1129707,0.047700613,0.045952114,0.12558385,-0.13150916,0.0048442506,0.093229843,0.20246304,-0.46121211,0.82522157,0.088385593,0.04367654,0,239,19,14,19,True,0.0075228605,25.35,63.4,71432,8.9
869,46700,"Vallejo, CA",wage_growth,239,222,17,7.1129707,0.036020411,0.035794621,0.063683524,-0.065661693,0.0042155107,0.060872884,0.13894948,-0.28532499,0.25702796,0.056657373,0.029733627,0,239,19,14,19,True,0.0075228605,25.35,63.4,71432,8.9
869,46700,"Vallejo, CA",acs_population_growth,239,222,17,7.1129707,0.0073059267,0.0075228605,0.0044059254,-0.00096803062,0.0061313314,0.0097930858,0.015508236,-0.00096803062,0.015508236,0.0036617544,0.0022702253,0,239,19,14,19,True,0.0075228605,25.35,63.4,71432,8.9
869,46700,"Vallejo, CA",unemployment_rate,239,239,0,0,8.6610879,9.3,2.3941877,5.9,6,11,12.1,5.9,12.1,5,2.3,0,239,19,14,19,True,0.0075228605,25.35,63.4,71432,8.9
869,46700,"Vallejo, CA",educational_attainment_pct,239,239,0,0,25.789958,25.1,1.5509768,24,24.3,27.1,28.4,24,28.4,2.8,0.9,0,239,19,14,19,True,0.0075228605,25.35,63.4,71432,8.9
869,46700,"Vallejo, CA",median_household_income,239,239,0,0,77158.264,69914,11112.412,66828,68409,84638,99994,66828,99994,16229,3086,0,239,19,14,19,True,0.0075228605,25.35,63.4,71432,8.9
869,46700,"Vallejo, CA",labor_force_participation_pct,239,239,0,0,63.824268,63.4,0.92149688,62.4,63.2,64.9,65.3,62.4,65.3,1.7,0.4,0,239,19,14,19,True,0.0075228605,25.35,63.4,71432,8.9
875,47020,"Victoria, TX",startup_rate,97,97,0,0,5.9327454,5.511811,3.4201921,0,3.6697248,8.3333333,11.741116,0,17.699115,4.6636086,2.0417795,9.2783505,97,16,14,16,False,0.0047764269,18.65,63.3,55254,5.7
875,47020,"Victoria, TX",employment_growth,97,74,23,23.71134,0.022360475,0.02564255,0.10021867,-0.12219067,-0.028719306,0.072826942,0.1882963,-0.39704939,0.31206171,0.10154625,0.050767434,1.3513514,97,16,14,16,False,0.0047764269,18.65,63.3,55254,5.7
875,47020,"Victoria, TX",establishment_growth,97,74,23,23.71134,0.0064667205,0,0.048047426,-0.060679771,-0.021476979,0.028373016,0.082385881,-0.112,0.18461538,0.049849995,0.024083574,6.7567568,97,16,14,16,False,0.0047764269,18.65,63.3,55254,5.7
875,47020,"Victoria, TX",payroll_growth,97,74,23,23.71134,0.067192711,0.074918466,0.1277972,-0.12298222,0.0013070318,0.12611353,0.25009163,-0.41594221,0.44916138,0.1248065,0.070092851,0,97,16,14,16,False,0.0047764269,18.65,63.3,55254,5.7
875,47020,"Victoria, TX",wage_growth,97,74,23,23.71134,0.042355203,0.038286966,0.049594917,-0.034163571,0.018258488,0.073945131,0.12140636,-0.10642699,0.17637892,0.055686642,0.027901545,0,97,16,14,16,False,0.0047764269,18.65,63.3,55254,5.7
875,47020,"Victoria, TX",acs_population_growth,97,91,6,6.185567,-0.015628171,0.0047764269,0.057158359,-0.17644264,-0.00065063793,0.0081767359,0.012428358,-0.17644264,0.012428358,0.0088273739,0.0052981276,0,97,16,14,16,False,0.0047764269,18.65,63.3,55254,5.7
875,47020,"Victoria, TX",unemployment_rate,97,97,0,0,6.2072165,6.7,1.1792695,4.4,5.1,7.4,8,4.4,8,2.3,1.2,0,97,16,14,16,False,0.0047764269,18.65,63.3,55254,5.7
875,47020,"Victoria, TX",educational_attainment_pct,97,97,0,0,17.939175,17.9,1.4782138,16.1,16.2,19.4,19.9,16.1,19.9,3.2,1.5,0,97,16,14,16,False,0.0047764269,18.65,63.3,55254,5.7
875,47020,"Victoria, TX",median_household_income,97,97,0,0,54885.515,51700,6334.7451,47994,50454,58629,69618,47994,69618,8175,3706,0,97,16,14,16,False,0.0047764269,18.65,63.3,55254,5.7
875,47020,"Victoria, TX",labor_force_participation_pct,97,97,0,0,63.25567,63.3,1.1971293,61.3,62,64.3,65.6,61.3,65.6,2.3,1,0,97,16,14,16,False,0.0047764269,18.65,63.3,55254,5.7
878,47220,"Vineland, NJ",startup_rate,183,183,0,0,5.0670586,4.56621,4.6298111,0,2.1646992,7.0237256,11.822943,0,27.586207,4.8590265,2.4756177,22.404372,183,19,14,19,True,-0.0043818527,14.5,57.1,51767,9.45
878,47220,"Vineland, NJ",employment_growth,183,163,20,10.928962,0.0098511035,0.012682927,0.10642313,-0.097690615,-0.027008013,0.039719396,0.12103252,-0.49884527,0.49381261,0.066727408,0.035176015,0.61349693,183,19,14,19,True,-0.0043818527,14.5,57.1,51767,9.45
878,47220,"Vineland, NJ",establishment_growth,183,163,20,10.928962,0.0028567229,0,0.081607458,-0.092327903,-0.033720641,0.021822799,0.16109301,-0.30769231,0.33333333,0.05554344,0.030470914,14.110429,183,19,14,19,True,-0.0043818527,14.5,57.1,51767,9.45
878,47220,"Vineland, NJ",payroll_growth,183,163,20,10.928962,0.043644962,0.042571404,0.11911935,-0.081871054,-0.0009979349,0.085930044,0.22801359,-0.61468337,0.64036019,0.086927979,0.04390859,0,183,19,14,19,True,-0.0043818527,14.5,57.1,51767,9.45
878,47220,"Vineland, NJ",wage_growth,183,163,20,10.928962,0.033392549,0.032690427,0.057448122,-0.049840644,0.0079247775,0.059410963,0.12137094,-0.30321989,0.26101774,0.051486185,0.026168364,0,183,19,14,19,True,-0.0043818527,14.5,57.1,51767,9.45
878,47220,"Vineland, NJ",acs_population_growth,183,168,15,8.1967213,-0.00099799244,-0.0043818527,0.011378121,-0.011987677,-0.0086043855,0.0030472256,0.032221741,-0.011987677,0.032221741,0.011651611,0.0053573911,0,183,19,14,19,True,-0.0043818527,14.5,57.1,51767,9.45
878,47220,"Vineland, NJ",unemployment_rate,183,183,0,0,10.144809,9,2.5341108,7.3,7.8,12.7,14.8,7.3,14.8,4.9,1.7,0,183,19,14,19,True,-0.0043818527,14.5,57.1,51767,9.45
878,47220,"Vineland, NJ",educational_attainment_pct,183,183,0,0,15.136066,14.6,1.4410809,13.3,14,16.6,17.9,13.3,17.9,2.6,0.8,0,183,19,14,19,True,-0.0043818527,14.5,57.1,51767,9.45
878,47220,"Vineland, NJ",median_household_income,183,183,0,0,53801.082,51530,4655.2573,49984,50603,55709,64499,49537,64499,5106,1530,0,183,19,14,19,True,-0.0043818527,14.5,57.1,51767,9.45
878,47220,"Vineland, NJ",labor_force_participation_pct,183,183,0,0,57.437158,57.4,1.5096163,55.6,56.1,58.7,60.3,55.6,60.3,2.6,1.3,0,183,19,14,19,True,-0.0043818527,14.5,57.1,51767,9.45
880,47260,"Virginia Beach-Chesapeake-Norfolk, VA-NC",startup_rate,25,25,0,0,6.7847579,6.7759563,1.1020443,5.5809031,6.3354451,7.1521456,8.8220703,3.804878,9.5733042,0.8167005,0.44051114,0,25,4,14,4,False,0.0044232804,30.45,67.15,60974,6.5
880,47260,"Virginia Beach-Chesapeake-Norfolk, VA-NC",employment_growth,25,21,4,16,-0.0062712029,0.0044512328,0.045252325,-0.05364012,-0.0038406348,0.014775793,0.027236231,-0.18285811,0.038108571,0.018616428,0.010324561,0,25,4,14,4,False,0.0044232804,30.45,67.15,60974,6.5
880,47260,"Virginia Beach-Chesapeake-Norfolk, VA-NC",establishment_growth,25,21,4,16,0.013018087,-0.0031067961,0.06021774,-0.022213784,-0.0082846921,0.04159694,0.12315047,-0.15565464,0.1295963,0.049881632,0.0079294927,0,25,4,14,4,False,0.0044232804,30.45,67.15,60974,6.5
880,47260,"Virginia Beach-Chesapeake-Norfolk, VA-NC",payroll_growth,25,21,4,16,0.030744404,0.024072699,0.035830327,0.0059655518,0.01733022,0.038931226,0.098374654,-0.064506851,0.099832646,0.021601006,0.010314715,0,25,4,14,4,False,0.0044232804,30.45,67.15,60974,6.5
880,47260,"Virginia Beach-Chesapeake-Norfolk, VA-NC",wage_growth,25,21,4,16,0.038332532,0.026663939,0.035244256,0.0029235995,0.013302736,0.051316238,0.097805552,0.0019711458,0.14483045,0.038013502,0.016425461,0,25,4,14,4,False,0.0044232804,30.45,67.15,60974,6.5
880,47260,"Virginia Beach-Chesapeake-Norfolk, VA-NC",acs_population_growth,25,24,1,4,0.0052885186,0.0042627502,0.0072181963,-0.00700978,0.0024288419,0.005721942,0.021496237,-0.008584419,0.023070834,0.0032931002,0.0017634896,0,25,4,14,4,False,0.0044232804,30.45,67.15,60974,6.5
880,47260,"Virginia Beach-Chesapeake-Norfolk, VA-NC",unemployment_rate,25,25,0,0,6.524,6.4,1.171637,5.12,5.5,7.3,8.3,5.1,8.4,1.8,0.9,0,25,4,14,4,False,0.0044232804,30.45,67.15,60974,6.5
880,47260,"Virginia Beach-Chesapeake-Norfolk, VA-NC",educational_attainment_pct,25,25,0,0,31.164,30.8,2.3711601,28.1,29.1,32.9,34.96,27.6,35.1,3.8,2.1,0,25,4,14,4,False,0.0044232804,30.45,67.15,60974,6.5
880,47260,"Virginia Beach-Chesapeake-Norfolk, VA-NC",median_household_income,25,25,0,0,65288,61889,7338.7202,58845.6,59244,68454,79842.8,57605,80533,9210,3037,0,25,4,14,4,False,0.0044232804,30.45,67.15,60974,6.5
880,47260,"Virginia Beach-Chesapeake-Norfolk, VA-NC",labor_force_participation_pct,25,25,0,0,67.372,67.1,0.74750697,66.72,66.9,67.5,68.9,66.7,69.1,0.6,0.3,0,25,4,14,4,False,0.0044232804,30.45,67.15,60974,6.5
881,47300,"Visalia, CA",startup_rate,231,231,0,0,6.407222,6.3371356,4.1962549,0,3.9826518,8.677686,11.669325,0,37.5,4.6950342,2.3405503,12.987013,231,19,14,19,True,0.0064840349,13.9,60.7,44361,10.4
881,47300,"Visalia, CA",employment_growth,231,213,18,7.7922078,0.017403343,0.017530068,0.089115892,-0.093494265,-0.01593216,0.057920537,0.12474737,-0.44153414,0.46153846,0.073852696,0.037248378,0,231,19,14,19,True,0.0064840349,13.9,60.7,44361,10.4
881,47300,"Visalia, CA",establishment_growth,231,213,18,7.7922078,0.027361879,0.017582418,0.15758381,-0.042923219,-0.0021929825,0.042553191,0.11333776,-0.78046324,1.9881735,0.044746174,0.021936483,6.1032864,231,19,14,19,True,0.0064840349,13.9,60.7,44361,10.4
881,47300,"Visalia, CA",payroll_growth,231,213,18,7.7922078,0.054401596,0.056414559,0.11615598,-0.084902413,0.020506114,0.095273614,0.15774693,-0.48403443,0.77145704,0.0747675,0.038046481,0,231,19,14,19,True,0.0064840349,13.9,60.7,44361,10.4
881,47300,"Visalia, CA",wage_growth,231,213,18,7.7922078,0.036829827,0.036503447,0.073155404,-0.063106739,0.015705382,0.061267359,0.13155665,-0.40444814,0.45384665,0.045561977,0.022984183,0,231,19,14,19,True,0.0064840349,13.9,60.7,44361,10.4
881,47300,"Visalia, CA",acs_population_growth,231,215,16,6.9264069,0.0079324927,0.0064840349,0.0043371351,0.0030859305,0.0044533642,0.01078807,0.015905767,0.0030859305,0.015905767,0.0063347058,0.0028485351,0,231,19,14,19,True,0.0064840349,13.9,60.7,44361,10.4
881,47300,"Visalia, CA",unemployment_rate,231,231,0,0,11.230736,10.6,1.9525366,8.8,9.5,13.5,14.5,8.8,14.5,4,1.5,0,231,19,14,19,True,0.0064840349,13.9,60.7,44361,10.4
881,47300,"Visalia, CA",educational_attainment_pct,231,231,0,0,14.103463,14,0.916888,12.9,13.3,14.6,15.8,12.9,15.8,1.3,0.7,0,231,19,14,19,True,0.0064840349,13.9,60.7,44361,10.4
881,47300,"Visalia, CA",median_household_income,231,231,0,0,49207.71,43851,8634.8592,42031,42863,52534,69489,42031,69489,9671,1820,0,231,19,14,19,True,0.0064840349,13.9,60.7,44361,10.4
881,47300,"Visalia, CA",labor_force_participation_pct,231,231,0,0,60.649784,60.7,1.4043991,58.5,59.1,62.1,62.7,58.5,62.7,3,1.4,0,231,19,14,19,True,0.0064840349,13.9,60.7,44361,10.4
883,47380,"Waco, TX",startup_rate,106,106,0,0,6.0979137,5.9885967,2.3417594,2.4724109,4.3478261,7.8286044,10.257558,1.3043478,13.308688,3.4807783,1.6493293,0,106,11,14,11,True,0.010338049,21.95,60.6,44749.5,5.4
883,47380,"Waco, TX",employment_growth,106,92,14,13.207547,0.017901424,0.015753866,0.052338814,-0.059365179,-0.0041826098,0.04114771,0.099427187,-0.14219062,0.26646033,0.04533032,0.022848635,1.0869565,106,11,14,11,True,0.010338049,21.95,60.6,44749.5,5.4
883,47380,"Waco, TX",establishment_growth,106,92,14,13.207547,0.012875992,0.011933191,0.025016265,-0.020259812,-0.0037631872,0.025566289,0.059625668,-0.055658627,0.088803089,0.029329476,0.015168248,3.2608696,106,11,14,11,True,0.010338049,21.95,60.6,44749.5,5.4
883,47380,"Waco, TX",payroll_growth,106,92,14,13.207547,0.056450273,0.05197965,0.066549766,-0.042706878,0.02202105,0.086465057,0.15984231,-0.14043503,0.30589683,0.064444007,0.031567759,0,106,11,14,11,True,0.010338049,21.95,60.6,44749.5,5.4
883,47380,"Waco, TX",wage_growth,106,92,14,13.207547,0.037978974,0.037856108,0.040806636,-0.021295401,0.01479896,0.056473226,0.095888586,-0.093114754,0.20552105,0.041674266,0.021727847,0,106,11,14,11,True,0.010338049,21.95,60.6,44749.5,5.4
883,47380,"Waco, TX",acs_population_growth,106,96,10,9.4339623,0.021920469,0.010338049,0.027235829,0.0065075163,0.0090156104,0.012235013,0.086985245,0.0065075163,0.086985245,0.0032194029,0.0016882561,0,106,11,14,11,True,0.010338049,21.95,60.6,44749.5,5.4
883,47380,"Waco, TX",unemployment_rate,106,106,0,0,5.9396226,5.6,1.2390995,4.275,4.625,7.2,7.6,4.2,7.6,2.575,1.1,0,106,11,14,11,True,0.010338049,21.95,60.6,44749.5,5.4
883,47380,"Waco, TX",educational_attainment_pct,106,106,0,0,22.618868,21.8,1.8553456,20.6,21.325,23.925,26.4,20.6,26.4,2.6,0.9,0,106,11,14,11,True,0.010338049,21.95,60.6,44749.5,5.4
883,47380,"Waco, TX",median_household_income,106,106,0,0,46566.151,43778,6876.8197,40672,41656,49419.75,63880,40672,63880,7763.75,2615,0,106,11,14,11,True,0.010338049,21.95,60.6,44749.5,5.4
883,47380,"Waco, TX",labor_force_participation_pct,106,106,0,0,61.063208,60.6,1.0447443,60.1,60.3,61.9,63.2,60.1,63.2,1.6,0.4,0,106,11,14,11,True,0.010338049,21.95,60.6,44749.5,5.4
885,47460,"Walla Walla, WA",startup_rate,157,157,0,0,5.5637705,5.1094891,5.2780868,0,0,7.9365079,12.653061,0,36.363636,7.9365079,2.8905109,26.11465,157,16,14,16,True,0.00227261,28.4,57.6,56163,6.1
885,47460,"Walla Walla, WA",employment_growth,157,140,17,10.828025,0.0087631516,0.0091944028,0.082869861,-0.10195568,-0.015199764,0.034977703,0.15344459,-0.4677558,0.31603774,0.050177468,0.02475135,2.8571429,157,16,14,16,True,0.00227261,28.4,57.6,56163,6.1
885,47460,"Walla Walla, WA",establishment_growth,157,140,17,10.828025,0.04038793,0.0068704447,0.48688879,-0.097852815,-0.023055333,0.041154372,0.14285714,-0.85121951,5.6,0.064209704,0.031607843,15,157,16,14,16,True,0.00227261,28.4,57.6,56163,6.1
885,47460,"Walla Walla, WA",payroll_growth,157,140,17,10.828025,0.050656694,0.045918703,0.086184572,-0.076357943,0.01288781,0.078339809,0.19649707,-0.28053741,0.32415588,0.065451999,0.033076726,0,157,16,14,16,True,0.00227261,28.4,57.6,56163,6.1
885,47460,"Walla Walla, WA",wage_growth,157,140,17,10.828025,0.043043979,0.036849503,0.050464523,-0.021378713,0.016313289,0.068168449,0.12206319,-0.068682022,0.35181593,0.05185516,0.024498067,0,157,16,14,16,True,0.00227261,28.4,57.6,56163,6.1
885,47460,"Walla Walla, WA",acs_population_growth,157,110,47,29.936306,0.00047174818,0.0032752295,0.018354345,-0.060276788,-0.00028953803,0.0061471189,0.022752324,-0.060276788,0.022752324,0.006436657,0.0028718894,0,157,16,14,16,True,0.00227261,28.4,57.6,56163,6.1
885,47460,"Walla Walla, WA",unemployment_rate,157,119,38,24.203822,6.092437,6.1,0.72965741,4.7,5.6,6.7,7.3,4.7,7.3,1.1,0.6,0,157,16,14,16,True,0.00227261,28.4,57.6,56163,6.1
885,47460,"Walla Walla, WA",educational_attainment_pct,157,119,38,24.203822,28.237815,28.4,1.4164285,25.4,26.9,29.35,30.1,25.4,30.1,2.45,1.4,0,157,16,14,16,True,0.00227261,28.4,57.6,56163,6.1
885,47460,"Walla Walla, WA",median_household_income,157,119,38,24.203822,55998.227,56163,8439.9303,46195,47309,63686,72212,46195,72212,16377,8148,0,157,16,14,16,True,0.00227261,28.4,57.6,56163,6.1
885,47460,"Walla Walla, WA",labor_force_participation_pct,157,119,38,24.203822,57.693277,57.6,0.55337655,56.9,57.5,57.8,59.1,56.9,59.1,0.3,0.2,0,157,16,14,16,True,0.00227261,28.4,57.6,56163,6.1
887,47580,"Warner Robins, GA",startup_rate,161,161,0,0,7.8370947,7.4550129,4.649119,0,5.2830189,10.23622,14.285714,0,25.925926,4.9532016,2.3702671,9.3167702,161,16,14,16,True,0.012008046,24.65,64.1,55418,8.2
887,47580,"Warner Robins, GA",employment_growth,161,146,15,9.3167702,0.020372124,0.020517757,0.074864249,-0.10687383,-0.0099630269,0.05723447,0.1328635,-0.26492537,0.27382967,0.067197497,0.032915311,0,161,16,14,16,True,0.012008046,24.65,64.1,55418,8.2
887,47580,"Warner Robins, GA",establishment_growth,161,146,15,9.3167702,0.016553941,0.020180995,0.057612925,-0.069196429,-0.0061789694,0.046463845,0.090056818,-0.1978022,0.18660287,0.052642814,0.026477987,6.1643836,161,16,14,16,True,0.012008046,24.65,64.1,55418,8.2
887,47580,"Warner Robins, GA",payroll_growth,161,146,15,9.3167702,0.057967314,0.052127571,0.096462833,-0.083533204,0.0050906608,0.10536319,0.21009395,-0.35157219,0.42049323,0.10027253,0.051312457,0,161,16,14,16,True,0.012008046,24.65,64.1,55418,8.2
887,47580,"Warner Robins, GA",wage_growth,161,146,15,9.3167702,0.036876015,0.033887346,0.058287935,-0.054691226,0.01026605,0.064228848,0.12963413,-0.21426981,0.33163199,0.053962797,0.026323725,0,161,16,14,16,True,0.012008046,24.65,64.1,55418,8.2
887,47580,"Warner Robins, GA",acs_population_growth,161,151,10,6.2111801,0.032672759,0.012008046,0.07997925,-0.048914674,0.0067545075,0.020393511,0.29681803,-0.048914674,0.29681803,0.013639003,0.0052881889,0,161,16,14,16,True,0.012008046,24.65,64.1,55418,8.2
887,47580,"Warner Robins, GA",unemployment_rate,161,161,0,0,7.9465839,7.8,1.9949947,5.1,6.1,9.8,11.2,5.1,11.2,3.7,1.9,0,161,16,14,16,True,0.012008046,24.65,64.1,55418,8.2
887,47580,"Warner Robins, GA",educational_attainment_pct,161,161,0,0,25.890062,24.8,3.2680691,21.8,22.7,29.6,31.1,21.8,31.1,6.9,2.5,0,161,16,14,16,True,0.012008046,24.65,64.1,55418,8.2
887,47580,"Warner Robins, GA",median_household_income,161,161,0,0,59206.981,55738,8645.2291,50909,52400,63074,78702,50909,78702,10674,3759,0,161,16,14,16,True,0.012008046,24.65,64.1,55418,8.2
887,47580,"Warner Robins, GA",labor_force_participation_pct,161,161,0,0,64.08323,64,2.0242047,61.3,62.5,64.8,67.5,61.3,67.5,2.3,1.5,0,161,16,14,16,True,0.012008046,24.65,64.1,55418,8.2
893,47900,"Washington-Arlington-Alexandria, DC-VA-MD-WV",startup_rate,42,42,0,0,7.6336383,7.5412344,1.5404048,5.7771729,6.2314695,8.7045592,10.328642,5.4886997,11.084044,2.4730897,1.3058807,0,42,7,14,7,False,0.013048442,49.65,71.8,95476,5.65
893,47900,"Washington-Arlington-Alexandria, DC-VA-MD-WV",employment_growth,42,29,13,30.952381,-0.013143864,0.010970448,0.092183666,-0.21008511,-0.0068096028,0.016318317,0.059719356,-0.3357795,0.13730087,0.02312792,0.0085823365,0,42,7,14,7,False,0.013048442,49.65,71.8,95476,5.65
893,47900,"Washington-Arlington-Alexandria, DC-VA-MD-WV",establishment_growth,42,29,13,30.952381,0.013116164,0.012578206,0.029986634,-0.025010445,-0.0057253136,0.021627252,0.071489881,-0.05663847,0.089958876,0.027352565,0.01466476,0,42,7,14,7,False,0.013048442,49.65,71.8,95476,5.65
893,47900,"Washington-Arlington-Alexandria, DC-VA-MD-WV",payroll_growth,42,29,13,30.952381,0.025848432,0.038918082,0.0873183,-0.12529613,0.02487839,0.04915453,0.12397084,-0.30396816,0.1797669,0.02427614,0.011187203,0,42,7,14,7,False,0.013048442,49.65,71.8,95476,5.65
893,47900,"Washington-Arlington-Alexandria, DC-VA-MD-WV",wage_growth,42,29,13,30.952381,0.041187808,0.030049656,0.040547667,0.0037567384,0.022783616,0.044983605,0.099715817,-0.022999279,0.19609813,0.022199988,0.013972036,0,42,7,14,7,False,0.013048442,49.65,71.8,95476,5.65
893,47900,"Washington-Arlington-Alexandria, DC-VA-MD-WV",acs_population_growth,42,40,2,4.7619048,0.010766796,0.0099808448,0.010554274,-0.012966581,0.0079120606,0.016587812,0.027773455,-0.012966581,0.027773455,0.0086757512,0.0038755199,0,42,7,14,7,False,0.013048442,49.65,71.8,95476,5.65
893,47900,"Washington-Arlington-Alexandria, DC-VA-MD-WV",unemployment_rate,42,42,0,0,5.5738095,5.1,0.88098047,4.7,4.9,6.4,7,4.7,7,1.5,0.4,0,42,7,14,7,False,0.013048442,49.65,71.8,95476,5.65
893,47900,"Washington-Arlington-Alexandria, DC-VA-MD-WV",educational_attainment_pct,42,42,0,0,50.369048,50.6,2.1344432,47.505,48.3,52.225,53.8,47.1,53.8,3.925,1.8,0,42,7,14,7,False,0.013048442,49.65,71.8,95476,5.65
893,47900,"Washington-Arlington-Alexandria, DC-VA-MD-WV",median_household_income,42,42,0,0,102011.88,100732,11682.028,88553,91756,110042.75,123896,85660,123896,18286.75,9584,0,42,7,14,7,False,0.013048442,49.65,71.8,95476,5.65
893,47900,"Washington-Arlington-Alexandria, DC-VA-MD-WV",labor_force_participation_pct,42,42,0,0,71.954762,71.7,0.69112929,71.1,71.5,72.5,73.2,71.1,73.2,1,0.5,0,42,7,14,7,False,0.013048442,49.65,71.8,95476,5.65
896,47940,"Waterloo-Cedar Falls, IA",startup_rate,112,112,0,0,4.9768771,5,2.213111,1.6339479,3.8612658,6.541305,8.104583,0,12.5,2.6800392,1.4293993,4.4642857,112,13,14,13,True,0.0011656864,27.35,67.15,53079,5.3
896,47940,"Waterloo-Cedar Falls, IA",employment_growth,112,99,13,11.607143,0.0035415212,0.00989417,0.057719927,-0.067329742,-0.013102828,0.024312371,0.057256533,-0.28052617,0.22291022,0.0374152,0.018951984,0,112,13,14,13,True,0.0011656864,27.35,67.15,53079,5.3
896,47940,"Waterloo-Cedar Falls, IA",establishment_growth,112,99,13,11.607143,0.0034044043,-0.0015337423,0.041827555,-0.044956153,-0.021507863,0.022316764,0.070140449,-0.15348837,0.15151515,0.043824627,0.021722072,6.0606061,112,13,14,13,True,0.0011656864,27.35,67.15,53079,5.3
896,47940,"Waterloo-Cedar Falls, IA",payroll_growth,112,99,13,11.607143,0.042303394,0.041730059,0.086237299,-0.073468567,0.011918317,0.071312111,0.16247174,-0.2936026,0.39885423,0.059393794,0.031293196,0,112,13,14,13,True,0.0011656864,27.35,67.15,53079,5.3
896,47940,"Waterloo-Cedar Falls, IA",wage_growth,112,99,13,11.607143,0.03845339,0.032268083,0.060624525,-0.028065534,0.015803917,0.05861723,0.10367458,-0.19953759,0.40102076,0.042813312,0.018966642,0,112,13,14,13,True,0.0011656864,27.35,67.15,53079,5.3
896,47940,"Waterloo-Cedar Falls, IA",acs_population_growth,112,104,8,7.1428571,0.00095082701,0.0011656864,0.0031348384,-0.0033856065,-0.0026480927,0.0037630807,0.0052190188,-0.0033856065,0.0052190188,0.0064111733,0.0030296253,0,112,13,14,13,True,0.0011656864,27.35,67.15,53079,5.3
896,47940,"Waterloo-Cedar Falls, IA",unemployment_rate,112,112,0,0,5.5285714,4.9,1.1197996,3.9,4.7,6.5,7.4,3.9,7.4,1.8,0.8,0,112,13,14,13,True,0.0011656864,27.35,67.15,53079,5.3
896,47940,"Waterloo-Cedar Falls, IA",educational_attainment_pct,112,112,0,0,27.686607,27.7,2.0638674,24.7,25.5,29.6,30.5,24.7,30.5,4.1,2.2,0,112,13,14,13,True,0.0011656864,27.35,67.15,53079,5.3
896,47940,"Waterloo-Cedar Falls, IA",median_household_income,112,112,0,0,55034.92,53689,7091.2019,46503,48637,58996,68916,46503,68916,10359,5307,0,112,13,14,13,True,0.0011656864,27.35,67.15,53079,5.3
896,47940,"Waterloo-Cedar Falls, IA",labor_force_participation_pct,112,112,0,0,67.104464,67.1,0.38796963,66.4,66.9,67.5,67.6,66.4,67.6,0.6,0.4,0,112,13,14,13,True,0.0011656864,27.35,67.15,53079,5.3
899,48060,"Watertown-Fort Drum, NY",startup_rate,210,210,0,0,4.2713663,4.30571,3.8673007,0,0,6.7133356,10.685874,0,18.421053,6.7133356,4.1162758,33.809524,210,19,14,19,True,-0.0097220505,22.2,64.5,52268,6.5
899,48060,"Watertown-Fort Drum, NY",employment_growth,210,192,18,8.5714286,0.0083689721,0.0041744485,0.095267525,-0.13248544,-0.035594232,0.045628209,0.18219244,-0.23469388,0.44615385,0.08122244,0.041654955,0,210,19,14,19,True,-0.0097220505,22.2,64.5,52268,6.5
899,48060,"Watertown-Fort Drum, NY",establishment_growth,210,192,18,8.5714286,0.0050021381,0,0.051960407,-0.095,-0.017450495,0.025105932,0.10045455,-0.125,0.28571429,0.042556427,0.022305141,14.0625,210,19,14,19,True,-0.0097220505,22.2,64.5,52268,6.5
899,48060,"Watertown-Fort Drum, NY",payroll_growth,210,192,18,8.5714286,0.048255403,0.036769481,0.17213288,-0.13994416,-0.015814672,0.082457571,0.22801619,-0.24264345,1.9099454,0.098272243,0.049989096,0,210,19,14,19,True,-0.0097220505,22.2,64.5,52268,6.5
899,48060,"Watertown-Fort Drum, NY",wage_growth,210,192,18,8.5714286,0.037775695,0.030848562,0.096351858,-0.040457824,0.0051848119,0.057447996,0.10868364,-0.14355643,1.1259869,0.052263184,0.026609033,0,210,19,14,19,True,-0.0097220505,22.2,64.5,52268,6.5
899,48060,"Watertown-Fort Drum, NY",acs_population_growth,210,146,64,30.47619,-0.0014895501,-0.0097220505,0.020586537,-0.018178387,-0.012300385,0.00052151239,0.055448885,-0.018178387,0.055448885,0.012821897,0.0043105232,0,210,19,14,19,True,-0.0097220505,22.2,64.5,52268,6.5
899,48060,"Watertown-Fort Drum, NY",unemployment_rate,210,161,49,23.333333,8.0018634,6.5,2.1761627,5.8,6.2,10.6,11.6,5.8,11.6,4.4,0.7,0,210,19,14,19,True,-0.0097220505,22.2,64.5,52268,6.5
899,48060,"Watertown-Fort Drum, NY",educational_attainment_pct,210,161,49,23.333333,22.263354,22.2,1.8100998,20,20.7,24.3,25.7,20,25.7,3.6,1.5,0,210,19,14,19,True,-0.0097220505,22.2,64.5,52268,6.5
899,48060,"Watertown-Fort Drum, NY",median_household_income,210,161,49,23.333333,53469.621,52268,5488.5571,46484,49505,58271,64978,46484,64978,8766,2763,0,210,19,14,19,True,-0.0097220505,22.2,64.5,52268,6.5
899,48060,"Watertown-Fort Drum, NY",labor_force_participation_pct,210,161,49,23.333333,64.541615,64.5,1.0044625,63,63.7,65.6,65.8,63,65.8,1.9,1,0,210,19,14,19,True,-0.0097220505,22.2,64.5,52268,6.5
900,48140,"Wausau, WI",startup_rate,193,193,0,0,3.9598185,3.8314176,3.0070312,0,1.7751479,6.0606061,8.9054211,0,13.924051,4.2854581,2.1739591,23.316062,193,17,14,17,True,0.0021573773,24.05,68.65,55412.5,4.3
900,48140,"Wausau, WI",employment_growth,193,178,15,7.7720207,0.021796856,0.0052527895,0.19973305,-0.12357488,-0.021658362,0.03545959,0.12427632,-0.64444444,1.6896552,0.057117952,0.028952633,0.56179775,193,17,14,17,True,0.0021573773,24.05,68.65,55412.5,4.3
900,48140,"Wausau, WI",establishment_growth,193,178,15,7.7720207,0.0065458647,0,0.057911201,-0.069901961,-0.018637177,0.028437917,0.093024607,-0.28571429,0.20849421,0.047075094,0.022877429,13.483146,193,17,14,17,True,0.0021573773,24.05,68.65,55412.5,4.3
900,48140,"Wausau, WI",payroll_growth,193,178,15,7.7720207,0.05494966,0.042371479,0.1894628,-0.098867329,0.0038373665,0.07921307,0.21726444,-0.64451155,2.0129246,0.075375703,0.037994272,0,193,17,14,17,True,0.0021573773,24.05,68.65,55412.5,4.3
900,48140,"Wausau, WI",wage_growth,193,178,15,7.7720207,0.035961876,0.039015342,0.057896479,-0.03353283,0.011366907,0.056551562,0.11215969,-0.33977999,0.26216585,0.045184655,0.023299477,0,193,17,14,17,True,0.0021573773,24.05,68.65,55412.5,4.3
900,48140,"Wausau, WI",acs_population_growth,193,178,15,7.7720207,0.0066873276,0.0021573773,0.071061537,-0.16938191,0.00019615055,0.0046544746,0.20608588,-0.16938191,0.20608588,0.004458324,0.0023717269,0,193,17,14,17,True,0.0021573773,24.05,68.65,55412.5,4.3
900,48140,"Wausau, WI",unemployment_rate,193,193,0,0,4.9020725,4.8,1.7047103,2.9,3.4,6.7,7.3,2.9,7.3,3.3,1.7,0,193,17,14,17,True,0.0021573773,24.05,68.65,55412.5,4.3
900,48140,"Wausau, WI",educational_attainment_pct,193,193,0,0,23.784974,23.9,1.7975192,20.8,22.2,25.2,27.3,20.8,27.3,3,1.6,0,193,17,14,17,True,0.0021573773,24.05,68.65,55412.5,4.3
900,48140,"Wausau, WI",median_household_income,193,193,0,0,59216.767,54316,7061.4311,53363,53779,62237,76185,53363,76185,8458,953,0,193,17,14,17,True,0.0021573773,24.05,68.65,55412.5,4.3
900,48140,"Wausau, WI",labor_force_participation_pct,193,193,0,0,68.884456,68.7,1.988919,65.6,67.2,70.5,72.2,65.6,72.2,3.3,1.8,0,193,17,14,17,True,0.0021573773,24.05,68.65,55412.5,4.3
904,48260,"Weirton-Steubenville, WV-OH",startup_rate,83,83,0,0,4.8488825,4.4692737,2.972203,0,2.9175336,6.7684478,10.426065,0,12.5,3.8509143,1.8862479,9.6385542,83,13,14,13,False,-0.0072165039,16.9,55.3,45932,6.8
904,48260,"Weirton-Steubenville, WV-OH",employment_growth,83,72,11,13.253012,-0.018631049,-0.011030999,0.054481859,-0.1231766,-0.042275077,0.01492834,0.043430114,-0.1913215,0.13461538,0.057203417,0.028401663,0,83,13,14,13,False,-0.0072165039,16.9,55.3,45932,6.8
904,48260,"Weirton-Steubenville, WV-OH",establishment_growth,83,72,11,13.253012,-0.0036688797,0,0.056161966,-0.082053922,-0.026696429,0.018462066,0.082512163,-0.22265625,0.17361111,0.045158495,0.025353017,9.7222222,83,13,14,13,False,-0.0072165039,16.9,55.3,45932,6.8
904,48260,"Weirton-Steubenville, WV-OH",payroll_growth,83,72,11,13.253012,0.022469556,0.029997622,0.076975446,-0.094672585,-0.010285491,0.0571728,0.15512601,-0.20525452,0.20901227,0.067458291,0.036368625,0,83,13,14,13,False,-0.0072165039,16.9,55.3,45932,6.8
904,48260,"Weirton-Steubenville, WV-OH",wage_growth,83,72,11,13.253012,0.041485518,0.03417523,0.045218332,-0.012083054,0.019530208,0.065031253,0.11657741,-0.098394229,0.18714931,0.045501045,0.020570042,0,83,13,14,13,False,-0.0072165039,16.9,55.3,45932,6.8
904,48260,"Weirton-Steubenville, WV-OH",acs_population_growth,83,56,27,32.53012,-0.0065414044,-0.0066847661,0.0029092037,-0.0094270056,-0.0083236082,-0.006089707,0.001902357,-0.0094270056,0.001902357,0.0022339011,0.0010634756,0,83,13,14,13,False,-0.0072165039,16.9,55.3,45932,6.8
904,48260,"Weirton-Steubenville, WV-OH",unemployment_rate,83,62,21,25.301205,7.1,6.8,1.0910966,5.9,6.075,7.9,9.3,5.9,9.3,1.825,0.8,0,83,13,14,13,False,-0.0072165039,16.9,55.3,45932,6.8
904,48260,"Weirton-Steubenville, WV-OH",educational_attainment_pct,83,62,21,25.301205,17.35,16.85,1.5318209,15.4,16.5,17.7,20.7,15.4,20.7,1.2,0.85,0,83,13,14,13,False,-0.0072165039,16.9,55.3,45932,6.8
904,48260,"Weirton-Steubenville, WV-OH",median_household_income,83,62,21,25.301205,46321.419,45932,5072.9387,40598,42136,47525,57149,40598,57149,5389,3796,0,83,13,14,13,False,-0.0072165039,16.9,55.3,45932,6.8
904,48260,"Weirton-Steubenville, WV-OH",labor_force_participation_pct,83,62,21,25.301205,55.406452,55.3,0.30129283,55,55.2,55.65,56,55,56,0.45,0.2,0,83,13,14,13,False,-0.0072165039,16.9,55.3,45932,6.8
905,48300,"Wenatchee-East Wenatchee, WA",startup_rate,185,185,0,0,7.3059664,6.9078947,3.6566123,2.4962916,5.0847458,9.0909091,13.737185,0,21.73913,4.0061633,1.9856149,4.8648649,185,17,14,17,True,0.0093700982,23.1,62.4,53855.5,5.65
905,48300,"Wenatchee-East Wenatchee, WA",employment_growth,185,168,17,9.1891892,0.030658548,0.020538964,0.081842572,-0.073316637,-0.0046135733,0.069283984,0.15868443,-0.36930295,0.3688946,0.073897557,0.036441874,0.5952381,185,17,14,17,True,0.0093700982,23.1,62.4,53855.5,5.65
905,48300,"Wenatchee-East Wenatchee, WA",establishment_growth,185,168,17,9.1891892,0.026406215,0.014010679,0.27396913,-0.090281059,-0.014337474,0.042274424,0.11206981,-0.7402734,3.3614458,0.056611898,0.028399913,7.1428571,185,17,14,17,True,0.0093700982,23.1,62.4,53855.5,5.65
905,48300,"Wenatchee-East Wenatchee, WA",payroll_growth,185,168,17,9.1891892,0.075977784,0.062132911,0.10812739,-0.06854091,0.025329361,0.11861481,0.25781009,-0.21880119,0.52796669,0.093285445,0.043973244,0,185,17,14,17,True,0.0093700982,23.1,62.4,53855.5,5.65
905,48300,"Wenatchee-East Wenatchee, WA",wage_growth,185,168,17,9.1891892,0.044398763,0.038533019,0.06575996,-0.042080186,0.014131314,0.059248088,0.1583319,-0.1644715,0.32029354,0.045116774,0.023102501,0,185,17,14,17,True,0.0093700982,23.1,62.4,53855.5,5.65
905,48300,"Wenatchee-East Wenatchee, WA",acs_population_growth,185,171,14,7.5675676,0.009996225,0.0093700982,0.0023275494,0.0074959517,0.0087471238,0.01068148,0.016421505,0.0074959517,0.016421505,0.0019343565,0.0013056481,0,185,17,14,17,True,0.0093700982,23.1,62.4,53855.5,5.65
905,48300,"Wenatchee-East Wenatchee, WA",unemployment_rate,185,185,0,0,6.0275676,6.2,1.8523918,3.7,4,7.6,8.7,3.7,8.7,3.6,2.2,0,185,17,14,17,True,0.0093700982,23.1,62.4,53855.5,5.65
905,48300,"Wenatchee-East Wenatchee, WA",educational_attainment_pct,185,185,0,0,23.322703,22.7,1.9510653,21.1,21.7,24.4,27.3,21.1,27.3,2.7,1.2,0,185,17,14,17,True,0.0093700982,23.1,62.4,53855.5,5.65
905,48300,"Wenatchee-East Wenatchee, WA",median_household_income,185,185,0,0,57538.805,52475,8970.5992,48685,51488,62894,79007,48685,79007,11406,2902,0,185,17,14,17,True,0.0093700982,23.1,62.4,53855.5,5.65
905,48300,"Wenatchee-East Wenatchee, WA",labor_force_participation_pct,185,185,0,0,62.565946,62.4,0.81559347,61.3,62,63.5,63.8,61.3,63.8,1.5,0.6,0,185,17,14,17,True,0.0093700982,23.1,62.4,53855.5,5.65
907,48540,"Wheeling, WV-OH",startup_rate,116,116,0,0,4.3972304,4.098636,2.6607819,0,2.7376287,6.1921296,8.586905,0,13.793103,3.4545009,1.5739073,10.344828,116,14,14,14,True,-0.0061505934,20.45,56,44680.5,6.4
907,48540,"Wheeling, WV-OH",employment_growth,116,99,17,14.655172,-0.0015556686,-0.0064102564,0.060561856,-0.098252394,-0.019069594,0.024145257,0.085836335,-0.2223382,0.21815287,0.043214852,0.020471464,0,116,14,14,14,True,-0.0061505934,20.45,56,44680.5,6.4
907,48540,"Wheeling, WV-OH",establishment_growth,116,99,17,14.655172,0.0067775189,0,0.050020709,-0.050654366,-0.0122704,0.023796565,0.088125,-0.20163488,0.23920266,0.036066966,0.019011407,10.10101,116,14,14,14,True,-0.0061505934,20.45,56,44680.5,6.4
907,48540,"Wheeling, WV-OH",payroll_growth,116,99,17,14.655172,0.031307679,0.031914534,0.090323893,-0.1413477,-0.0020586022,0.060629285,0.18092087,-0.23106362,0.35879855,0.062687887,0.031487572,0,116,14,14,14,True,-0.0061505934,20.45,56,44680.5,6.4
907,48540,"Wheeling, WV-OH",wage_growth,116,99,17,14.655172,0.033587568,0.039735382,0.072286639,-0.078928991,0.016118384,0.060821046,0.099384018,-0.31149333,0.26333514,0.044702662,0.021961942,0,116,14,14,14,True,-0.0061505934,20.45,56,44680.5,6.4
907,48540,"Wheeling, WV-OH",acs_population_growth,116,109,7,6.0344828,-0.005596047,-0.0061505934,0.0027955794,-0.0091322234,-0.00790676,-0.0033631223,-0.00048615708,-0.0091322234,0.00095578428,0.0045436378,0.0026060382,0,116,14,14,14,True,-0.0061505934,20.45,56,44680.5,6.4
907,48540,"Wheeling, WV-OH",unemployment_rate,116,116,0,0,6.4887931,6.1,1.1012855,5.275,5.3,7.55,8,5.2,8,2.25,0.8,0,116,14,14,14,True,-0.0061505934,20.45,56,44680.5,6.4
907,48540,"Wheeling, WV-OH",educational_attainment_pct,116,116,0,0,20.037069,20.6,1.8239246,17.2,18.7,21.4,22.9,17.2,22.9,2.7,1.5,0,116,14,14,14,True,-0.0061505934,20.45,56,44680.5,6.4
907,48540,"Wheeling, WV-OH",median_household_income,116,116,0,0,46436.612,45625,6319.2097,37739,41192,50390,58705,37739,58705,9198,4530,0,116,14,14,14,True,-0.0061505934,20.45,56,44680.5,6.4
907,48540,"Wheeling, WV-OH",labor_force_participation_pct,116,116,0,0,55.985345,55.5,0.9463205,54.8,55,56.8,57.6,54.8,57.6,1.8,0.7,0,116,14,14,14,True,-0.0061505934,20.45,56,44680.5,6.4
909,48620,"Wichita, KS",startup_rate,147,147,0,0,5.9214339,5.703125,3.1321236,2.4428687,4.2539397,7.2559992,9.2591232,0,27.272727,3.0020595,1.496875,2.7210884,147,13,14,13,True,0.0035904916,29.65,66.3,53010.5,5.55
909,48620,"Wichita, KS",employment_growth,147,135,12,8.1632653,0.0017030355,0.0064964893,0.063167492,-0.10969144,-0.019193345,0.028677244,0.086239278,-0.29032258,0.20992366,0.047870589,0.024791797,0.74074074,147,13,14,13,True,0.0035904916,29.65,66.3,53010.5,5.55
909,48620,"Wichita, KS",establishment_growth,147,135,12,8.1632653,0.0096441624,0.0034305317,0.052137173,-0.05987916,-0.013464862,0.018609815,0.099391381,-0.094240838,0.26923077,0.032074677,0.0162248,1.4814815,147,13,14,13,True,0.0035904916,29.65,66.3,53010.5,5.55
909,48620,"Wichita, KS",payroll_growth,147,135,12,8.1632653,0.029674314,0.038418267,0.086421511,-0.087705008,0.0012903066,0.073177075,0.13692566,-0.44166198,0.3345753,0.071886768,0.036709342,0,147,13,14,13,True,0.0035904916,29.65,66.3,53010.5,5.55
909,48620,"Wichita, KS",wage_growth,147,135,12,8.1632653,0.027364501,0.027064579,0.051288758,-0.034671943,0.0081520253,0.049468492,0.089524793,-0.21323925,0.24381773,0.041316467,0.021088104,0,147,13,14,13,True,0.0035904916,29.65,66.3,53010.5,5.55
909,48620,"Wichita, KS",acs_population_growth,147,136,11,7.4829932,0.0051490275,0.0035904916,0.0062481385,-0.0094366733,0.0028633656,0.0088973404,0.018894832,-0.0094366733,0.018894832,0.0060339748,0.0012671749,0,147,13,14,13,True,0.0035904916,29.65,66.3,53010.5,5.55
909,48620,"Wichita, KS",unemployment_rate,147,147,0,0,6.322449,5.8,1.3361566,4.8,5,7.7,8.4,4.8,8.4,2.7,0.9,0,147,13,14,13,True,0.0035904916,29.65,66.3,53010.5,5.55
909,48620,"Wichita, KS",educational_attainment_pct,147,147,0,0,29.290476,29.3,1.5999715,26.7,27.8,31,31.5,26.7,31.5,3.2,1.5,0,147,13,14,13,True,0.0035904916,29.65,66.3,53010.5,5.55
909,48620,"Wichita, KS",median_household_income,147,147,0,0,55099.408,52068,6067.8517,48611,50556,58333,68930,48611,68930,7777,1946,0,147,13,14,13,True,0.0035904916,29.65,66.3,53010.5,5.55
909,48620,"Wichita, KS",labor_force_participation_pct,147,147,0,0,66.97415,66.3,1.3006367,65.4,66.1,67.8,69.3,65.4,69.3,1.7,0.8,0,147,13,14,13,True,0.0035904916,29.65,66.3,53010.5,5.55
910,48660,"Wichita Falls, TX",startup_rate,94,94,0,0,4.9885268,4.8910281,2.0471681,2.3386603,3.5232785,6.027421,8.8320312,1.744186,10.822511,2.5041425,1.2776321,0,94,10,14,10,False,0.00033065503,21.9,62.45,46698,5.25
910,48660,"Wichita Falls, TX",employment_growth,94,77,17,18.085106,-0.0036802772,-0.0031478217,0.055067616,-0.082989914,-0.030088496,0.018479409,0.089848655,-0.18339416,0.13135314,0.048567904,0.024228903,0,94,10,14,10,False,0.00033065503,21.9,62.45,46698,5.25
910,48660,"Wichita Falls, TX",establishment_growth,94,77,17,18.085106,-0.0073815407,-0.0052631579,0.028836433,-0.055485449,-0.021526419,0.010582011,0.028343508,-0.086734694,0.076923077,0.032108429,0.015863865,1.2987013,94,10,14,10,False,0.00033065503,21.9,62.45,46698,5.25
910,48660,"Wichita Falls, TX",payroll_growth,94,77,17,18.085106,0.031040865,0.031287231,0.075781105,-0.066229657,-0.0079911212,0.069347457,0.14680029,-0.26468497,0.24201968,0.077338578,0.038304896,0,94,10,14,10,False,0.00033065503,21.9,62.45,46698,5.25
910,48660,"Wichita Falls, TX",wage_growth,94,77,17,18.085106,0.034447494,0.035106139,0.043457625,-0.034062567,0.013159403,0.054846142,0.10224144,-0.099544837,0.15642851,0.041686739,0.021914345,0,94,10,14,10,False,0.00033065503,21.9,62.45,46698,5.25
910,48660,"Wichita Falls, TX",acs_population_growth,94,86,8,8.5106383,-0.00072985896,0.00033065503,0.0052299147,-0.015804527,-0.0017621379,0.0016995906,0.0039357648,-0.02035652,0.0042265203,0.0034617285,0.0019230603,0,94,10,14,10,False,0.00033065503,21.9,62.45,46698,5.25
910,48660,"Wichita Falls, TX",unemployment_rate,94,94,0,0,5.2287234,5.35,0.89618335,3.3,4.8,5.9,6.4,3.3,6.4,1.1,0.55,0,94,10,14,10,False,0.00033065503,21.9,62.45,46698,5.25
910,48660,"Wichita Falls, TX",educational_attainment_pct,94,94,0,0,21.596809,21.4,1.6371003,19.7,19.925,23,24.8,19.7,24.8,3.075,1.5,0,94,10,14,10,False,0.00033065503,21.9,62.45,46698,5.25
910,48660,"Wichita Falls, TX",median_household_income,94,94,0,0,49167.628,46558,5661.972,44064,45929.75,49779,63618,44064,63618,3849.25,676,0,94,10,14,10,False,0.00033065503,21.9,62.45,46698,5.25
910,48660,"Wichita Falls, TX",labor_force_participation_pct,94,94,0,0,62.27766,62.6,0.84930766,60.9,61.3,63,63.4,60.9,63.4,1.7,0.6,0,94,10,14,10,False,0.00033065503,21.9,62.45,46698,5.25
911,48680,"Wildwood-The Villages, FL",startup_rate,191,191,0,0,8.2896104,7.5949367,6.7958665,0,4.1560039,11.715686,20.535714,0,42.857143,7.5596823,4.07173,23.036649,191,19,14,19,True,,35.1,25.1,73297,5.7
911,48680,"Wildwood-The Villages, FL",employment_growth,191,170,21,10.994764,0.10771957,0.059249532,0.29277155,-0.11969214,0.0082776263,0.12297762,0.60194643,-0.84995252,2.64,0.1147,0.057696429,0,191,19,14,19,True,,35.1,25.1,73297,5.7
911,48680,"Wildwood-The Villages, FL",establishment_growth,191,170,21,10.994764,0.067306421,0.047458172,0.11179509,-0.04820296,0.0012820513,0.10393145,0.2375,-0.25,0.66666667,0.1026494,0.047458172,11.176471,191,19,14,19,True,,35.1,25.1,73297,5.7
911,48680,"Wildwood-The Villages, FL",payroll_growth,191,170,21,10.994764,0.14753422,0.1036978,0.24979089,-0.14349237,0.037158911,0.19900541,0.68082486,-0.7171358,1.621295,0.1618465,0.076661645,0,191,19,14,19,True,,35.1,25.1,73297,5.7
911,48680,"Wildwood-The Villages, FL",wage_growth,191,170,21,10.994764,0.051387836,0.04398492,0.13691738,-0.10816096,0.011517003,0.093048056,0.20690412,-0.56376781,0.88513025,0.081531053,0.040879402,0,191,19,14,19,True,,35.1,25.1,73297,5.7
911,48680,"Wildwood-The Villages, FL",acs_population_growth,191,0,191,100,,,,,,,,,,,,,191,19,14,19,True,,35.1,25.1,73297,5.7
911,48680,"Wildwood-The Villages, FL",unemployment_rate,191,14,177,92.670157,5.7,5.7,9.2170631e-16,5.7,5.7,5.7,5.7,5.7,5.7,0,0,0,191,19,14,19,True,,35.1,25.1,73297,5.7
911,48680,"Wildwood-The Villages, FL",educational_attainment_pct,191,14,177,92.670157,35.1,35.1,7.3736504e-15,35.1,35.1,35.1,35.1,35.1,35.1,0,0,0,191,19,14,19,True,,35.1,25.1,73297,5.7
911,48680,"Wildwood-The Villages, FL",median_household_income,191,14,177,92.670157,73297,73297,0,73297,73297,73297,73297,73297,73297,0,0,0,191,19,14,19,True,,35.1,25.1,73297,5.7
911,48680,"Wildwood-The Villages, FL",labor_force_participation_pct,191,14,177,92.670157,25.1,25.1,3.6868252e-15,25.1,25.1,25.1,25.1,25.1,25.1,0,0,0,191,19,14,19,True,,35.1,25.1,73297,5.7
912,48700,"Williamsport, PA",startup_rate,199,199,0,0,3.7958262,3.5294118,3.3280956,0,0.79155673,5.3144417,10.204082,0,19.047619,4.522885,1.8039216,25.125628,199,19,14,19,True,-0.002205226,21.35,61.05,49682.5,6.75
912,48700,"Williamsport, PA",employment_growth,199,184,15,7.5376884,0.012749214,0.00076355521,0.14493987,-0.13545148,-0.028179979,0.040552031,0.16881013,-0.56750572,1.5010183,0.06873201,0.035663855,0.54347826,199,19,14,19,True,-0.002205226,21.35,61.05,49682.5,6.75
912,48700,"Williamsport, PA",establishment_growth,199,184,15,7.5376884,0.014638698,0,0.10908156,-0.067954413,-0.020052556,0.030624741,0.11730769,-0.26470588,1.0625,0.050677297,0.024436483,11.956522,199,19,14,19,True,-0.002205226,21.35,61.05,49682.5,6.75
912,48700,"Williamsport, PA",payroll_growth,199,184,15,7.5376884,0.047904201,0.032119965,0.16166435,-0.13355902,-0.0047790888,0.085099871,0.22987345,-0.46618997,1.6428753,0.08987896,0.046660124,0,199,19,14,19,True,-0.002205226,21.35,61.05,49682.5,6.75
912,48700,"Williamsport, PA",wage_growth,199,184,15,7.5376884,0.035197201,0.033901382,0.05758328,-0.05087076,0.007125627,0.060485935,0.11441844,-0.23631646,0.24612011,0.053360308,0.026866905,0,199,19,14,19,True,-0.002205226,21.35,61.05,49682.5,6.75
912,48700,"Williamsport, PA",acs_population_growth,199,186,13,6.5326633,-0.0018432298,-0.002205226,0.002803587,-0.0078667045,-0.0039641473,0.00061747453,0.0022804217,-0.0078667045,0.0022804217,0.0045816218,0.0024004209,0,199,19,14,19,True,-0.002205226,21.35,61.05,49682.5,6.75
912,48700,"Williamsport, PA",unemployment_rate,199,199,0,0,6.6819095,6.2,1.461276,5,5.2,8.1,9,5,9,2.9,1.1,0,199,19,14,19,True,-0.002205226,21.35,61.05,49682.5,6.75
912,48700,"Williamsport, PA",educational_attainment_pct,199,199,0,0,21.599497,22.1,2.2972205,18.6,18.8,23.5,24.8,18.6,24.8,4.7,2.2,0,199,19,14,19,True,-0.002205226,21.35,61.05,49682.5,6.75
912,48700,"Williamsport, PA",median_household_income,199,199,0,0,51531.849,50634,6910.6873,42689,45430,54906,64412,42689,64412,9476,4757,0,199,19,14,19,True,-0.002205226,21.35,61.05,49682.5,6.75
912,48700,"Williamsport, PA",labor_force_participation_pct,199,199,0,0,60.845226,60.9,1.2589337,58.9,59.8,62,62.6,58.9,62.6,2.2,1.1,0,199,19,14,19,True,-0.002205226,21.35,61.05,49682.5,6.75
915,48900,"Wilmington, NC",startup_rate,174,174,0,0,8.0813132,7.5224881,2.7895799,3.7922376,6.1125525,10.627446,12.542476,2.3316062,14.40678,4.5148935,2.0355093,0,174,14,14,14,True,0.017258824,35.45,62.9,50791,7.65
915,48900,"Wilmington, NC",employment_growth,174,155,19,10.91954,0.031214914,0.029985669,0.062609981,-0.062084396,0.0056579614,0.05738695,0.12019751,-0.22471545,0.36438356,0.051728989,0.027174876,0,174,14,14,14,True,0.017258824,35.45,62.9,50791,7.65
915,48900,"Wilmington, NC",establishment_growth,174,155,19,10.91954,0.041332503,0.036842105,0.052652298,-0.026060122,0.012550606,0.062309539,0.12853805,-0.081761006,0.26422764,0.049758933,0.024534413,0.64516129,174,14,14,14,True,0.017258824,35.45,62.9,50791,7.65
915,48900,"Wilmington, NC",payroll_growth,174,155,19,10.91954,0.073584116,0.064462081,0.092548127,-0.028449403,0.032850604,0.10623315,0.2039782,-0.3587716,0.56309961,0.073382549,0.036308315,0,174,14,14,14,True,0.017258824,35.45,62.9,50791,7.65
915,48900,"Wilmington, NC",wage_growth,174,155,19,10.91954,0.040980777,0.032514585,0.064700778,-0.013127812,0.015435757,0.061683953,0.10099475,-0.23519916,0.55315558,0.046248196,0.021977621,0,174,14,14,14,True,0.017258824,35.45,62.9,50791,7.65
915,48900,"Wilmington, NC",acs_population_growth,174,162,12,6.8965517,0.030195615,0.017258824,0.16692864,-0.28553161,0.016086891,0.018567639,0.52067125,-0.28553161,0.52067125,0.0024807483,0.0013088156,0,174,14,14,14,True,0.017258824,35.45,62.9,50791,7.65
915,48900,"Wilmington, NC",unemployment_rate,174,174,0,0,7.5522989,7.2,2.0632682,5,5.5,9.8,10.7,5,10.7,4.3,1.8,0,174,14,14,14,True,0.017258824,35.45,62.9,50791,7.65
915,48900,"Wilmington, NC",educational_attainment_pct,174,174,0,0,35.408621,36.1,3.5592565,29.5,33.5,38.5,40.2,29.5,40.2,5,2.55,0,174,14,14,14,True,0.017258824,35.45,62.9,50791,7.65
915,48900,"Wilmington, NC",median_household_income,174,174,0,0,54617.569,51137,8295.3453,46868,48581,57488,73687,46868,73687,8907,4128,0,174,14,14,14,True,0.017258824,35.45,62.9,50791,7.65
915,48900,"Wilmington, NC",labor_force_participation_pct,174,174,0,0,62.737931,62.9,1.460916,58.9,62.1,63.7,65.1,58.9,65.1,1.6,0.8,0,174,14,14,14,True,0.017258824,35.45,62.9,50791,7.65
919,49020,"Winchester, VA-WV",startup_rate,75,75,0,0,5.6795206,5.4945055,2.1549777,2.9133065,4.2359079,7.0590678,9.2636917,0,11.486486,2.8231599,1.4177669,2.6666667,75,9,14,9,False,0.010806644,25.8,63.45,58201.5,5.2
919,49020,"Winchester, VA-WV",employment_growth,75,62,13,17.333333,0.020374028,0.020977368,0.061538354,-0.086070515,-0.0089107033,0.056089565,0.10488735,-0.22596154,0.1579235,0.065000268,0.033536114,0,75,9,14,9,False,0.010806644,25.8,63.45,58201.5,5.2
919,49020,"Winchester, VA-WV",establishment_growth,75,62,13,17.333333,0.011109503,0.0058823529,0.058495802,-0.044432272,-0.01599358,0.031895661,0.11184926,-0.1910828,0.21052632,0.047889241,0.022727273,8.0645161,75,9,14,9,False,0.010806644,25.8,63.45,58201.5,5.2
919,49020,"Winchester, VA-WV",payroll_growth,75,62,13,17.333333,0.056411788,0.054315811,0.071636101,-0.039378643,0.016854786,0.097338249,0.16536773,-0.22714115,0.24282227,0.080483463,0.039692133,0,75,9,14,9,False,0.010806644,25.8,63.45,58201.5,5.2
919,49020,"Winchester, VA-WV",wage_growth,75,62,13,17.333333,0.035455896,0.02715028,0.037128616,-0.0053581666,0.011795326,0.050004833,0.10053398,-0.037491905,0.17818787,0.038209507,0.018505367,0,75,9,14,9,False,0.010806644,25.8,63.45,58201.5,5.2
919,49020,"Winchester, VA-WV",acs_population_growth,75,68,7,9.3333333,0.011031405,0.010806644,0.0026152287,0.0073846905,0.0090037312,0.011940816,0.017412221,0.0073846905,0.017412221,0.0029370843,0.0011755385,0,75,9,14,9,False,0.010806644,25.8,63.45,58201.5,5.2
919,49020,"Winchester, VA-WV",unemployment_rate,75,75,0,0,5.3826667,5.4,1.1948508,3.78,4.3,6.25,7.5,3.5,7.5,1.95,1.1,0,75,9,14,9,False,0.010806644,25.8,63.45,58201.5,5.2
919,49020,"Winchester, VA-WV",educational_attainment_pct,75,75,0,0,25.136,25.7,1.845128,21.7,24,26.25,28.1,21.7,28.1,2.25,1,0,75,9,14,9,False,0.010806644,25.8,63.45,58201.5,5.2
919,49020,"Winchester, VA-WV",median_household_income,75,75,0,0,60986.16,56053,10234.369,51188,51872,69417,82413,51188,82413,17545,4541,0,75,9,14,9,False,0.010806644,25.8,63.45,58201.5,5.2
919,49020,"Winchester, VA-WV",labor_force_participation_pct,75,75,0,0,63.656,63.5,1.3047978,62.3,62.5,64.1,66.2,62.3,66.2,1.6,1,0,75,9,14,9,False,0.010806644,25.8,63.45,58201.5,5.2
922,49180,"Winston-Salem, NC",startup_rate,141,141,0,0,7.1282475,6.954612,2.7261055,3.3274956,5.1498847,8.7363495,11.180124,0,17.647059,3.5864647,1.784326,0.70921986,141,15,14,15,True,0.006675753,26.65,61.05,46493.5,7.55
922,49180,"Winston-Salem, NC",employment_growth,141,115,26,18.439716,0.013347416,0.018652595,0.07554995,-0.11158441,-0.0076349748,0.038711988,0.091375151,-0.33858268,0.40777016,0.046346963,0.0226515,0,141,15,14,15,True,0.006675753,26.65,61.05,46493.5,7.55
922,49180,"Winston-Salem, NC",establishment_growth,141,115,26,18.439716,0.017751786,0.013636364,0.033583619,-0.034908359,-0.0033731217,0.03495812,0.083171942,-0.055793991,0.11235955,0.038331242,0.018009206,1.7391304,141,15,14,15,True,0.006675753,26.65,61.05,46493.5,7.55
922,49180,"Winston-Salem, NC",payroll_growth,141,115,26,18.439716,0.04802899,0.054681094,0.06488549,-0.083012356,0.020292351,0.08667809,0.1376168,-0.13945345,0.25979773,0.066385739,0.033828706,0,141,15,14,15,True,0.006675753,26.65,61.05,46493.5,7.55
922,49180,"Winston-Salem, NC",wage_growth,141,115,26,18.439716,0.036739572,0.034754888,0.056544849,-0.033518871,0.016272956,0.063896629,0.096429411,-0.31204975,0.30105825,0.047623673,0.022025755,0,141,15,14,15,True,0.006675753,26.65,61.05,46493.5,7.55
922,49180,"Winston-Salem, NC",acs_population_growth,141,131,10,7.0921986,0.032857497,0.0074150125,0.090887803,0.0026193612,0.0055088002,0.0083340716,0.34772158,0.0026193612,0.34772158,0.0028252714,0.0018829893,0,141,15,14,15,True,0.006675753,26.65,61.05,46493.5,7.55
922,49180,"Winston-Salem, NC",unemployment_rate,141,141,0,0,7.5170213,7.9,2.0705747,4.9,5.2,9.6,10.7,4.9,10.7,4.4,1.9,0,141,15,14,15,True,0.006675753,26.65,61.05,46493.5,7.55
922,49180,"Winston-Salem, NC",educational_attainment_pct,141,141,0,0,26.895035,26.7,1.113253,25.2,26.3,27.4,29.6,25.2,29.6,1.1,0.7,0,141,15,14,15,True,0.006675753,26.65,61.05,46493.5,7.55
922,49180,"Winston-Salem, NC",median_household_income,141,141,0,0,49803.05,45888,6256.5574,44311,45296,52607,64282,44311,64282,7311,1299,0,141,15,14,15,True,0.006675753,26.65,61.05,46493.5,7.55
922,49180,"Winston-Salem, NC",labor_force_participation_pct,141,141,0,0,61.601418,61.2,1.3105607,60.2,60.4,63,64,60.2,64,2.6,0.9,0,141,15,14,15,True,0.006675753,26.65,61.05,46493.5,7.55
926,49340,"Worcester, MA",startup_rate,247,247,0,0,5.9117931,6.0185185,3.5206634,0,3.7259484,8.1809848,11.081816,0,19.047619,4.4550364,2.2089947,12.550607,247,19,14,19,True,0.0039828186,33.9,66.85,67142,6.65
926,49340,"Worcester, MA",employment_growth,247,230,17,6.8825911,0.015104382,0.014458741,0.070927613,-0.089648648,-0.0073924366,0.040546214,0.12003409,-0.3172,0.35705896,0.047938651,0.0234738,0,247,19,14,19,True,0.0039828186,33.9,66.85,67142,6.65
926,49340,"Worcester, MA",establishment_growth,247,230,17,6.8825911,0.017288094,0.0077021014,0.12348908,-0.044694617,-0.0056483897,0.033276945,0.081040689,-0.59497791,1.689465,0.038925335,0.018703102,4.7826087,247,19,14,19,True,0.0039828186,33.9,66.85,67142,6.65
926,49340,"Worcester, MA",payroll_growth,247,230,17,6.8825911,0.051839253,0.047595177,0.095823517,-0.062017899,0.017421115,0.076753853,0.19309435,-0.4180966,0.55896294,0.059332738,0.029434042,0,247,19,14,19,True,0.0039828186,33.9,66.85,67142,6.65
926,49340,"Worcester, MA",wage_growth,247,230,17,6.8825911,0.036248715,0.031327716,0.056812096,-0.023392164,0.014021412,0.056823734,0.1178913,-0.38565824,0.35097322,0.042802323,0.021569521,0,247,19,14,19,True,0.0039828186,33.9,66.85,67142,6.65
926,49340,"Worcester, MA",acs_population_growth,247,230,17,6.8825911,0.0084145795,0.0039828186,0.053329535,-0.11674121,0.0024364367,0.0045730643,0.15204491,-0.11674121,0.15204491,0.0021366276,0.0014210841,0,247,19,14,19,True,0.0039828186,33.9,66.85,67142,6.65
926,49340,"Worcester, MA",unemployment_rate,247,247,0,0,6.9206478,7,1.4707234,5.1,5.6,8.2,9.4,5.1,9.4,2.6,1.4,0,247,19,14,19,True,0.0039828186,33.9,66.85,67142,6.65
926,49340,"Worcester, MA",educational_attainment_pct,247,247,0,0,34.412955,33.8,1.7984846,32.3,33,35.4,39,32.3,39,2.4,0.9,0,247,19,14,19,True,0.0039828186,33.9,66.85,67142,6.65
926,49340,"Worcester, MA",median_household_income,247,247,0,0,71532.089,65973,8879.9724,64152,64629,75705,93561,64152,93561,11076,1821,0,247,19,14,19,True,0.0039828186,33.9,66.85,67142,6.65
926,49340,"Worcester, MA",labor_force_participation_pct,247,247,0,0,67.07085,67.1,0.804232,66.1,66.4,67.8,68.4,66.1,68.4,1.4,0.7,0,247,19,14,19,True,0.0039828186,33.9,66.85,67142,6.65
928,49420,"Yakima, WA",startup_rate,239,239,0,0,5.4025258,5.4187192,3.7984447,0,2.878509,7.9461962,11.899814,0,17.391304,5.0676873,2.5600042,19.246862,239,19,14,19,True,0.0040827591,15.95,62.1,46585,7.9
928,49420,"Yakima, WA",employment_growth,239,222,17,7.1129707,0.0095200284,0.013013854,0.10001029,-0.096743176,-0.016436187,0.041780426,0.1083167,-0.60894697,0.82484611,0.058216613,0.029284503,0.45045045,239,19,14,19,True,0.0040827591,15.95,62.1,46585,7.9
928,49420,"Yakima, WA",establishment_growth,239,222,17,7.1129707,0.032827248,0,0.5427427,-0.095021645,-0.016913545,0.02739726,0.099847397,-0.90539054,7.9505376,0.044310805,0.020187465,13.963964,239,19,14,19,True,0.0040827591,15.95,62.1,46585,7.9
928,49420,"Yakima, WA",payroll_growth,239,222,17,7.1129707,0.051061282,0.047799269,0.13606648,-0.087378097,0.011982005,0.082221804,0.1704747,-0.37613712,1.4170392,0.0702398,0.035589395,0,239,19,14,19,True,0.0040827591,15.95,62.1,46585,7.9
928,49420,"Yakima, WA",wage_growth,239,222,17,7.1129707,0.042105861,0.031966317,0.079785647,-0.022990755,0.0093846103,0.057149232,0.11423288,-0.10064336,0.84831875,0.047764622,0.024062101,0,239,19,14,19,True,0.0040827591,15.95,62.1,46585,7.9
928,49420,"Yakima, WA",acs_population_growth,239,222,17,7.1129707,0.0061456043,0.0040827591,0.004990394,0.0011034405,0.0024143959,0.0090738862,0.017961372,0.0011034405,0.017961372,0.0066594902,0.0025907306,0,239,19,14,19,True,0.0040827591,15.95,62.1,46585,7.9
928,49420,"Yakima, WA",unemployment_rate,239,239,0,0,8.434728,7.5,1.7268052,6.4,7.1,10.4,11,6.4,11,3.3,1.1,0,239,19,14,19,True,0.0040827591,15.95,62.1,46585,7.9
928,49420,"Yakima, WA",educational_attainment_pct,239,239,0,0,16.502929,16,1.1061098,15.3,15.7,17.6,18.9,15.3,18.9,1.9,0.5,0,239,19,14,19,True,0.0040827591,15.95,62.1,46585,7.9
928,49420,"Yakima, WA",median_household_income,239,239,0,0,50360.389,47470,7945.8899,42877,44256,54917,68015,42877,68015,10661,3514,0,239,19,14,19,True,0.0040827591,15.95,62.1,46585,7.9
928,49420,"Yakima, WA",labor_force_participation_pct,239,239,0,0,62.183264,62.1,0.42333735,61.6,62,62.5,63.3,61.6,63.3,0.5,0.2,0,239,19,14,19,True,0.0040827591,15.95,62.1,46585,7.9
930,49620,"York-Hanover, PA",startup_rate,235,235,0,0,5.2120237,4.8076923,4.1819933,0,3.039337,7.0768391,10.21978,0,36.363636,4.0375021,2.0299145,14.468085,235,19,14,19,True,0.0040658864,23.4,66.2,60780,5.8
930,49620,"York-Hanover, PA",employment_growth,235,218,17,7.2340426,0.009310946,0.0098080078,0.057844195,-0.06649045,-0.012883995,0.033416369,0.086861217,-0.23359073,0.23740554,0.046300363,0.023504373,0.4587156,235,19,14,19,True,0.0040658864,23.4,66.2,60780,5.8
930,49620,"York-Hanover, PA",establishment_growth,235,218,17,7.2340426,0.0086881871,0.0044790837,0.040597356,-0.036445281,-0.0075585743,0.023095798,0.072921816,-0.18181818,0.25,0.030654372,0.015617925,9.1743119,235,19,14,19,True,0.0040658864,23.4,66.2,60780,5.8
930,49620,"York-Hanover, PA",payroll_growth,235,218,17,7.2340426,0.042005921,0.040646485,0.070838908,-0.042080873,0.0082875596,0.072708506,0.13412135,-0.24967755,0.44008888,0.064420947,0.032197082,0,235,19,14,19,True,0.0040658864,23.4,66.2,60780,5.8
930,49620,"York-Hanover, PA",wage_growth,235,218,17,7.2340426,0.032392846,0.030852778,0.035171144,-0.029215148,0.012032291,0.051417918,0.094564165,-0.051266095,0.18398556,0.039385627,0.019624863,0,235,19,14,19,True,0.0040658864,23.4,66.2,60780,5.8
930,49620,"York-Hanover, PA",acs_population_growth,235,219,16,6.8085106,0.0054442343,0.0040658864,0.0033301048,0.0021471137,0.0036707971,0.0053804952,0.015586603,0.0021471137,0.015586603,0.0017096981,0.00057275325,0,235,19,14,19,True,0.0040658864,23.4,66.2,60780,5.8
930,49620,"York-Hanover, PA",unemployment_rate,235,235,0,0,6.1319149,6.2,1.5455072,4.4,4.6,7.4,8.8,4.4,8.8,2.8,1.5,0,235,19,14,19,True,0.0040658864,23.4,66.2,60780,5.8
930,49620,"York-Hanover, PA",educational_attainment_pct,235,235,0,0,23.730213,23.1,1.8383794,21.5,22,25.2,27.2,21.5,27.2,3.2,1.5,0,235,19,14,19,True,0.0040658864,23.4,66.2,60780,5.8
930,49620,"York-Hanover, PA",median_household_income,235,235,0,0,64665.336,59853,7949.5606,57494,58745,68940,82238,57494,82238,10195,1854,0,235,19,14,19,True,0.0040658864,23.4,66.2,60780,5.8
930,49620,"York-Hanover, PA",labor_force_participation_pct,235,235,0,0,66.690638,66.2,1.0889488,65.5,65.8,67.7,68.6,65.5,68.6,1.9,0.5,0,235,19,14,19,True,0.0040658864,23.4,66.2,60780,5.8
931,49660,"Youngstown-Warren, OH",startup_rate,228,228,0,0,5.0244988,4.4238241,4.6612012,0,3.0840456,6.6515609,9.8605656,0,60,3.5675153,1.6067607,11.842105,228,19,14,19,True,-0.0061226452,21,57.7,44201,7.25
931,49660,"Youngstown-Warren, OH",employment_growth,228,209,19,8.3333333,-0.0022334981,-0.0022972973,0.062530481,-0.10388679,-0.031760436,0.028131417,0.071230468,-0.28397139,0.29482072,0.059891852,0.030045152,0.4784689,228,19,14,19,True,-0.0061226452,21,57.7,44201,7.25
931,49660,"Youngstown-Warren, OH",establishment_growth,228,209,19,8.3333333,0.0034941714,0,0.036677681,-0.043411684,-0.01572327,0.018854242,0.065899281,-0.125,0.16666667,0.034577513,0.018072289,7.6555024,228,19,14,19,True,-0.0061226452,21,57.7,44201,7.25
931,49660,"Youngstown-Warren, OH",payroll_growth,228,209,19,8.3333333,0.033489687,0.026784829,0.076063091,-0.087182211,-0.0074783912,0.068267788,0.14836118,-0.18359194,0.401636,0.075746179,0.036972827,0,228,19,14,19,True,-0.0061226452,21,57.7,44201,7.25
931,49660,"Youngstown-Warren, OH",wage_growth,228,209,19,8.3333333,0.035778729,0.033119286,0.037704517,-0.025441909,0.015476471,0.054297456,0.095356098,-0.067978167,0.19785654,0.038820985,0.018922874,0,228,19,14,19,True,-0.0061226452,21,57.7,44201,7.25
931,49660,"Youngstown-Warren, OH",acs_population_growth,228,211,17,7.4561404,-0.019928795,-0.0061226452,0.053887174,-0.20709273,-0.0066913202,-0.0049914865,0.0080726239,-0.20709273,0.0080726239,0.0016998337,0.00076307508,0,228,19,14,19,True,-0.0061226452,21,57.7,44201,7.25
931,49660,"Youngstown-Warren, OH",unemployment_rate,228,228,0,0,7.7741228,6.9,1.7440109,5.5,6.4,9.4,10.6,5.5,10.6,3,0.9,0,228,19,14,19,True,-0.0061226452,21,57.7,44201,7.25
931,49660,"Youngstown-Warren, OH",educational_attainment_pct,228,228,0,0,20.967105,21.3,1.6263026,18.6,19.3,22.2,23.5,18.6,23.5,2.9,1.5,0,228,19,14,19,True,-0.0061226452,21,57.7,44201,7.25
931,49660,"Youngstown-Warren, OH",median_household_income,228,228,0,0,46179.272,44947,4632.4928,41474,42507,48020,55357,41474,55357,5513,2723,0,228,19,14,19,True,-0.0061226452,21,57.7,44201,7.25
931,49660,"Youngstown-Warren, OH",labor_force_participation_pct,228,228,0,0,57.74693,57.7,0.53662287,56.9,57.3,58.1,58.7,56.9,58.7,0.8,0.4,0,228,19,14,19,True,-0.0061226452,21,57.7,44201,7.25
932,49700,"Yuba City, CA",startup_rate,169,169,0,0,7.1233281,6.4171123,5.3750468,0,4.2105263,9.6774194,14.426508,0,30.434783,5.466893,2.6671123,15.384615,169,17,14,17,True,0.0064423891,16.95,59.5,52054.5,11.05
932,49700,"Yuba City, CA",employment_growth,169,151,18,10.650888,0.019384143,0.017730496,0.11604542,-0.12917627,-0.022981548,0.062598559,0.18388366,-0.57347276,0.42902208,0.085580107,0.043746757,0.66225166,169,17,14,17,True,0.0064423891,16.95,59.5,52054.5,11.05
932,49700,"Yuba City, CA",establishment_growth,169,151,18,10.650888,0.045166225,0.017064846,0.35909906,-0.09,-0.013606072,0.046434622,0.14509982,-0.87336545,4.2202797,0.060040694,0.030554201,5.2980132,169,17,14,17,True,0.0064423891,16.95,59.5,52054.5,11.05
932,49700,"Yuba City, CA",payroll_growth,169,151,18,10.650888,0.057103139,0.052343193,0.11283236,-0.11569399,0.0031114125,0.10655653,0.26266958,-0.32070361,0.429371,0.10344511,0.050426851,0,169,17,14,17,True,0.0064423891,16.95,59.5,52054.5,11.05
932,49700,"Yuba City, CA",wage_growth,169,151,18,10.650888,0.040843336,0.032221466,0.072628396,-0.049936958,0.0099712599,0.06488833,0.1296459,-0.15504374,0.59261871,0.05491707,0.028303367,0,169,17,14,17,True,0.0064423891,16.95,59.5,52054.5,11.05
932,49700,"Yuba City, CA",acs_population_growth,169,156,13,7.6923077,0.0075720921,0.0059500298,0.0070986782,0.0030085282,0.0045709574,0.007365559,0.032472575,0.0030085282,0.032472575,0.0027946017,0.0014155292,0,169,17,14,17,True,0.0064423891,16.95,59.5,52054.5,11.05
932,49700,"Yuba City, CA",unemployment_rate,169,169,0,0,11.745562,11.8,3.5968233,7.2,7.8,15.4,16.7,7.1,16.7,7.6,3.6,0,169,17,14,17,True,0.0064423891,16.95,59.5,52054.5,11.05
932,49700,"Yuba City, CA",educational_attainment_pct,169,169,0,0,17.298817,16.9,1.1278397,16.1,16.4,17.7,19.2,16.1,19.2,1.3,0.6,0,169,17,14,17,True,0.0064423891,16.95,59.5,52054.5,11.05
932,49700,"Yuba City, CA",median_household_income,169,169,0,0,54999.254,51008,7986.487,47778,49097,58551,70176,47778,74762,9454,2462,0,169,17,14,17,True,0.0064423891,16.95,59.5,52054.5,11.05
932,49700,"Yuba City, CA",labor_force_participation_pct,169,169,0,0,60.001775,59.8,1.2981889,58.7,59.1,60.5,62.8,58.7,62.8,1.4,0.7,0,169,17,14,17,True,0.0064423891,16.95,59.5,52054.5,11.05
933,49740,"Yuma, AZ",startup_rate,220,220,0,0,5.5419527,5.6652037,3.9947271,0,3.048433,8.1218974,11.941875,0,20.833333,5.0734644,2.5445173,22.272727,220,19,14,19,True,0.011758359,14.4,55.2,42424,11
933,49740,"Yuma, AZ",employment_growth,220,204,16,7.2727273,0.035303485,0.015470155,0.15563145,-0.12247614,-0.021205833,0.061153691,0.1990859,-0.33316583,1.1979695,0.082359524,0.040408983,2.9411765,220,19,14,19,True,0.011758359,14.4,55.2,42424,11
933,49740,"Yuma, AZ",establishment_growth,220,204,16,7.2727273,0.030813086,0.01363569,0.11322702,-0.089772727,-0.012684954,0.052243237,0.17142857,-0.25,0.875,0.064928192,0.033979015,10.784314,220,19,14,19,True,0.011758359,14.4,55.2,42424,11
933,49740,"Yuma, AZ",payroll_growth,220,204,16,7.2727273,0.073389408,0.052847847,0.19125985,-0.093216596,0.0034966411,0.10718537,0.25565995,-0.52251826,1.779724,0.10368872,0.054192066,0,220,19,14,19,True,0.011758359,14.4,55.2,42424,11
933,49740,"Yuma, AZ",wage_growth,220,204,16,7.2727273,0.036293098,0.032408011,0.075030513,-0.052586952,0.0037523441,0.06263597,0.13418944,-0.28394547,0.48106624,0.058883626,0.029709659,0,220,19,14,19,True,0.011758359,14.4,55.2,42424,11
933,49740,"Yuma, AZ",acs_population_growth,220,205,15,6.8181818,0.0064489246,0.011758359,0.015487534,-0.042405311,0.0070462788,0.013267488,0.018207489,-0.042405311,0.018207489,0.0062212093,0.0044423316,0,220,19,14,19,True,0.011758359,14.4,55.2,42424,11
933,49740,"Yuma, AZ",unemployment_rate,220,220,0,0,10.872727,10.9,1.9575592,8.1,8.6,13,13.6,8.1,13.6,4.4,2.1,0,220,19,14,19,True,0.011758359,14.4,55.2,42424,11
933,49740,"Yuma, AZ",educational_attainment_pct,220,220,0,0,14.778182,14.4,0.93044712,13.3,14.2,15.4,16.7,13.3,16.7,1.2,0.45,0,220,19,14,19,True,0.011758359,14.4,55.2,42424,11
933,49740,"Yuma, AZ",median_household_income,220,220,0,0,45661.436,43253,6201.4014,40340,41380,48790,60417,40340,60417,7410,1990,0,220,19,14,19,True,0.011758359,14.4,55.2,42424,11
933,49740,"Yuma, AZ",labor_force_participation_pct,220,220,0,0,55.040455,55.1,0.66918459,53.6,54.8,55.6,56.2,53.6,56.2,0.8,0.4,0,220,19,14,19,True,0.011758359,14.4,55.2,42424,11
