model,group_value,n,mean_residual,median_residual,residual_sd,mae,rmse
A,10180,37,0.001714177750395999,0.14248627479721154,2.0333991729170946,1.5325258826264139,2.005733321392369
A,10420,59,-0.3080445754062372,-0.7198323428384255,1.7030197354379935,1.26805617894957,1.7163946095442963
A,10500,20,-0.7131923265379552,-0.7507608785548652,1.592444893340945,1.4180567723582307,1.7081364102564796
A,10540,51,0.3129291209043861,-0.09755135311468377,2.0629946741442478,1.538551827269764,2.066499871420301
A,10580,50,-0.5503821144110753,-0.5629835919526673,1.1793125884694327,0.9847906004558169,1.2906909349490412
A,10740,23,0.08967039676075142,0.32649414892216644,0.6648637028569088,0.5929369594728153,0.6564032527658158
A,10780,17,0.1947971926155039,0.5952026417245664,2.366159253538918,1.7830715209771648,2.3037620753376755
A,10900,50,-0.5533142998738455,-0.5744817831415046,1.0614008910119537,0.9521921252154146,1.1875172120255915
A,11020,38,-1.0096487003248171,-0.9311304216990761,1.3506794502615287,1.335659643585856,1.6720396706516045
A,11100,1,-0.9327810234206737,-0.9327810234206737,,0.9327810234206737,0.9327810234206737
A,11180,26,-0.751093870654445,-0.8304410599839058,1.5877519618823184,1.430072417326426,1.7286232781012394
A,11260,62,-0.4541424135714253,-0.5717804018094776,1.5053156281783546,1.2391690955560524,1.5606641170048012
A,11460,61,-1.2717920745268443,-1.3059065865771844,1.9660178802195007,1.8687905142051118,2.3279426583381984
A,11500,40,-0.8327524790852843,-0.47203333361456234,2.307975937509982,1.7950300422047658,2.4263266054562074
A,11540,36,-0.6571130570739006,-0.6376350125310444,1.73603142922017,1.3713423798231101,1.8335446228653227
A,11700,40,0.6855438993410518,0.16338403465446838,1.6654982974300416,1.2686692330744327,1.7817148767963806
A,12020,23,0.2977054413183975,0.3685033022571975,1.7556276636473898,1.3607944302387902,1.7426551835232602
A,12060,18,1.4083529416415397,1.411782071101288,0.9655179739954258,1.4593139157468933,1.6923039593666833
A,12100,58,-0.42879503716998735,-0.6857932668250393,2.4715376812265535,1.6049308183549285,2.487377083154368
A,12220,17,0.8337896722218855,0.6222268549807684,2.4663092286409314,2.150975194820542,2.5337880044804897
A,12260,19,0.23279859359956523,0.5696505293962888,1.0593802136849615,0.9047875624248903,1.0570780080537374
A,12420,56,1.6489678832760757,1.4858385108705576,1.9263446181288773,1.78837336081074,2.5226244901070856
A,12540,69,1.1294067334863023,0.8928100348930812,2.0285942583912115,1.54188557846271,2.3089204690565044
A,12580,48,-0.47449208736786724,-0.41184589630222357,0.8216542611810747,0.7304019714399607,0.9413785396725178
A,12620,51,-0.8224318391296155,-0.770149625909827,2.0544240068063253,1.682535308098471,2.1941499788668355
A,12700,56,-1.1378669741342178,-1.0507107421553488,1.783970009258213,1.569522349242488,2.102488766372747
A,12940,9,0.1324058516599854,-0.1921982649633156,1.2948140859483008,0.9782431915356276,1.2279219086346802
A,12980,27,-0.5755892068020821,-1.0111115747353692,1.6439066996589886,1.5308849056481781,1.7127878445456148
A,13020,29,-1.0563680301845673,-1.079529786108186,3.208244786600269,2.455024417319848,3.3247289655758
A,13140,51,-0.24992711157296946,-0.017037058338829958,2.610400033862991,1.5682028775459973,2.5967364829484696
A,13220,45,-0.5282201890147291,-0.205738157642687,2.774233530907031,1.9328156690980853,2.793628065835677
A,13380,63,-0.05559522739604487,-0.13485850399757293,1.8473218430998248,1.2582634300510978,1.8334450085038856
A,13460,43,0.6080660620853375,0.3370966583693251,1.9015113719898205,1.4533268524104643,1.9751968836210794
A,13740,41,-0.4818970825329931,-0.38793041022431307,1.5059485074384582,1.229853658982881,1.563582916491846
A,13780,36,-1.3222389346841013,-1.0466136635223684,1.8521871220762471,1.5447588951980857,2.2546881315856933
A,13820,21,0.1972904548003233,0.19841164592731708,0.8260448665565313,0.6580880702183609,0.8299281789336221
A,13900,4,-0.9081198910726758,-0.9016770927481246,1.0864694104608636,1.1157682129869966,1.3076672250470418
A,13980,12,-0.38036687546512865,-0.781726130257673,1.7747829273272584,1.3565686962406334,1.7412769823195058
A,14010,49,-1.09692800296678,-0.6771260261295295,1.7055116110800674,1.5522065436488242,2.013121518713856
A,14020,32,-0.8287130742508398,-1.2210883357076483,2.1534365634940857,1.849162553085567,2.2757722008466614
A,14260,16,1.849971376904192,1.8053898937216823,1.613927987077102,1.891648396250571,2.421644053348596
A,14460,52,-0.7840524392259257,-0.8418668545319861,0.6335801439828277,0.8551889203589489,1.0042122972091185
A,14500,60,-0.20385027844413475,-0.11609870784897325,1.683371803264446,1.2938628097100875,1.681685628641824
A,14540,10,-0.05672961202739022,0.33843125234445104,1.0915941070555633,0.8902156419744802,1.037129776828034
A,14740,59,-0.4069693962794571,-0.22265858747623568,2.194973463062389,1.415081032126281,2.2140174179293015
A,15180,58,0.02078361474054523,0.1427523970210296,1.963394769819282,1.5329146737923742,1.9465063215216587
A,15260,23,0.17134381728995218,0.2880949628783762,1.8787630203735528,1.3559936844712122,1.8454380992004102
A,15380,61,-0.2127227398247902,-0.22215146062719704,1.2236965344943362,0.9084675489318246,1.232126652250579
A,15500,52,0.4688889141254657,0.18124230687252016,2.7253107171292577,2.000874641671103,2.7394054593137898
A,15540,27,-0.7792204342763169,-0.5145424130911103,1.5564662077103253,1.3446068860746945,1.7146562613039649
A,15940,49,-0.7669092352707642,-0.5627415473159099,1.4540252618748444,1.2009772382362613,1.6307030733999488
A,15980,60,1.1628672709142451,1.2383579819475563,1.6363649533358176,1.6477620430194644,1.9963272224915556
A,16020,9,-0.7738024224205088,-0.3359811638756032,2.5494922169108722,1.9619828191098074,2.525167017869149
A,16180,46,0.3967113250226212,-0.09038573584800957,3.2587213650031948,2.3757364470705635,3.247428401765298
A,16220,48,-0.006724305973048618,-0.05251957769200466,2.092214770755793,1.6962289481313986,2.0703170791244405
A,16300,34,-0.3903136143944761,-0.7256028926362688,1.6302336651300184,1.293090696878411,1.6528278787851876
A,16540,56,-0.13167732251611325,-0.6062829208121048,5.066469121759622,2.2670110379710224,5.022755352007544
A,16580,31,-0.947488812533109,-1.005817656134644,1.4356988261862176,1.4511938774663593,1.7007277392198896
A,16620,10,-0.5895681254670617,-0.38028679805853116,1.3197292846024884,1.0438703458971048,1.3838740624566965
A,16700,56,1.0118448079999731,0.8519696185941021,1.539165652328299,1.4091362017778735,1.8304525936157547
A,16740,17,0.6338818247499172,0.4691665582212696,0.815200184095606,0.855050763041517,1.01354144098546
A,16820,30,-0.4308181698848775,-0.7579469637432257,1.995143649030144,1.536802536875752,2.0083614888160524
A,16860,10,0.1530086581087279,0.1709243403997185,1.043720399325198,0.8696776412983368,1.0019125182504856
A,16940,58,1.3356374276939635,1.0916969145985362,2.8213904815112176,2.3687263508080636,3.0995041533955487
A,16980,22,-0.11076434432968757,-0.0849267383322223,0.6672927061572093,0.5322369771470394,0.6612929123023159
A,17020,64,-0.1243392691320528,-0.36928701493016697,2.851472355464845,1.8774053811324571,2.831838558215772
A,17140,4,0.23301401086105655,0.11094912943402413,0.8416878371984065,0.5633415180855474,0.7652609624979932
A,17300,19,0.7368589634668712,0.9954440487958927,2.273084196891392,1.8277774038752133,2.331937000363487
A,17420,15,0.08364393536836306,0.900017208927137,2.4744620520549887,1.8293736143695665,2.3920203298704243
A,17660,62,1.1851447753703732,1.4392569126174317,2.7650330285511497,2.3129041803231503,2.987752125088359
A,17780,35,0.23014603105519282,-0.006214796636711206,1.961469040282946,1.4101910543265466,1.94689583630657
A,17820,55,0.8573810619301088,0.48225411174982646,3.0901288974621086,1.676120117122151,3.1796827807841663
A,17860,18,-0.3097758305910047,-0.5273357032793449,1.5018885260741197,1.1194011780270852,1.4920841991942533
A,17900,17,0.09579929019203896,0.34536067506344637,0.968253303390289,0.7560073565634193,0.9442161056366339
A,17980,4,0.6244057844788886,0.8135755044505197,1.9333261106920183,1.5715439064681245,1.7869513063884368
A,18020,37,-0.8946957726351933,-0.6012574262232322,1.731461149969954,1.4550885935235232,1.928059219855114
A,18140,36,0.35310309047125316,0.08846343123000278,1.0167960423158189,0.7945800946915249,1.0629380304717195
A,18580,46,0.3877076578159259,0.18586470904675156,1.7958832706894898,1.2601712737982842,1.818076174876991
A,18700,35,-1.073953456191937,-1.125086448112059,2.3180205045651845,2.061679906125244,2.5244949081136365
A,18880,63,1.0988712424004927,0.9008618219521178,4.104879816212832,2.4369821650670622,4.217830649450183
A,19100,52,1.8604601015361362,1.943938335257478,1.3192427359988264,1.9225277671644494,2.273377207651382
A,19140,26,1.1814572218965411,0.6460018010059554,3.381491616876133,2.376352703379283,3.5200197181568993
A,19300,57,0.7046892517563563,0.7453669002556857,1.8151690963343983,1.6169634410713989,1.9322581606782097
A,19340,37,-0.42810956777893894,-0.6764760471357465,1.5899017206993529,1.1537930130600176,1.6256527005870653
A,19430,12,-0.15525358234983055,-0.5564208995607316,1.402005363694802,0.9440519002632852,1.3512664903745053
A,19460,32,-0.25066693369345017,-0.22645458827343926,2.039382869036569,1.5625507932380964,2.022855672178161
A,19500,30,-1.485322230447092,-1.6613010308405527,1.841409960778653,1.8913112569350397,2.341782743365975
A,19660,56,0.7974417826760807,0.9884502355374778,2.133073182971007,1.6993211765562724,2.2593504772764392
A,19740,13,1.4401355030013898,1.3021511198852824,0.7702629035029881,1.4401355030013898,1.61915297793013
A,19780,34,0.08297441496897194,0.08445156219130645,1.4412523091420788,1.1153153251371308,1.4223215574461396
A,19820,50,0.3511541799986722,0.16986941915073928,1.1652314839875682,0.8252431769728419,1.2057853794025257
A,20020,23,-0.13561161680063083,-0.17767515574676995,1.9777717427148123,1.4324508614185716,1.9390468882624374
A,20100,46,2.942443400540662,1.6613218985517957,4.549069341875684,3.479460381553799,5.376070571000599
A,20220,47,-0.7325804639449637,-0.7039155512183788,2.003525319320152,1.6441207163503049,2.113144852283659
A,20260,43,-0.851746903140715,-0.6955102333183318,1.5891100313845954,1.3519786072978075,1.7866214633954092
A,20500,53,-0.16832414748409713,-0.22796726952301682,1.5726973222310137,1.1470042857045628,1.5668574912593651
A,20740,46,-0.356341950262582,-0.21306501057368843,1.6152545302885122,1.1980064308937164,1.6368592993275235
A,20940,52,-0.11365591593960406,-0.36025484170568345,2.7302544380894216,2.0827248521020367,2.7062622279983675
A,21060,26,0.21555793673253026,0.1133355804926639,1.9318631112166842,1.3838166439583912,1.9065723658146836
A,21140,44,0.09342892078259397,0.15822452526956332,1.921772076333095,1.4144635065925126,1.9021041856655625
A,21300,29,-1.453330443409853,-1.247782639406938,3.1936994029777486,2.231422618924688,3.4583480035633443
A,21340,10,1.2391908392715223,0.937687369249391,1.3592160864910896,1.3894751686673477,1.7883834792719926
A,21420,32,-0.4593230611482651,-0.7933476879845442,3.862708305256031,2.0400502519413517,3.8295204684317006
A,21500,55,-0.8122149689989329,-0.6050212868726472,1.5413538690595396,1.2667162397456386,1.7298176364972246
A,21660,68,-0.0324841601994131,-0.1915373578333388,1.3871969798286001,1.1005608377902059,1.3773423411528123
A,21780,28,-0.29948242179721507,-0.577877931996051,1.7660685333925703,1.3241971385618314,1.759913349452772
A,21820,40,-0.6949405714603062,-1.1257257852765994,2.1643616725514194,1.9054424804539294,2.2472855428785445
A,22020,46,-0.34060602962963804,-0.28522251076313854,1.5278918780122954,1.1718891689902593,1.5491020196260703
A,22140,46,-0.4731542708184197,-0.28362280756337244,2.2249202830212544,1.6838868016560706,2.2508955237410397
A,22180,44,0.04520000533267407,-0.012260331755812537,2.278422927234206,1.7233772344839131,2.2528364358833097
A,22220,37,1.249298802246175,1.320748421657556,1.4499402737244078,1.561792596056765,1.899014126195387
A,22380,54,-0.7157335078840957,-0.5420340436950158,3.816151219426388,2.142595954480755,3.847804466324727
A,22420,54,-0.4151952698603284,-0.43794558665360306,1.95691436074873,1.3966993627642492,1.9826709270358915
A,22500,41,-0.9033032643590209,-0.6988827209323905,1.9511946116734582,1.3591466022937413,2.128440656674647
A,22520,43,-0.31185039284142857,-0.23207247107436402,2.009285339666154,1.5273031994976094,2.0101216953987504
A,22540,34,-0.8137360132163689,-0.9287715899417386,1.6839852629738936,1.5511430999366274,1.847854592637862
A,22660,62,0.18070769802768546,0.13875018689749208,2.2298369419880975,1.547747775855156,2.219151127051358
A,22900,43,0.3806062656134604,0.09833780916621426,2.1224715852225007,1.6593411467943564,2.1318963336443746
A,23060,33,-0.12114609093735894,-0.04202629131165647,1.5644081017097098,0.9638878641894165,1.5452787045352006
A,23420,56,0.7766866640742621,0.7981327497877384,1.8182886641647713,1.3506574386342838,1.96223775952674
A,23460,32,0.05096710872677482,0.09032995394044097,1.8522584406954699,1.3680448841625694,1.8237994847849481
A,23540,33,0.017312703453024433,0.37799285082568,1.8688856120295703,1.3823635229100972,1.8404327625742007
A,23580,58,0.4183626028485844,0.293535406649029,1.6650582504247287,1.333543518276949,1.7028346712393263
A,23900,34,-0.6731746619360308,-0.54516602281703,1.8463276358339167,1.5690538905264146,1.9395430757232595
A,24020,29,-0.19247951127081453,-0.5543347633776436,1.8127146622404258,1.4679476672721137,1.7915565089026515
A,24140,35,-0.04067689198063865,-0.1686370064821956,2.2283092966284905,1.4382704358693037,2.1966222788827054
A,24220,36,-0.7561565816794396,-0.5777256965340383,1.8302080675633543,1.4241418325391255,1.9566267379990894
A,24260,14,0.34536619825370235,0.34969729665363625,2.314501098295362,1.5140819378273835,2.2568908558755068
A,24300,57,0.14340429210989392,-0.10286965586428387,2.3556881288957077,1.623472518043102,2.3393323402032054
A,24340,37,0.18296260863719727,0.010181744006395377,1.52885858776137,1.0404227718631838,1.5191151018369482
A,24420,46,0.8751226467816607,0.08861109775779907,2.5963876564655934,1.995821351423874,2.7130278391533755
A,24500,53,-0.3885659295971942,-0.1611457178201392,1.8597395512394672,1.4338777329688062,1.8826464053731995
A,24540,63,0.9673542993371919,0.7563795108557176,2.257023375439748,1.825659939854615,2.439071393423157
A,24580,21,-0.5987772807460958,-0.717853763824345,1.2033901654233088,1.0857388768447873,1.3182271044211549
A,24660,56,0.11342758858445438,0.04615559388216517,1.7510278034323365,1.178478128228663,1.7390262878020877
A,24780,51,-0.2601076024917751,-0.44776307937094995,2.0003376515811944,1.4988848690867371,1.9976358096374696
A,24860,40,0.9567977563946792,0.7292595536541522,1.3352630018730935,1.2366557118434118,1.6290537279994046
A,25060,39,0.3031665076169182,-0.014291306144810889,1.738765056531567,1.1636071975164872,1.742897943017888
A,25180,28,-0.803835537422376,-0.8417985977726941,1.9437402080968942,1.7174181191481985,2.071073271637079
A,25220,50,-0.056030657020340095,-0.05620250247329858,2.4979663025736345,1.6183463028196146,2.4734951728967776
A,25260,31,0.22504002986688174,-0.19621484375395237,3.447823515661509,2.6402373827148042,3.3992150105232875
A,25420,49,-0.5860558121922587,-0.5844914386195414,1.585563853452825,1.1681645838226418,1.6751620118862234
A,25500,41,-0.21631595220501415,-0.22536841231672344,2.2087608172927196,1.6622906512466173,2.1923562898009257
A,25620,18,0.18796885827227136,0.37954757702318886,2.2692482291628515,1.8366652499920757,2.213309101081478
A,25860,35,0.15920518033821976,0.0017895939292120744,1.8939200640552671,1.502931037599322,1.873444873089495
A,25940,46,0.40847200222576324,0.11766024335607828,2.404821138731084,1.7202814546138945,2.413357228830649
A,26140,51,0.556034061265614,0.34716924093087975,5.920589914785664,2.674277099640069,5.888568378055425
A,26300,48,-0.20902892555123198,-0.2264969725281718,1.6048870689336925,1.2601554835230995,1.6017789985659834
A,26380,60,-0.4821749960817503,-0.6931292767857411,1.800465941942827,1.4263338335687485,1.8493626942294399
A,26420,27,1.699594264774204,1.4516251399416689,2.0192085464525715,1.7267812203144197,2.6105203111057698
A,26580,16,-0.6514476212222688,-0.6795463529446983,1.5622517623890964,1.3151480296696394,1.646959368568636
A,26620,56,-0.4485190698409287,-0.5510189660636593,1.5968689645926382,1.2391046003772956,1.6448782026716862
A,26820,13,0.6123433927694385,0.9008496342489796,2.9094307251676677,2.3883061491769344,2.861575458127984
A,26900,23,0.16673319667166434,0.34238433521475287,0.7707395909233468,0.6481525386885559,0.7720179212954567
A,26980,50,-0.5366710256443108,-0.5031267318283075,1.6522942169434363,1.3655025552712656,1.7214791446671507
A,27060,35,-0.9300146228603077,-1.0183671328675952,1.7456069852250116,1.5690172925188348,1.9557632003107859
A,27100,42,-0.3214780184199125,-0.32212493544785026,1.8554130494267964,1.348955263191605,1.8611663127052698
A,27140,22,-0.02553122574867536,0.0892603376327421,0.8356443788840747,0.685680624683386,0.8168307002709432
A,27180,16,-0.20110905769899945,-0.5179800442792608,1.7024589827653112,1.2767757871965641,1.6606214286636747
A,27260,46,1.3623719230829037,1.4322814514159061,1.1909686954013827,1.539001382308239,1.8010077089687584
A,27340,49,1.215573314049248,0.26648222097938845,3.0158785421754177,2.12008955775484,3.2229674116932663
A,27500,46,0.17359807461451696,0.13074231934625447,1.9688847377646428,1.560392626701008,1.9550886190665793
A,27620,9,-0.22582721952722873,-0.8215346999992379,1.860595699947671,1.4331159484026985,1.7686627800882255
A,27740,29,0.0031569485450634047,-0.19611797946543863,1.7163652607401862,1.1549623244759752,1.6865161076049717
A,27780,38,-1.272033054475239,-1.0969265222681845,1.5996455406957792,1.6259209850929564,2.027213696774733
A,27860,33,0.15275677547179844,-0.0012279020171598598,2.376285337880113,1.8002101218909425,2.344984765058103
A,27900,36,0.056404821190618244,0.5041587064145374,2.4718793695757535,1.7072618594764448,2.4379585082117003
A,28020,51,-0.5283179926858811,-0.5287638223029187,1.4723614203603315,1.1850937254631406,1.5506325248259443
A,28100,38,-0.7378053843742088,-0.7239216893507341,2.9408936767917844,2.114569140751589,2.9942630044417933
A,28140,10,-0.00010665965302245617,0.025323192537252126,0.8709739024326347,0.7082922613696232,0.8262784011597671
A,28420,55,0.8114579433349416,0.9130851246729472,1.8720679278558423,1.5775917910067527,2.024692970171593
A,28660,31,0.9436989264296626,0.7352976807862737,1.529878633300284,1.3967695487035752,1.7763995532368437
A,28700,18,-0.36378457874764386,-0.6281977959613645,1.5324118242665383,1.185449142656732,1.533024750485224
A,28740,51,-0.48178499078357695,-0.3533243011799158,2.3436024537774243,1.80770765326173,2.3699986709359186
A,28940,10,0.03142431004032749,0.24988154187818434,0.9461326761747966,0.7379002704588117,0.8981301821532472
A,29020,38,-0.49909088958732734,-0.09342211176917985,3.0224094579856664,1.976688707805448,3.0238480437502733
A,29100,32,-0.48561893410161494,-0.5253765387188896,2.1347539359696808,1.6365895918714628,2.1565222969686566
A,29180,60,0.1383570483777529,0.05170809417421829,1.3996542005249293,1.0033665582901334,1.3948204266256277
A,29200,12,-0.32488787739875563,-0.06898852004287903,1.5100382495564704,1.1501717795518858,1.4818062249871295
A,29340,23,-0.6261013001152292,-0.799263154686515,1.6332133627691747,1.3987925047552288,1.7156384895546217
A,29420,55,-0.15255214350980179,-0.1294817851799035,2.8124634073532646,1.8525432580512908,2.7909506075652306
A,29460,63,1.494164371758642,1.0771708109929223,2.7621090197451528,2.1390854585924823,3.121005328443393
A,29540,68,-0.3366852357572543,-0.4369504258581003,1.3670621644962901,1.0612454682527757,1.398117552121677
A,29620,47,-0.37050927170109565,-0.5548533858961546,1.9475812780028618,1.3048862886379307,1.962051548129023
A,29700,58,0.8361482807007211,0.33649737571015664,3.204028472752843,1.9380117681271278,3.284500856516419
A,29740,55,-0.3359077948763832,-0.2649062880933004,1.7009315480129912,1.3172201323538335,1.71854564116198
A,29820,68,2.382523254148269,2.4813400880435985,1.328848957576691,2.412333742139126,2.7232863198538744
A,29940,49,-0.6673170163705718,-0.8877941225744088,2.1499059856204674,1.841577883152513,2.2300401930708884
A,30020,17,0.01733276125301769,-0.17761456314453916,2.774065756626898,2.1082591920908165,2.6912949034187825
A,30140,41,-0.6068639508927757,-0.5819178297600631,1.3823248773409769,1.1479551417483829,1.4941554487912074
A,30300,19,-0.5106276143601305,-0.3519298086922795,2.311494784965505,1.5397257225336525,2.3070625797070266
A,30340,47,0.15005927336112226,0.3024560612863028,1.961444210635655,1.5357136302681342,1.9462591063511816
A,30460,35,-0.258684397312727,-0.26038536957699776,1.320759371578486,1.0878165809746143,1.32720864339171
A,30620,39,-1.0878956644489215,-0.6900435215852472,1.9824042299678448,1.4205156000722858,2.2389006589781038
A,30700,39,-0.30858498984060656,-0.536613415554708,1.5132461872548255,1.3085184702364203,1.5252616087119353
A,30780,18,-0.25180222878513536,-0.12479367304702182,1.0521930541930227,0.8571729229913915,1.0530947071355823
A,30860,39,1.0406467289194787,0.8656699236696239,2.724361168650665,2.166873734666484,2.883535679120087
A,30980,43,0.5497144167705309,0.15870194662495862,2.3621743541637334,1.5614710969754257,2.39839305678519
A,31020,46,0.018131114191823276,-0.28949709040407445,1.9988644273023652,1.4846821094369467,1.9771013964175757
A,31080,74,1.6291719482996996,1.3083478000936033,1.2792017661547042,1.6730509264134348,2.0660216506816136
A,31140,8,0.07208459982864401,0.01701223255919837,0.7318405083255545,0.5279654965914663,0.6883588475173295
A,31180,4,1.3770292397260588,1.7055172300552561,1.0637179158333834,1.4444057421315337,1.6567532647950978
A,31340,29,-0.4538785682982122,-0.24740449226706573,1.4537629406705315,1.075728176771743,1.4988514469733552
A,31420,4,-0.44931052613529776,-0.6566118436898831,1.0120907387390436,0.9180002438407003,0.9849495908304067
A,31540,38,-0.8915184760110592,-0.8922516668974767,1.4381910380738847,1.2709896189557792,1.6759377220441358
A,31700,64,-0.8612029733200703,-1.080726678933186,1.8904142684796945,1.7152373973675248,2.063855163235378
A,31740,26,-1.260901301098117,-1.5427397387976214,2.9231225106858103,2.3104853154155527,3.131433713670004
A,31860,28,-0.6368339910156757,-0.3201240700786636,2.614388439895741,1.914484286903868,2.6450853186009753
A,31900,43,-0.6753449669233489,-0.8234631334372429,1.6268713388514224,1.4007027995336585,1.7439179378522032
A,32580,62,1.3790953583277545,1.2374922073969579,1.6716220907649035,1.693292266020156,2.156653597032271
A,32780,55,0.2768867873010637,0.11175307184234295,1.8672815592251717,1.5142626864766315,1.8708317492534692
A,32820,7,0.022410973143223094,0.09615804570621922,0.8149033315674173,0.6561932093557677,0.754786668140517
A,32900,44,0.30694324598976597,-0.2705313128420088,2.7810826273138787,2.1774553017288873,2.7663789419199087
A,33100,73,2.297571420441131,1.9504250608476532,1.6297211603937536,2.3155083364505447,2.8104167045967143
A,33140,33,-0.7757728687362185,-0.698808519672582,1.2265222390976478,1.1177143543105184,1.4354768465845826
A,33220,33,-1.8008812002550838,-1.688994974307655,3.152503979694965,2.6247327982784294,3.5889127042543594
A,33260,24,1.318254390843862,0.6350038924046562,3.0281727396707696,2.1147095210496403,3.244310176967889
A,33340,56,-0.24858891276519443,-0.4814991411635281,1.2516623861012566,1.044458402022692,1.2651004417050233
A,33460,36,-0.17403849816882822,-0.19089687418480894,0.7130928031102622,0.5368709569955376,0.7243381167023143
A,33540,25,-0.22537607323358017,-0.21386321149628884,1.6328744978555538,1.2678981018092619,1.6156801462861805
A,33660,60,-0.18343183089121692,-0.17579024349149375,1.4610378324248339,1.080683186587531,1.4603772087710136
A,33700,56,0.3496257611458142,0.6206580019842964,2.0687642255044216,1.5349430667539121,2.0798074078933033
A,33740,26,-0.23757857201683916,-0.23649295278169946,2.2623638779134545,1.5850832176445413,2.231115544771189
A,33780,33,-0.6797728089732974,-0.5132234292799653,1.7138387171437643,1.4350154854673325,1.8194303647206929
A,33860,16,-0.3139300048173215,0.05967286199347566,1.6275946968494832,1.263501560243033,1.6068758552114035
A,34060,33,-0.6330299347582248,-0.6106054342462379,1.6231184241097152,1.265027082707313,1.7191295986702904
A,34100,25,-0.8070923526656906,-0.5386327735240788,2.6085018981787518,1.6122467347459755,2.6802068823920115
A,34580,47,-0.4584182259835812,-0.6145703822772424,2.208620652356532,1.6979867434081524,2.2325691728469272
A,34620,35,-0.6644705676550372,-0.32559806822277304,1.4021038259896825,1.1153837877568291,1.5333779187128012
A,34740,33,-0.40339182829499615,-0.4761131356859989,1.2304997735046803,1.0569761692414192,1.27709511852987
A,34820,60,0.5416424485212757,0.45091600527189435,2.0768017264237617,1.6800682836866672,2.12945928881854
A,34900,62,-0.8509070395387082,-0.7612042581261185,1.723734533202229,1.4945339403881313,1.909811501314323
A,34940,61,0.6773030859942061,0.6698790273671271,2.068633057418492,1.5180922023848042,2.1605162985822357
A,34980,15,0.8609510355945393,0.857305105899214,0.927172524378856,1.0498401183856698,1.2424071996156625
A,35380,26,-0.5217757100597251,-0.4358482059312012,1.385871820975746,1.153069551392803,1.4556853366949025
A,35620,43,0.3805077868228439,0.31388246980430345,1.0074251167555157,0.7649060575646945,1.0658748009656747
A,35660,43,-0.7977394669979856,-0.855524897086354,2.0591321316624875,1.6353920243045117,2.1858197906365606
A,35840,62,1.017564516497429,1.1267885411430054,1.5709075248399087,1.46363149786361,1.8610173481713188
A,36100,66,0.700576489978494,0.47875564422324723,1.9868606746994948,1.5517956465126364,2.0925129403020297
A,36220,59,1.144118210652344,0.5185497576472544,3.157115492366661,2.160536973897475,3.332783536022677
A,36260,44,1.0586721634899088,1.098722328401553,1.4700655988731461,1.4223153394774215,1.7979888397337362
A,36420,23,0.6180345834812476,0.3232299443136366,0.9431405875927749,0.7432041160828328,1.1103181459841742
A,36500,56,-0.30854831928881027,-0.2826137123935317,2.2163391206245513,1.6559050820877654,2.218027059393936
A,36540,32,0.11776935295387901,0.018833256676893395,1.4014727828075668,1.0566572614762937,1.384419244725333
A,36740,68,2.338251485824232,1.9682690295946945,2.038974210091387,2.3549215833032138,3.0925228167787777
A,36780,53,-0.37673239239467043,-0.3671149299166174,1.965033817711884,1.4885459669022147,1.982531056681621
A,36980,10,-0.9633394333235895,-0.7336134809905324,1.9599399435439746,1.7028057975055293,2.094099087403807
A,37100,65,0.2772057050607245,-0.06553385914153154,2.1470977636213466,1.2619065778461391,2.148475806092604
A,37340,62,0.47932070446709374,0.2502128762000293,1.8227169341635217,1.3421602403004982,1.8704170454679874
A,37460,23,1.7776808124757881,1.3080319260908482,2.672680242325175,2.3578953659030515,3.1611380830586344
A,37620,14,0.0689038381083965,-0.7650248850049499,2.238865889258828,1.8436265410215131,2.158525198499667
A,37860,57,0.9321608198271598,1.2628900127459985,1.9473155647209257,1.7624817181236874,2.143463254122289
A,37900,16,-0.8268301524475709,-0.7815333184338016,0.9939728550380977,1.0299877084345614,1.2688109631716316
A,37980,44,0.24409625794902176,0.020473963930449646,0.988060955701766,0.7369529418894369,1.006806638271875
A,38060,68,1.619850498269842,1.457509297986865,1.679169411413163,1.792522820347065,2.324233356898637
A,38300,66,-0.5328091463863378,-0.6692523443568386,1.2538679419543508,0.9826863123955817,1.353606080170771
A,38340,47,-1.1073432076672005,-1.0630074618991863,2.200844033313111,1.7429566717856757,2.4427168653142015
A,38540,44,-0.10083858781966291,-0.17055690050845268,3.0735757352999755,2.1397752301972264,3.0401208332062986
A,38860,52,-0.39837414411874544,-0.5615216688571727,1.1794471073431931,0.9894881527946359,1.2341173370419702
A,38900,32,0.1456882963518506,0.08181335059383299,0.7396207597488028,0.536663932957311,0.7424075587656991
A,38940,55,1.0327427559511582,1.1544810073227376,1.9814849460847792,1.686540247412781,2.218434861635563
A,39150,15,-0.5101337024639508,-0.6025471385261829,2.488280083194785,2.0673771483026027,2.4574387036069014
A,39300,44,-0.3566983356487586,-0.30965557173415803,1.0651908245030368,0.8661395893155936,1.1117904999965853
A,39340,24,2.5787021112451853,2.233070259779726,7.420994156344884,4.143292963404656,7.708840860933045
A,39380,52,0.11980980225278477,0.13274855085245796,1.814592106496472,1.4262849675530802,1.801048831045553
A,39460,53,0.38509449985267974,0.0412438810942799,2.313031388389442,1.8127544042911343,2.323244805542206
A,39540,51,-0.8049426696258707,-0.6623016114361073,1.4933064545208532,1.3134221090703135,1.6834999497795062
A,39580,50,0.657711133008559,0.6597682919004226,0.9968446171428436,0.9679752200352665,1.1859212205688585
A,39660,42,0.46417616778397097,0.14350342259406412,2.5464596630503262,1.763816172945386,2.558422267988517
A,39740,64,-0.8114456502560664,-1.0548883990376716,1.4646756726784262,1.3187285011497643,1.6643914654603091
A,39820,58,0.7951607103891505,0.4323327561412569,2.5466633864965225,2.007939434914719,2.646876667023217
A,39900,30,0.34790760819419464,0.40641402795210624,1.522641094918415,1.2503641332644528,1.5369432035621693
A,40060,4,-0.3509596942552359,-0.5420453739991653,1.0653591585504278,0.8633295335216794,0.9871247689741076
A,40140,67,2.097516109947554,1.7607012796298687,1.9249340178336518,2.206370156262488,2.8371888834071997
A,40220,13,-0.6735637515191735,-0.6225511152733132,1.164769528914012,1.1259760343210217,1.3061453070751123
A,40340,29,-0.7936545813945481,-1.0003479937703008,1.549645747717084,1.4040510948078593,1.7171146072467236
A,40380,44,-0.1821867575085882,-0.37318643900343673,1.1346585956129738,0.897030952694158,1.1363898596056203
A,40420,56,-0.5617045540125382,-0.6249744959207348,2.309362272439712,1.6582399318696888,2.3565719205293996
A,40580,31,-0.263699191119372,-0.012647291321462362,1.5201880671463222,1.160857704732104,1.5185392806175182
A,40660,33,0.8473453683437578,0.6993960829189874,3.3058400847922353,2.2726079815694,3.3638376579408917
A,40900,53,1.2090508731586527,1.0890185864558894,2.0532409935600793,1.3447910205586715,2.366021813536792
A,40980,43,-0.5999372813483763,-0.24647975051801208,1.6930449130311507,1.3751834914908232,1.7775447473740211
A,41060,43,-1.1169137373064901,-1.1597150362002075,1.6898014758631732,1.5925524280332843,2.009109254914904
A,41100,56,1.6005879067912088,1.4882662686158836,2.722757940932692,2.512246345077717,3.137341249605515
A,41140,11,-0.32218427027935354,0.028587668407396905,1.8691186305167846,1.4933422876625486,1.8110236757053688
A,41180,6,0.14860080000228937,0.26574083659166003,0.4739098223843924,0.41929600728709343,0.4574286438578798
A,41420,56,0.6345709845796436,0.37858707622342047,1.8942511802475792,1.4659718378438689,1.9816137592753036
A,41500,72,-0.12862846525488586,-0.42134395934603663,2.029083209555902,1.6407320352736652,2.01904455529691
A,41540,30,-0.5574500977049225,-1.086690308273203,2.2536812133443567,1.5872262631564078,2.284847257279972
A,41620,51,1.1265240631219728,0.8603270514183894,1.546856452699101,1.3872971541738917,1.9012901912951732
A,41660,11,0.3405083202982915,-0.8436592524310251,5.538309066108152,3.829244524327632,5.2915376541269215
A,41700,39,1.3693945861724075,1.087767610571544,0.9387152026428353,1.3707343616240488,1.6534307501526146
A,41740,68,0.9500179264352873,0.8084769310378697,0.9316299472820166,1.0264234341752974,1.3257845521246578
A,41860,59,-0.3567981600695018,-0.47498300835749396,1.0193778266566362,0.8529539430074361,1.071831930890444
A,41940,49,-0.6499591441788545,-0.9329708004917521,1.606891560984316,1.2882775708599996,1.718095296985073
A,42020,66,0.22462462000801375,-0.3203544768817177,2.949821162274625,1.766495298744959,2.9359940455040254
A,42100,57,-0.24632895005703304,-0.21512393429858978,1.8488488944818304,1.389047504844433,1.8490405685792546
A,42140,60,-0.6210824419760919,-0.7006833023329619,2.1570775450466892,1.5934723349132325,2.2273700207838307
A,42200,66,-0.685333647726273,-0.7040468298611726,1.7356084643040544,1.4910357864235795,1.853746877082045
A,42220,64,-0.44909163488986364,-0.3932632857127585,1.939246960525272,1.4219575509357143,1.9757533916438728
A,42340,27,0.20733833919168937,0.48646226581752483,1.7099062294441127,1.3492031358092003,1.6907041070715578
A,42540,44,-0.4974836151539609,-0.7374748182650936,1.4409642937760438,1.1691750644689576,1.508866340009227
A,42660,68,0.11341497625596035,0.10376506086995985,0.8685588395188053,0.6973400491587465,0.8695765512033169
A,42680,55,0.1359765131282682,-0.024541086065645423,1.9361490134534882,1.5152114358297297,1.923279730946226
A,42700,46,0.1320720124331275,-0.29524976412557824,3.2256073445924365,2.3405996637316764,3.1930862885592854
A,43100,32,-0.4901927111391983,-0.7853070848884964,2.0038291852102637,1.498562242952385,2.0322748808158404
A,43300,53,0.7396603381565264,0.3503703245109788,2.3409973961089205,1.8712100705607484,2.433919663044636
A,43340,54,0.05784396147409003,0.06783789480584379,2.2726450531719857,1.4473867074098123,2.2522466289362058
A,43420,44,-0.45488214927125237,-0.4250612654155528,2.3826372614218543,1.8327962120318524,2.398928148944425
A,43580,34,0.047778525396226255,-0.26434494969943656,2.002113246411924,1.437618973545968,1.9730292525837787
A,43620,19,-0.2419830539138028,0.1034959061138947,1.435169258703056,1.15279747301119,1.4176955836389926
A,43780,41,-0.3074684954039977,-0.3122091377170735,1.5739283222811349,1.1434458698129397,1.5847291562810268
A,43900,33,0.3148193750487964,0.47091763311036683,1.4613485190484001,1.2257433932881414,1.4730707433885453
A,44060,49,0.20432959882051493,0.08122092838139494,1.8857195752039544,1.4103950309975344,1.87752995489845
A,44100,35,-0.884585335794115,-1.249730265275331,1.8731624937027924,1.7644585994636064,2.0471881434667187
A,44140,59,-0.826045940127762,-1.0610598023317293,1.2692910101003776,1.2453390315256558,1.5053719771152394
A,44180,26,0.9269498221251221,1.050391628792882,1.363669782538228,1.3881290438639695,1.6270551168667502
A,44220,41,-0.009461488064824617,-0.2977836365245734,2.656160828805686,1.8606024780939565,2.623585724702074
A,44300,50,-1.6525010589974667,-1.4400291233730687,2.2618620558642335,2.136739029656853,2.782886866286691
A,44420,30,-0.4741536173948238,-0.4568316047353682,1.545041905062833,1.2056189133442687,1.5913529856724995
A,44700,61,0.4516696712117771,0.5965905907066289,2.1558057017922216,1.4506932286430085,2.185249464088475
A,44940,37,-0.952584730363131,-0.7662480402700842,2.0644586155071183,1.6979520476357686,2.2481588337196534
A,45060,43,-0.5897653978477391,-0.7569305463122755,1.5198856515554235,1.339766458829245,1.6137389719559476
A,45220,37,0.10685028119627349,0.34728416025152686,1.9326075684858175,1.612758265930473,1.9093045348500781
A,45300,60,1.6223356642683189,1.5071185181787703,1.399691175982645,1.7119130204503084,2.1350541302767665
A,45460,20,-0.7981587970898946,-0.7026860697268043,1.5572512555163025,1.3929016447809193,1.714886983022127
A,45500,22,0.13702885504200465,-0.3379718914510228,2.6854570777422393,1.944205661323491,2.6272900487075024
A,45780,40,-0.5881884542098069,-0.7846014568185582,1.1337598480138884,1.1152895411908752,1.2646113101700398
A,45820,14,-1.1141972901212205,-0.9060169409612733,1.788218880319779,1.6100704831635713,2.052012015237487
A,45940,62,-0.7318341763385587,-0.9102160341901433,1.9696314341330325,1.573462087928825,2.0862544203109947
A,46060,63,-0.2799880139387156,-0.16947061472895442,1.2917880129325459,1.012661277603543,1.3117248181149266
A,46140,12,0.6641120231654951,0.11071043768905064,1.2737653915261973,1.0081075054195825,1.3886383723785072
A,46220,17,-0.5411751059019041,-0.3326597286261146,1.6406843582266801,1.340316942096079,1.6811816753226254
A,46300,16,1.5393740426151143,1.0537449022597696,2.0280111770186915,1.863705031602854,2.495085157626467
A,46340,59,0.6236384509076193,0.4790132516157142,2.0572210953764642,1.598077646210759,2.132921013638297
A,46520,66,-0.7969358106075715,-1.0386193831925008,1.2270380782698742,1.2762697166107644,1.4553063837065896
A,46540,61,-0.3347175263041716,-0.44728893811121395,3.7037092733501353,1.942915993764705,3.6884443565589224
A,46700,62,0.10393245788578591,-0.11891589275198777,1.9707061696235855,1.4418562297908095,1.957509825651093
A,47020,12,0.6317784126247097,-0.2730905552757652,2.6657894285810304,2.1270181509683557,2.6293296611617776
A,47220,37,-0.13650983992428217,-0.8336138249044911,2.4040229857993203,2.0427681519185277,2.3752396592122844
A,47260,8,0.3624861878971677,0.3348016269710197,0.4107937671079008,0.4121390099718507,0.5282554454277621
A,47300,54,0.597100033214024,0.26421603117402803,1.834162387477727,1.4522030351051545,1.9126894699401675
A,47380,24,0.3849153727389261,0.7279955650418537,1.6881869172398791,1.392565062641571,1.6968753491530066
A,47460,27,-0.2512569521550724,-0.5672797923614414,1.7782523043768295,1.4678285864896514,1.7630069454362889
A,47580,36,0.32448436617970156,0.4306757736564606,2.8652247390853094,2.226506113047832,2.8437230679142176
A,47900,5,-0.7780541080647987,-0.7280513114642639,0.29865064850749,0.7780541080647987,0.8226311220466103
A,47940,21,-0.7982415358874245,-1.0180718043475334,1.931895150563261,1.7111879117839761,2.0473601818338225
A,48060,45,-0.3240375163157354,-0.30372345228016506,2.8411076099862558,2.097799988578907,2.8279882205713465
A,48140,39,-0.6687629186960704,-0.3923980113591865,1.8827833025295189,1.3833335479512883,1.9751512922142103
A,48260,16,-0.9869327453105252,-1.267576586819325,1.6662314584357845,1.659355088654995,1.8912543621310292
A,48300,47,0.08703298382700196,0.16657729560378165,2.3223576520632894,1.8096334924061046,2.2991667581387794
A,48540,17,-1.2990820290607346,-1.076775494201709,1.4553966525661803,1.546239539511589,1.9186439860837214
A,48620,35,0.07843645092037971,0.1617010693430263,1.2069577641142288,0.9260769501817541,1.1921736354508758
A,48660,18,0.2656692844942525,0.3405543989199269,1.4758783645697546,1.144269801612294,1.4586929296865012
A,48700,43,-0.7863112723597676,-0.5978290417328678,1.7580542708644826,1.4556084252769181,1.9071345566821662
A,48900,46,0.2319403334817629,0.2949556522001546,1.8473701246793384,1.4291734454933205,1.8418419869893596
A,49020,14,-0.18570978426614443,0.03836260330291985,2.016114751087444,1.4848260705189946,1.951632589467296
A,49180,29,0.381896472828699,0.25420511070585583,2.249605060556312,1.3642958050699776,2.2432253915401774
A,49340,67,-0.3452074226013147,-0.4475082887363522,1.5891947613609798,1.2793998297219618,1.6146248875347844
A,49420,63,0.08621545295408699,0.0875712544763303,2.2430764072036915,1.5272204531621185,2.226872585370857
A,49620,59,-0.5421495056359604,-0.5799599020510913,1.3827685137129062,1.12498911647505,1.4743022901809455
A,49660,53,-0.6069635906322081,-0.6671423193716297,1.2692835542396437,1.081527917670981,1.3960973431623538
A,49700,36,1.2755478320041644,0.32163400311483636,3.53965333400015,2.41512207424647,3.715930054634678
A,49740,54,0.2610448591503885,-0.02214104084749763,2.5224405667988288,1.702257128190308,2.5125729710763833
B,10180,37,0.005791750336774046,0.14957808203880507,1.9837572236252652,1.500592995941498,1.9567746431035216
B,10420,59,-0.27887721506636753,-0.7262926055298271,1.7431343096535128,1.3161132412563017,1.7506540008478888
B,10500,20,-0.6447885345815008,-0.6472769093597748,1.6270010253696907,1.4183533592586848,1.7118784927833177
B,10540,51,0.3453455475612584,-0.213123354189599,2.1318770422457187,1.5773608471953366,2.138936088251964
B,10580,50,-0.44297081497537577,-0.31604122711488625,1.1741807124897825,0.9593784668980859,1.2439250305349199
B,10740,23,0.19277977640100766,0.5183067019991032,0.7069443575230361,0.6429232986633812,0.7177779756119514
B,10780,17,0.24754675488424754,0.7573561949030303,2.3646691824089205,1.81204803712419,2.307383483837519
B,10900,50,-0.45875475676973776,-0.5047807376935509,1.2379132974252396,1.0112923119096369,1.308524616567165
B,11020,38,-0.9390949737740009,-0.7599450146798055,1.4208702907738755,1.2997803805205894,1.6874962318064006
B,11100,1,-0.9875427976431324,-0.9875427976431324,,0.9875427976431324,0.9875427976431324
B,11180,26,-0.5714387337135931,-0.6655504387072684,1.6715061685521109,1.4637263881266842,1.7358041771177706
B,11260,62,-0.34358859538454595,-0.41207629061586104,1.5339872095135674,1.2366918903324955,1.559877041858566
B,11460,61,-1.2028563402453485,-1.26343636663667,2.043159418579773,1.878768936058078,2.3564654362101844
B,11500,40,-0.7888345986855552,-0.2652927544456352,2.2972673513532786,1.7382901045804484,2.4016164089186405
B,11540,36,-0.5835285307406187,-0.4714746008327144,1.765786727906233,1.3361298116077602,1.83627261773017
B,11700,40,0.7776392580503144,0.2141733540885129,1.6836013234931988,1.3429182257329417,1.8353128879614484
B,12020,23,0.3108688849614517,0.4101305528397692,1.7516344842862133,1.3666234578440957,1.7411093630904568
B,12060,18,1.4641514107119893,1.425928691940138,1.025884308232405,1.5207833166652052,1.7713579975502711
B,12100,58,-0.3169894521403284,-0.49115892952205265,2.5720940819690843,1.6816241883385217,2.5694526729377367
B,12220,17,0.8579695660479447,0.6870235891514369,2.491217695759607,2.2063597956592207,2.5646069521026984
B,12260,19,0.2715632701969759,0.5586170634899856,1.09369708212172,0.9418656598963445,1.0986188726288542
B,12420,56,1.653411543091946,1.436525366728357,1.976255975492588,1.820481492584046,2.563125977072728
B,12540,69,1.1338919151636029,0.7881533697531804,1.9536975754462604,1.5269527424714917,2.246625737497272
B,12580,48,-0.37571958582972215,-0.3684672774773641,1.0555493293599056,0.8288749352267036,1.110016855351771
B,12620,51,-0.7206066131575488,-0.6962135501289239,2.1564323718281457,1.7259323043948827,2.2535070582933012
B,12700,56,-0.9959748550398881,-1.004305326295576,1.9369150258888455,1.5994242393592013,2.162547609005596
B,12940,9,0.35651311649191003,0.040233106284743414,1.3144337810889362,0.992289818866452,1.2895220363038489
B,12980,27,-0.4064296670752049,-0.9973465810974771,2.011155763111059,1.6875973575097074,2.014975710692634
B,13020,29,-1.0247516767306117,-1.1620815106289604,3.364051480637737,2.584694036586105,3.4607401549009444
B,13140,51,-0.19342912276612134,0.1768265770271089,2.6428748140760034,1.613757854934541,2.6239751323176805
B,13220,45,-0.43577211369919594,-0.145254396755219,2.7476186728864747,1.8609740873946552,2.7516433410223105
B,13380,63,-0.00106545429418489,-0.14750626618664775,1.8994515761109123,1.3182139382486382,1.8843165638086279
B,13460,43,0.6202014565264116,0.4821818376859941,1.9384564217925284,1.5214106834517631,2.0136724634535503
B,13740,41,-0.4360860323684685,-0.3744660437502798,1.5631237251011878,1.236185288010005,1.604348080744039
B,13780,36,-1.183303204121553,-0.8928490996263951,2.0144500057661396,1.5791959061523893,2.3120321864615363
B,13820,21,0.2574897199146013,0.3868941230057885,0.8461015201233377,0.6912468084742618,0.8649270742778634
B,13900,4,-0.8118281739428317,-0.7810901714543053,1.0452464605356013,1.0274588549314936,1.2159235611065375
B,13980,12,-0.2578737676155148,-0.6911722404093794,1.7601514778991416,1.321228497498778,1.7048326417605364
B,14010,49,-0.949662383491644,-0.5123187249199626,1.7383400315803073,1.5016535158781166,1.965200953671589
B,14020,32,-0.7548477645650896,-1.0948675752659036,2.1169394741483294,1.8086960131067342,2.2161189299851634
B,14260,16,1.8037912699098892,1.7187156394723524,1.5639014684024486,1.8530972732000208,2.3551197444280847
B,14460,52,-0.6989372775641924,-0.8456726867917457,0.9159141050185273,0.9445159254712199,1.1451110424048094
B,14500,60,-0.12539058276303322,-0.027840689958503972,1.675581609114874,1.248283631257079,1.6662843789610395
B,14540,10,-0.025914146424985286,0.2854222669647717,1.0639897398270688,0.8571844098105494,1.0097218888369617
B,14740,59,-0.2729368503454237,-0.2667611066577482,2.260533086208441,1.4049099671620888,2.2578516386053153
B,15180,58,0.08647942948491823,0.1749982058391304,1.9683135920058747,1.5063315590688717,1.9531870186029785
B,15260,23,0.19868752074004534,0.28483323922698833,1.8745500240370812,1.3667859832937597,1.844080968799473
B,15380,61,-0.12080873771346241,-0.22719432918808913,1.3280052061899306,0.9954144704534122,1.3226039236966034
B,15500,52,0.4696523052649679,0.05357185335147163,2.6661925605550008,1.946996872192184,2.6818748186655976
B,15540,27,-0.6986501509225695,-0.36058466168624026,1.551569526311666,1.2802058665205422,1.6752069277469341
B,15940,49,-0.6959937965022098,-0.5658196243396922,1.5177592928738248,1.187653196647159,1.6555931046911385
B,15980,60,1.2065058898022085,1.40764209943644,1.6027949857441617,1.6642238702735275,1.9954428996295372
B,16020,9,-0.6005554836512557,0.21686634375318636,2.6117225031119697,2.0312892038053,2.534533870503914
B,16180,46,0.4741187611851693,-0.04657378064181125,3.2327329616437157,2.341820088424876,3.2323621179946502
B,16220,48,0.01321633043035205,-0.13131738476308108,2.1454524956071186,1.6947955565000579,2.12302754309413
B,16300,34,-0.2676493446364623,-0.3385184680721003,1.7085676598728032,1.302107839082574,1.7044003916614472
B,16540,56,-0.09678971950832957,-0.5876646665603988,5.048217145697105,2.232883781162983,5.003876927737781
B,16580,31,-0.9004919898810746,-0.907210945998024,1.4057942849097067,1.3944707625024066,1.6502706296493694
B,16620,10,-0.05105439858825549,-0.2241205580241994,1.7329989064142788,1.3270658770654578,1.64485964151504
B,16700,56,1.0443935983018213,0.9785623335641191,1.5663952043137452,1.473003593795338,1.8709724067555409
B,16740,17,0.6588287264196189,0.47224339678200344,0.8582067492594561,0.868738207317909,1.061720056557465
B,16820,30,-0.28074444737579235,-0.6451822175582631,2.153273910715014,1.6409986093709357,2.135615374580843
B,16860,10,0.15124724561525843,0.2135941599579394,1.0495305137527307,0.8696933739651616,1.0070941359547607
B,16940,58,1.432688982144393,1.1029713842299675,2.8899794318949343,2.421389063400105,3.203213880137656
B,16980,22,-0.014238370022772678,-0.08686057596868402,0.7493009861113985,0.5932349425909712,0.7322118238447657
B,17020,64,-0.045641372603749494,-0.3939096162474379,2.810865667232728,1.8300056919041285,2.789192776325779
B,17140,4,0.5026210049575399,0.4634431579305591,0.95212039150454,0.7917393963010497,0.965674792341395
B,17300,19,0.7214232666134444,0.9013025361020031,2.249083796123658,1.795238828249629,2.3049075978551903
B,17420,15,0.22733577940656882,0.9595795620495986,2.512888367477579,1.9310302307411153,2.4383017944549534
B,17660,62,1.141470426372018,1.4222028431663323,2.7698522953313622,2.310158404032174,2.975112303493162
B,17780,35,0.2625688859847335,0.06207895542638653,2.027234750043668,1.4748477248783618,2.015242839509005
B,17820,55,0.8766330545840539,0.501040334492977,3.062700785142756,1.6733225394193205,3.1588089025176846
B,17860,18,-0.2576157161659881,-0.5154553671583191,1.5242127982980203,1.1381278940462363,1.50350340051173
B,17900,17,0.14209286389839243,0.17817815615889554,1.0005300414027183,0.776845236156378,0.9810019581887753
B,17980,4,1.036268414072521,1.2102138299493745,1.8201731120200777,1.7018665127509438,1.8864317756799522
B,18020,37,-0.8045647968397615,-0.5890371559081782,1.817206401105533,1.4743086710715265,1.964768157064161
B,18140,36,0.4525350295871651,0.07207334794937292,1.102423018908589,0.9022403384502287,1.177440069833798
B,18580,46,0.4638198409200203,0.28175249395497914,1.8862296367549685,1.343036879470437,1.922406371203439
B,18700,35,-0.9551240622693541,-1.1206861703572262,2.3780746970486315,2.110437704534949,2.5309924880097756
B,18880,63,1.0800553877392607,0.8243769204750429,4.063313823293063,2.3744967015502954,4.173124385085364
B,19100,52,1.8971033953542844,1.9635884099311722,1.3688573423474784,1.964658339882541,2.3316812967800224
B,19140,26,1.2742077137610355,0.8003684003963389,3.482850927520995,2.508731187768177,3.645175960332092
B,19300,57,0.7612824453608004,0.8881126546377169,1.8344832441867878,1.6608149601540159,1.9712531240676296
B,19340,37,-0.3389220557190937,-0.6857888123830111,1.7487433075539447,1.2247460271224735,1.7579305671517942
B,19430,12,0.028177760509726018,-0.3534850192783743,1.7400861017976998,1.1934748288029713,1.666243877023328
B,19460,32,-0.25807490115160264,-0.17422944050829114,2.050028116843898,1.5608265768535836,2.034179492316157
B,19500,30,-1.2636079332630614,-1.3417554757397863,1.8974702044099765,1.7777602744431502,2.253238797762352
B,19660,56,0.8447368002192569,1.1199107602692613,2.116006442005878,1.7309230818734211,2.2607760760398508
B,19740,13,1.6667389153183316,1.3261216676708827,1.1253909395652566,1.6667389153183314,1.9867309669625188
B,19780,34,0.16945722100406319,0.011719264657474415,1.6217559485238444,1.1729837257531432,1.6066899043613379
B,19820,50,0.44454632507431646,0.19505357822035352,1.3565982064330813,0.9280702135425248,1.4146282037908702
B,20020,23,-0.12422483202619963,0.005053042956111753,1.9420438803596776,1.3991725439200153,1.903414427855202
B,20100,46,2.9343057549835008,1.765113057137035,4.540386782249566,3.5037945688016934,5.3644298657528715
B,20220,47,-0.6349437885305231,-0.5246404274833063,1.982104360577513,1.5831032454672858,2.0611407392666115
B,20260,43,-0.721832284167984,-0.4323964370992712,1.536991841811352,1.2507240235392465,1.6817988992511588
B,20500,53,-0.19370201828958167,-0.15802140305214607,1.64337103806379,1.1879599162344352,1.6392781440862403
B,20740,46,-0.29619488088151863,-0.009118882583633692,1.650177461168856,1.2149014400611435,1.6588006349790363
B,20940,52,0.012229493359352972,-0.4175369913525226,2.7419883439735684,2.0901518514929465,2.7155226198696703
B,21060,26,0.3272245268390862,0.16588669644303167,1.968823958390295,1.439243453502829,1.9581257487256534
B,21140,44,0.09114159813606776,-0.04598588662603742,2.043022327821704,1.4658972211784507,2.021728158009704
B,21300,29,-1.383719640687287,-1.3014293770764551,3.223476181817174,2.13737926637261,3.4564686220909624
B,21340,10,1.5578917138789177,1.6740488992693319,1.2357118211298133,1.662663509044537,1.9496953419866796
B,21420,32,-0.3900844439997081,-0.707080488516646,3.847406057034451,1.9849346213734633,3.806851727269549
B,21500,55,-0.724212978750161,-0.5514353708528414,1.6404622385392766,1.2915141534138275,1.7795143737467352
B,21660,68,0.03346100216748386,-0.1200016520956746,1.4124311661653643,1.119794354330373,1.4024064190898136
B,21780,28,-0.2388943559483547,-0.526598254293299,1.8307822995625356,1.3563465389462266,1.8135954594896524
B,21820,40,-0.5719697361215393,-0.6987328804937055,2.121624927084964,1.811663999982353,2.1716144690037678
B,22020,46,-0.2587951634515148,-0.20258825112110967,1.5517833387224373,1.1888004941631392,1.5564889833960904
B,22140,46,-0.3494003559611111,-0.21856524865691931,2.287475582256828,1.7207189894395423,2.2892955641241866
B,22180,44,0.10882380913666703,-0.03548860600834125,2.371733855639456,1.8203742304659998,2.347151557393827
B,22220,37,1.2470653655126165,1.3326095944496128,1.4662321826370255,1.5828444833600752,1.9096871842273482
B,22380,54,-0.6336998111528387,-0.5304399612240779,3.82350987659969,2.1461191100944426,3.8405828707119167
B,22420,54,-0.3218024115204738,-0.17364043779020766,1.9272243959748014,1.374369226650315,1.9362255283134435
B,22500,41,-0.8642000263861037,-0.6887594226424181,1.8920985803239474,1.313450482808436,2.0590193653147737
B,22520,43,-0.25429866760616227,-0.15903668544243033,2.021520363769913,1.5391868685464476,2.0139951521766792
B,22540,34,-0.7448095658633558,-0.9407440780148677,1.704665856344602,1.5460453348960406,1.8371607837240924
B,22660,62,0.20763544240423903,0.2390566093275397,2.2116109830954462,1.5242145494287418,2.203507413573985
B,22900,43,0.4573900922430501,0.09084942597473028,2.112677394493707,1.655623299763967,2.1374777976452175
B,23060,33,-0.11731047488310326,-0.11024046164965196,1.561617174220825,0.9738403730295158,1.5422423661900282
B,23420,56,0.7717279400375677,0.8059834510975468,1.7365588165917527,1.3385719339142506,1.8860938165192447
B,23460,32,0.09031378040170579,0.03777001933291288,1.8276178237899652,1.382849798863064,1.8011003991540504
B,23540,33,0.07670544391427546,0.4825052677422388,1.8776721857233674,1.4275381168011039,1.8505941201156162
B,23580,58,0.4145051291761798,0.2934805470603514,1.7248020693667936,1.365493839820084,1.7593932403188353
B,23900,34,-0.5690749185447335,-0.21279289632103313,1.9022185519577681,1.575014239512303,1.958534429406289
B,24020,29,-0.0059750674087846335,-0.4676862491700957,1.851696919018296,1.4852663062901785,1.8195008483641444
B,24140,35,-0.04496434493547481,-0.14508200815554328,2.073331275283741,1.4103373939333486,2.0439922445436576
B,24220,36,-0.5725125910076325,-0.27824756151483787,1.8496047318642137,1.3849580471387979,1.9114862037150637
B,24260,14,0.4390756038474911,0.39453717673729205,2.2610253155728843,1.4404390118133346,2.2225802992422303
B,24300,57,0.1776864117042513,-0.010825987918485325,2.370238382647082,1.6548961692255313,2.356064625985162
B,24340,37,0.2789708387604006,0.023021892398870314,1.6539691846377276,1.1320836495579791,1.6551444883676751
B,24420,46,0.8763723332869297,0.06303404741050311,2.6206865496249767,2.0070755136759466,2.7361875216760074
B,24500,53,-0.2843955442552999,-0.14697839132684543,1.8527512309283922,1.3777268632724773,1.8570945769452802
B,24540,63,0.9635180720982893,0.7059870460915763,2.246869421937981,1.836446581245152,2.428303026559432
B,24580,21,-0.5346263824795165,-0.7716037119194565,1.1983669135413668,1.1041257787250198,1.2858941290775636
B,24660,56,0.12250750452783102,0.015697485983337867,1.7740138862993957,1.2180378796491649,1.7623662195851175
B,24780,51,-0.24738776994213008,-0.4215029040410041,1.988742442646154,1.5079918907140675,1.984627496552446
B,24860,40,1.01156671243689,0.7425955407500346,1.3719405095012709,1.2836572170456253,1.6906899349912508
B,25060,39,0.3668946978666068,-0.02316145120092994,1.8049467596032034,1.2440208591660102,1.8190410522683371
B,25180,28,-0.6432372627383129,-0.6730094031324523,2.0497622865008664,1.7370455444399941,2.1131079309046203
B,25220,50,-0.023155801980295047,-0.07639593185046234,2.4175004277017793,1.6231633539922563,2.393315345445491
B,25260,31,0.12426970961196843,-0.228648131605929,3.549837101756426,2.6310015259629753,3.494322746937603
B,25420,49,-0.5099537570789012,-0.526238912237881,1.7390854061409309,1.218512279157461,1.795201400085051
B,25500,41,-0.11930302052225207,-0.19854630858877267,2.34844583180482,1.736810882909114,2.322695420305282
B,25620,18,0.4212909863560885,0.41313439958919185,2.0723876753921604,1.666061419705945,2.0575901657619124
B,25860,35,0.1664487494573405,-0.04107656324816045,1.9831946633842408,1.557807216212576,1.9617321645833588
B,25940,46,0.4323854356276016,0.26786563782173545,2.4474059934767554,1.8070568212363403,2.458971391297675
B,26140,51,0.7136433405871949,0.333889759847926,5.940672584345711,2.6925993033978375,5.925275149424268
B,26300,48,-0.17464608816264438,-0.22622108824492493,1.5648281978150558,1.2248144830735785,1.5582599995743722
B,26380,60,-0.4130594911794864,-0.44400783918519404,1.738301362963121,1.3200307062536563,1.7725541584367954
B,26420,27,1.749879127854325,1.445756274962763,2.0128106188351866,1.7621552874169069,2.6388314560748536
B,26580,16,-0.5220000444909979,-0.6645894268939454,1.600068803655287,1.272551670356133,1.634836524504067
B,26620,56,-0.4158129852806943,-0.5081797489557065,1.6673719725896061,1.3105085637670935,1.703932090114996
B,26820,13,0.627032349067125,0.7939257937131501,2.7542241934342284,2.2635058483197117,2.719448689327099
B,26900,23,0.189943969897815,0.36779750779004683,0.9057956574966044,0.7382692861704644,0.906019900400168
B,26980,50,-0.42067686637952,-0.4428863620546979,1.6247027919076762,1.3076721148068406,1.6624785727036717
B,27060,35,-0.6835182689003096,-0.863405131104841,2.0912442699655798,1.6968477974691438,2.171531330149883
B,27100,42,-0.23005266113074999,-0.24542953335843123,1.859292699908442,1.3297299401985447,1.851373753979191
B,27140,22,0.05376202411455478,0.07619415141450459,0.9127101740982757,0.7666654790062437,0.8933447088728422
B,27180,16,-0.14456449187623982,-0.3435958131322936,1.765382440676935,1.3070884363739348,1.7154265086404124
B,27260,46,1.3820950909374377,1.3908487371319218,1.2707539910408718,1.5963232124032187,1.8681268310487682
B,27340,49,1.22683849582697,0.3171679819621236,3.0063667420635487,2.1271838705253048,3.2185275802638174
B,27500,46,0.22197866077535877,0.20133756191380492,1.9401645730782116,1.5762469328181454,1.9317561500336589
B,27620,9,-0.12086137807610327,-0.7912899120905204,1.9617499334475168,1.5222129809880558,1.8535002822121531
B,27740,29,0.016357141313114904,-0.1405473481481163,1.6948459209163844,1.1321091167679085,1.6654484184830138
B,27780,38,-1.1353026310986332,-0.85684187528216,1.673607287991762,1.5647073892127537,2.0040369031711465
B,27860,33,0.18184831832127013,-0.01146822537562936,2.3431094777999713,1.7651831852191469,2.314489639125986
B,27900,36,0.09467722173693414,0.5572305669712163,2.4691515320621207,1.6565600603596453,2.4364564491931424
B,28020,51,-0.45722400764470184,-0.41058480349169785,1.447394860191059,1.1065344993770792,1.5043032229591888
B,28100,38,-0.5715500665164627,-0.6986345257007107,2.928665312347141,2.089570426620572,2.9458508694831145
B,28140,10,0.08556331922310041,0.23828856274307597,0.8610659969413202,0.681187285831258,0.8213478359234712
B,28420,55,0.8395675478607255,1.0539949355456084,1.835573708599539,1.577051144027079,2.003233372925103
B,28660,31,0.9557605773530201,0.8789260797629579,1.4755193277926149,1.3679962017545466,1.7379311515983469
B,28700,18,-0.30522051428173474,-0.6131298804473402,1.5910805226292963,1.2444752349341448,1.5760887775232761
B,28740,51,-0.41652823097615754,-0.4715171910387186,2.3856150798093867,1.8694227353172939,2.3985545057833892
B,28940,10,0.06946600157318898,0.27581527900644787,0.9666375167879334,0.7460023980060618,0.9196601575312014
B,29020,38,-0.42261600260681176,-0.05831266731400775,3.0134351845496687,1.9362057674316708,3.0034026864273633
B,29100,32,-0.3534325551103802,-0.24457936653629764,2.115890908169695,1.5892067564800205,2.1123453395005463
B,29180,60,0.19090501402925888,0.07813721639600324,1.4229862204188244,1.031209896548614,1.4239334060358997
B,29200,12,-0.2773216008798384,-0.07995664283837733,1.4980503126519398,1.1291311877594314,1.4608384971018358
B,29340,23,-0.5780403645393832,-0.3455889674035113,1.707780069149826,1.4026845598323185,1.767438407643714
B,29420,55,-0.09839345901902699,-0.19346605563166053,2.8139730385698685,1.8656489415172053,2.7900096452745453
B,29460,63,1.452033007807666,1.0561778358537746,2.7178711706941585,2.133109061466815,3.06234752867867
B,29540,68,-0.30723410235735144,-0.41149373454941296,1.3934689478056246,1.071453202648712,1.416895645819589
B,29620,47,-0.24043331629140618,-0.3583169613028936,2.0408235650074396,1.3428983597368673,2.033261619993535
B,29700,58,0.9139147445476472,0.35073264514052926,3.1691173739348706,1.9121341587551077,3.2719084125711277
B,29740,55,-0.2805372460006592,-0.257147957109981,1.6401310160708238,1.2566792691098716,1.6491880621855084
B,29820,68,2.457991843592864,2.4144583171172043,1.4355808629220768,2.4922335574605716,2.8411809297851764
B,29940,49,-0.4978244135674859,-0.7644614553694575,2.1193966299752636,1.7516253862885207,2.1559223027425345
B,30020,17,0.0755113353063399,-0.1375493612910237,2.7466711459195827,2.0705366014263045,2.665732119845048
B,30140,41,-0.5679566729607092,-0.36934259458296204,1.3321475339515048,1.0392403451448629,1.4331463609264647
B,30300,19,-0.4497226264261467,-0.1408113017581787,2.395955722534366,1.6125851801342836,2.375019415010795
B,30340,47,0.17981546308315635,0.17463953954004152,1.9088472292199044,1.475270347250257,1.8969728151290868
B,30460,35,-0.1415543188026324,-0.27285541338690944,1.4700486986463897,1.2026571100213337,1.455794185594092
B,30620,39,-1.0226308100222534,-0.660210031887638,1.9858901405174285,1.4030730110867384,2.210975210511907
B,30700,39,-0.20427367946668026,-0.41836098519292886,1.522683824588953,1.27668582202887,1.5168531091607553
B,30780,18,-0.18411703783374464,-0.10290429617611907,1.1264069824154617,0.9253592940678226,1.1100465264462094
B,30860,39,1.0442678860376395,0.7732505597870141,2.71278297931011,2.140587653992397,2.8741937465799285
B,30980,43,0.6098707907351071,0.2176970649739811,2.4095283572467827,1.6203454940526394,2.4582005726616187
B,31020,46,0.0757074063985852,-0.22103143901650746,1.9187474390020778,1.4218881771328418,1.8992863773356752
B,31080,74,1.7048762659056982,1.357443205891197,1.3195725066366566,1.7488304072490588,2.1504287909668016
B,31140,8,0.2639436204266723,0.07882133772519317,0.9039410847839241,0.7214588663182717,0.8857974000465538
B,31180,4,1.485192573033488,1.8754290042700528,1.1164783703831778,1.5432035716549513,1.7721991825536823
B,31340,29,-0.3396007713896857,-0.2537300334589112,1.6144786842913623,1.1965559046185155,1.6223407062848754
B,31420,4,-0.46689456710726274,-0.6619789141130914,0.9906115652842565,0.9102087933842883,0.9767159217246701
B,31540,38,-0.7865708003014565,-0.9069221767499267,1.6494869911547831,1.3478750800400825,1.8077335989785737
B,31700,64,-0.8153486191926843,-1.0299645541079832,1.9007293952950977,1.6999786512151704,2.054535480053792
B,31740,26,-1.07152427331557,-1.471604801990575,3.063426352914762,2.369282893120953,3.189325926304998
B,31860,28,-0.5740339413711946,-0.26821511145070964,2.7209534470750234,1.9998724363407852,2.7328901884185814
B,31900,43,-0.6121124870945142,-0.7022734435326483,1.6218914922677021,1.3533585592156168,1.7158200798631433
B,32580,62,1.4182269750211671,1.244036531563819,1.704785890051102,1.7071093487927076,2.206985944428012
B,32780,55,0.33331954238671746,0.08341785144431668,1.8927360049943776,1.5101209385870957,1.904840165196598
B,32820,7,0.038823069329224094,0.06634035224516399,0.7947092702393392,0.6310350530353716,0.7367813748432194
B,32900,44,0.2978939278978993,-0.3138073347455976,2.799889847828025,2.1884250764626345,2.7838743062786877
B,33100,73,2.362769155272158,1.944124231590516,1.6851018511786817,2.378939212596273,2.8954012044553785
B,33140,33,-0.7054105203393831,-0.7301625391449797,1.3562232179531921,1.1594166433030793,1.5103667767884685
B,33220,33,-1.5027305885064974,-0.8487677829981859,3.0875516295713776,2.3818705507477653,3.391503538936836
B,33260,24,1.355787765663712,0.8561613681805547,2.990062017751362,2.2165274592555515,3.225850541475758
B,33340,56,-0.18459535675509128,-0.43846930924890604,1.3384357196494105,1.1068567333148072,1.3392147527364497
B,33460,36,-0.032159519360701015,-0.0900624792000233,0.9967144221547116,0.6505462001017133,0.9832997144715004
B,33540,25,-0.14446816680557936,-0.19058911058748063,1.8045733696259365,1.2951883728681344,1.774005833059392
B,33660,60,-0.14065140385988179,-0.12329525630774696,1.5088413874422475,1.1237661415938016,1.5028112914330787
B,33700,56,0.3904099875472301,0.595342788966009,2.0886841655506547,1.588198044846159,2.1064467481541005
B,33740,26,-0.11711202588133861,-0.11935882268217957,2.3352208796236673,1.6632802411454408,2.292865270015421
B,33780,33,-0.4903581728366394,-0.5685331499328656,1.871677870979478,1.5405281848122863,1.9072158450719852
B,33860,16,-0.22653082838569377,0.03380291258498458,1.7330385134513688,1.351964920929318,1.6932291043286882
B,34060,33,-0.3910815702927044,-0.5378414370026154,1.609345057740388,1.214358862794565,1.6323148342572338
B,34100,25,-0.7154144508712027,-0.2739938733848044,2.553489695217312,1.5429043461725818,2.602175066200025
B,34580,47,-0.3588036966495961,-0.41055840709553465,2.3297717706433265,1.7612900784321266,2.3326145658825217
B,34620,35,-0.5901009406291879,-0.08246912573099419,1.3201851236891398,1.030376524742076,1.4287445745143288
B,34740,33,-0.2879531969537784,-0.21529159692608246,1.233483928204582,1.0370530902637458,1.2483165109086152
B,34820,60,0.579969916215166,0.8644013462978455,2.047563126120105,1.692117438499292,2.1116355303975283
B,34900,62,-0.7576530269974203,-0.7531972358499086,1.6458330316544472,1.4074671991682604,1.7997540657747713
B,34940,61,0.7349362613649711,0.785599150651235,2.1780339540972062,1.6050832939290594,2.281708894078868
B,34980,15,0.8907938460551869,0.8602399583625404,0.9272851260288292,1.0934312609425514,1.2633477486927895
B,35380,26,-0.3254622184716309,-0.368717112976372,1.5608486909219976,1.2218040658126612,1.5647595409492845
B,35620,43,0.5216307341257871,0.3506063872644649,1.241991184497456,0.8981256991866902,1.333704484886317
B,35660,43,-0.7466067550165741,-0.7472275225857237,2.188699730811371,1.6966685667461183,2.288323262935888
B,35840,62,1.0355061957985685,1.1911930966183575,1.609214097071901,1.4959587926022402,1.9026496875470498
B,36100,66,0.6767807595762189,0.42252704697035925,2.0935134741417087,1.6032762522759891,2.1850457255044473
B,36220,59,1.1371488831792977,0.5916628094643279,3.046838099713229,2.1076383842087223,3.2278456028345412
B,36260,44,1.0641915803693036,1.124614736663641,1.4570595089343708,1.4254729477096715,1.7908868258291077
B,36420,23,0.6653221997502988,0.31246342800237237,0.9871220217095695,0.7934095665066659,1.172475103368214
B,36500,56,-0.26321103194512013,-0.29991130972408975,2.1703175945985773,1.6177579273512575,2.16689787331549
B,36540,32,0.21656916540812676,0.02459588494440057,1.5146369682457992,1.142336997402451,1.5064315245583262
B,36740,68,2.3844640375744937,2.0550616613729074,2.047343734544704,2.398559426056618,3.1329927699722147
B,36780,53,-0.3375726657579567,-0.045496802802110076,1.9317267491770318,1.4246424626079428,1.9429659261941195
B,36980,10,-0.7949891700026112,-0.23557472992111794,2.0836404816756695,1.6649481253567224,2.130589043342544
B,37100,65,0.36852906992374884,0.004449030455210945,2.1166320381070007,1.2339011528193107,2.132374208475144
B,37340,62,0.49157840948893367,0.23531529989906153,1.8414356749995728,1.3579048646651914,1.891518696371067
B,37460,23,1.783687489542633,1.320947568256667,2.609775750076821,2.3538742040677825,3.113895174530848
B,37620,14,0.2160696120908004,-0.7066394207972992,2.1171733553363303,1.7760127869381088,2.0515691607169204
B,37860,57,0.9597737721314619,1.2664146198821342,1.9576834154950944,1.8027014550960856,2.164821650756636
B,37900,16,-0.7496166488309522,-0.6106339995319359,1.007787660385009,0.9738651812141756,1.2304811419125121
B,37980,44,0.3355874248812503,0.09795064633290851,1.156159735004358,0.8460083876963449,1.1911946045580462
B,38060,68,1.611890188746864,1.5201140415724241,1.6805859182482685,1.7864627796448203,2.3197034660785167
B,38300,66,-0.46598660275449166,-0.6510036209528396,1.3458599153033823,1.017361883088585,1.4145804666413127
B,38340,47,-0.9760909287897978,-0.9346587282080487,2.2226626194320325,1.7735828319925668,2.4057995268138352
B,38540,44,-0.040956614080260405,-0.188755338307232,3.1611587268616335,2.188444176194715,3.125298388998617
B,38860,52,-0.3273172648982213,-0.4774729883850939,1.4157626819569935,1.1053721814437323,1.4397828717950476
B,38900,32,0.26738200921967814,0.10814529585474286,1.0524880482527996,0.6361740254347878,1.0698633716289412
B,38940,55,1.0757951856849568,1.1783460074367493,2.0032504338078216,1.7451682921453404,2.257738630152776
B,39150,15,-0.2710512157535385,-0.31703653627364936,2.448352359711156,1.8845414198104857,2.380812764662055
B,39300,44,-0.256097220681084,-0.22116402514740008,1.2146548460523003,0.9571224384957108,1.2277787555177722
B,39340,24,2.5805943318926765,2.303638436356528,7.407197144336495,4.1348643338947495,7.696747987098332
B,39380,52,0.1510736557061852,0.20741631093525692,1.816630072840961,1.4272723726739425,1.8054095788787758
B,39460,53,0.3812568367218385,0.05141469530257137,2.3151425377854697,1.8512336961903921,2.324674566624665
B,39540,51,-0.764079871097257,-0.8087295697298078,1.5549877038516389,1.3425636412639046,1.7188348680035601
B,39580,50,0.7034108979173789,0.6697365375707216,1.0795087901522349,1.0179732078289505,1.2793824036481654
B,39660,42,0.557921206848164,0.2520671420156928,2.5474041250356954,1.8090216066781366,2.577990976259385
B,39740,64,-0.7588456995289321,-1.0473152108064891,1.56182934478273,1.371696640638861,1.725411100309358
B,39820,58,0.8215680510149433,0.563326357625233,2.5312387743761766,1.9941173186040577,2.640393029774756
B,39900,30,0.3847902992621445,0.5071604691595772,1.7039823249479946,1.4092549854678187,1.7189631019940241
B,40060,4,-0.3050700969930821,-0.5361967354337183,1.0669063902237013,0.8587863055941088,0.9730286214724081
B,40140,67,2.1118857534215367,1.7526931801449308,1.9277607050218295,2.2211287878644583,2.849711596675921
B,40220,13,-0.6179552447798167,-0.5972038590257354,1.2133992414308556,1.1377270309808192,1.3194505129152814
B,40340,29,-0.670372041312338,-0.9358994551693991,1.7709868243349494,1.4394514980431183,1.8648435529697145
B,40380,44,-0.039963821306184304,-0.348239250535165,1.3926359633188514,0.9655588551594912,1.3772995196524755
B,40420,56,-0.5157617215285096,-0.6146981074845597,2.2931526149861927,1.67368572530516,2.3303768814946224
B,40580,31,-0.1670953032261717,-0.049121879592746165,1.4662421539542994,1.0703124914114721,1.4520455834858534
B,40660,33,0.7260716063077712,1.0732627296607955,3.2021875779330933,2.237683075218376,3.235808682369636
B,40900,53,1.2581369407381278,1.0832957830842007,2.063290673531619,1.388571983264702,2.399948547988327
B,40980,43,-0.5089063176245191,-0.28637663578213246,1.7994930610779127,1.403587788000767,1.8498255364217695
B,41060,43,-1.0017881779392963,-0.9585740475498881,1.6624250111903995,1.5239886954278108,1.9243090656591464
B,41100,56,1.5926390384553362,1.551134975019238,2.6857131660833145,2.467957512194922,3.101733347655036
B,41140,11,-0.0927019267631482,0.374529222557606,1.690649178921052,1.3783736301167544,1.6146341150789854
B,41180,6,0.4256218890332956,0.5169334106806089,0.5583578621107318,0.6194024021816049,0.6640458650637973
B,41420,56,0.5974534729578316,0.4665897661158027,1.9554631350476248,1.547945069276323,2.027930949975908
B,41500,72,-0.011388816066873777,-0.34607728634008805,2.0104726515745632,1.615990706808032,1.9964947019826969
B,41540,30,-0.4113370242967014,-1.020398059712663,2.278400801599386,1.5837338385761308,2.277558199738271
B,41620,51,1.1374368327917344,0.8773601592368028,1.5572196920121544,1.422269506717423,1.9160240104398243
B,41660,11,0.1727288721137987,-0.8846628213793757,5.615072670362001,3.9638447210569567,5.35654738555232
B,41700,39,1.4549301178502607,1.2667971462303687,0.9902716292436824,1.4557650192136178,1.7528020384465348
B,41740,68,1.0196420968571147,0.8777835845111941,0.9858488766166158,1.110013774669175,1.4132499408992303
B,41860,59,-0.2791245716768911,-0.3616242836724002,1.0757658389787907,0.8612951165756598,1.1025279519306228
B,41940,49,-0.5100583848856841,-0.699707517614863,1.682840753268253,1.2325764541686703,1.7419292745836208
B,42020,66,0.2387501690930482,-0.20067256842687753,3.00512915959224,1.7841594239656862,2.9918176058817414
B,42100,57,-0.1335203062787227,-0.08120863483289664,1.9163016570936635,1.4536912081148747,1.9041047609099435
B,42140,60,-0.5442481778521974,-0.6309838356569588,2.175114551817578,1.60453474970198,2.2245173268371152
B,42200,66,-0.5866786768922013,-0.7112807901528138,1.7902297434258143,1.5230043434364555,1.8709770099681533
B,42220,64,-0.35686711325889814,-0.37500607535245845,2.014920734529195,1.467703455030911,2.0307199901724147
B,42340,27,0.16065094610898278,0.13627968648408206,1.8915872444139572,1.466277566963354,1.8631663162982195
B,42540,44,-0.4177185254879449,-0.7159925114506871,1.48646532102754,1.2067946766304887,1.5276944096201803
B,42660,68,0.14004003917220748,0.09326167421319509,0.9726241299277903,0.7407375130224857,0.9755496808643171
B,42680,55,0.2254039296388882,0.01957884055492798,1.8855704947430334,1.4687114773655399,1.8818979304133479
B,42700,46,0.1512533671227881,-0.27950315662693637,3.1942715995391495,2.3225705642682337,3.1629790101299555
B,43100,32,-0.43022354837621085,-0.5888565976472813,2.0315961162889766,1.5293665450243081,2.0453592274785386
B,43300,53,0.7673214308748346,0.3580434706103768,2.3665413138204228,1.8753848380887495,2.4665015348296877
B,43340,54,0.11393295879934918,0.05920447103055637,2.278280082775158,1.4486706883919553,2.259960037407458
B,43420,44,-0.4449373671618046,-0.43965524615628326,2.4328717646007534,1.8480093386537353,2.4458770664272995
B,43580,34,0.16775744640530343,-0.048781360990410416,2.0035045279156583,1.4414609229729896,1.9809374641191126
B,43620,19,-0.2196965120168903,0.09240151159390653,1.4582815574639696,1.1558295882662388,1.4362890122147405
B,43780,41,-0.21735919823139468,-0.28664655614523005,1.7156314819142242,1.1953580419481333,1.7084631600037894
B,43900,33,0.27329808197326677,0.47808857564463114,1.4410778122021008,1.1723689777720396,1.4451528085231449
B,44060,49,0.25784129696392305,0.09148730911899694,1.938023102480539,1.466957237891981,1.935397627143596
B,44100,35,-0.7390941269764372,-1.1352006754242483,1.8785182912982972,1.69644359532332,1.9935564595095192
B,44140,59,-0.7506541704537439,-1.0900979267767763,1.4562373137664146,1.3652613854501254,1.6273186427938597
B,44180,26,0.9368694852664488,0.9686718828955261,1.4200298502570052,1.4249275679109337,1.6782884440076749
B,44220,41,0.091259536127878,-0.15994996923427696,2.6251005691910683,1.7973865436889087,2.594495018091641
B,44300,50,-1.5252932643749606,-1.3648730139407363,2.2677948808516497,2.041801361070366,2.7141398806126835
B,44420,30,-0.37413103051276475,-0.24945242784562582,1.5166719746462818,1.1501493360415747,1.5373976206718332
B,44700,61,0.4249452918537642,0.6125044530322779,2.0411340121839494,1.4600236494382544,2.068455398643557
B,44940,37,-0.9025046389327861,-0.7233407188933159,2.029828739597781,1.65610651262815,2.196215483799708
B,45060,43,-0.4408861202548189,-0.7105702121897748,1.6439380821829406,1.3980127870662358,1.6834676706035072
B,45220,37,0.2251370941784568,0.35797866873369166,2.0760398808159,1.7186873883052889,2.0601318865945304
B,45300,60,1.6430991273630908,1.4822267709138854,1.4652252355991022,1.7427850404381187,2.193371449814308
B,45460,20,-0.6825755881659324,-0.5839046777353052,1.5748293722126583,1.3584701429865302,1.6798787478757502
B,45500,22,0.2957257054704442,-0.32725245714710294,2.741175420645039,2.0455572565921787,2.694429250281457
B,45780,40,-0.5204900626183933,-0.8750936292464584,1.3285739242193189,1.2014866889912077,1.411343636609147
B,45820,14,-1.029639631282423,-0.9943912642092605,1.8475461565305726,1.6504268796391912,2.0566400683595085
B,45940,62,-0.6293644172862911,-0.7921691672041411,2.00135516373156,1.5465613096114408,2.0825269440202225
B,46060,63,-0.30111772456779434,-0.14251509105676607,1.3566416740395033,1.0810169938557364,1.3791064502060952
B,46140,12,0.7284659401556682,0.11213963965096063,1.3487462527864071,1.0447103235834783,1.4826280863740382
B,46220,17,-0.5000492054726706,-0.2323464411355678,1.7312275116946008,1.3601799907904903,1.7523969415055805
B,46300,16,1.548306626785061,1.0705792740499147,1.9690319649350665,1.8141362012937106,2.4560175812784975
B,46340,59,0.6720472187355797,0.5703619952971675,2.0354207038347787,1.5923105291708681,2.127055623893818
B,46520,66,-0.6867046255079453,-1.0050673159028145,1.3688520084783016,1.3095280749932738,1.522146124422758
B,46540,61,-0.2922183438368716,-0.46888191461439366,3.7289463973173165,2.0130888515673973,3.709781839798688
B,46700,62,0.13334427423252684,-0.07521282448637079,2.0338948513157122,1.4977577295357853,2.021827771604357
B,47020,12,0.6086012011663958,-0.03529855381863545,2.360084977988598,1.889779712232006,2.3401345616818707
B,47220,37,-0.0391505782682923,-0.8489581033882319,2.4769589693938387,2.0811486941389647,2.443570929879304
B,47260,8,0.556283906740806,0.5593042612792538,0.46547621029452957,0.556283906740806,0.7064250664120019
B,47300,54,0.6583343933539607,0.2781243893961405,1.8360782766893562,1.474868588145496,1.9344658923524445
B,47380,24,0.38110688814331545,0.6324436216587717,1.6842949894263726,1.3897941375171812,1.6923031656458947
B,47460,27,-0.1645714954874396,-0.5503153323527403,1.9135337571804691,1.5568812339954627,1.8849615323614703
B,47580,36,0.3375935905440335,0.4038111463807743,2.8127253273393427,2.1749843271124494,2.7938560142078743
B,47900,5,-0.771011513037317,-0.6704892922143966,0.2717820345695905,0.771011513037317,0.8084250940488684
B,47940,21,-0.6042659081384786,-1.012157602005956,2.0664079247782885,1.797879608476411,2.1051944517610663
B,48060,45,-0.22994758890442424,-0.09536565806758335,2.8289333302062984,2.076245335606475,2.8067593881399375
B,48140,39,-0.6067840539000218,-0.2909090036375095,1.9647763099567965,1.4080229215932287,2.0321293282649604
B,48260,16,-0.6210152310197828,-1.1925398886305894,1.6418623339383758,1.5515750760742164,1.706719029465242
B,48300,47,0.14804536227358678,0.36060611200534787,2.3126516126446477,1.840351364111372,2.292701478764162
B,48540,17,-1.056711846874946,-0.9355227787666807,1.7429071581421347,1.6113334817318663,1.9939096173242612
B,48620,35,0.13692446276044692,0.26743872608262453,1.2121695787642457,0.9399355242161649,1.2025480540294302
B,48660,18,0.35614712054370756,0.5083590534521876,1.5216288193035958,1.2288861293769606,1.521040513193877
B,48700,43,-0.6890179617440677,-0.3675311297081265,1.7949730778658712,1.4332336092394014,1.9030884203273468
B,48900,46,0.2591418449381903,0.44984922686449336,1.8553571066110697,1.4712452261817048,1.8532864844240986
B,49020,14,-0.08761985944973276,0.2933947035548887,2.0105943820957797,1.5350017022457465,1.939437480262849
B,49180,29,0.39574819221467883,0.18952637401667838,2.2291855163242214,1.3973906750011162,2.2258774958615652
B,49340,67,-0.249338676969522,-0.429482132372768,1.6387844834423626,1.3123286061627133,1.64550920971459
B,49420,63,0.14091197597935973,0.08507703420359863,2.2165346223719373,1.5341718872330756,2.2033831672490805
B,49620,59,-0.48956634538291366,-0.41543509761334496,1.4094067860629054,1.1237473734876864,1.4806871487971742
B,49660,53,-0.5178480964869134,-0.6194648745394442,1.430380100075515,1.1448288044203843,1.508492740808716
B,49700,36,1.2299269525826082,0.4137680343038337,3.4120784180867676,2.4117508230106086,3.582122666426995
B,49740,54,0.19393188502955197,-0.12460856111546892,2.7569605126050916,1.8298024382695723,2.73819004261959
C,10180,37,0.03925989826895597,0.17859840354682888,2.1493095690584845,1.6411477036461257,2.1204293803883116
C,10420,59,-0.13141238639367706,-0.520321969528668,1.835655828936174,1.2492876582218748,1.8247709788799626
C,10500,20,-0.5987862693398004,-0.6829572165718167,1.6612411120563144,1.447963325630035,1.726349016600256
C,10540,51,0.24539776352604556,-0.056195847251801434,2.095961965543526,1.5827165245624013,2.0897699058526484
C,10580,50,-0.4221722516210315,-0.4605428714091917,1.2063000797827352,0.9575224804865005,1.2666041587145243
C,10740,23,0.11978579198324996,0.4378907422970837,0.6419129278513314,0.5844031109519662,0.6391287269074905
C,10780,17,0.30150576033520066,0.8039750252121571,2.482138882321907,1.9189037461580365,2.426830566783959
C,10900,50,-0.4068761745794556,-0.4065098744853861,1.1303782092774084,0.9673756694303387,1.1906922438352525
C,11020,38,-0.7836768451228987,-0.6566738809499619,1.3816176467589998,1.255958793763861,1.5725086228199285
C,11100,1,-0.8418897132052914,-0.8418897132052914,,0.8418897132052914,0.8418897132052914
C,11180,26,-0.65478070811284,-0.7373223128596318,1.6993511685560108,1.470627014508211,1.7903807289604048
C,11260,62,-0.30977154465347495,-0.5138498366374673,1.5774671293670373,1.2248934673331302,1.5950628292338485
C,11460,61,-1.0147064151074883,-1.0165649982194287,2.0020113681519884,1.7152989135145773,2.2297921197419655
C,11500,40,-0.70406205779334,-0.40324855023006834,2.3783004959048832,1.7746518496273525,2.4516542983922243
C,11540,36,-0.47485302300596743,-0.46413432630219376,1.84528874795459,1.3240818167718709,1.880422853457274
C,11700,40,0.5252876310597285,0.24048927778361628,1.7084537378995894,1.3098503748546866,1.766853393896574
C,12020,23,0.2580030854234149,0.4118475104955426,1.8470057953023142,1.4399145243075413,1.8247391426601638
C,12060,18,1.0939868198314422,1.0446651673520786,0.8188402488314654,1.1513606277716102,1.3527958275400702
C,12100,58,-0.3226510984109553,-0.6060672542527561,2.5851364086813766,1.6125964340541346,2.582984910413787
C,12220,17,0.7490192694876088,0.5749295683650271,2.5794959580901504,2.193492708861822,2.612169462207707
C,12260,19,0.29146580288932616,0.4928108690598414,1.0553747608307968,0.9118945449066742,1.0677763395610225
C,12420,56,1.3786276008876261,1.1372056162819693,2.034851375949724,1.5644210340480906,2.4428046461177133
C,12540,69,1.1589023337387927,0.959951687050129,1.9807329105258724,1.5286603393103633,2.2824324787833743
C,12580,48,-0.37074432413889163,-0.29173041627224494,0.7874199526554707,0.6550529643765587,0.8628813593224438
C,12620,51,-0.7099786990300567,-0.5657801883325972,2.122859371975936,1.6950718428214167,2.2186117946625297
C,12700,56,-0.924266095098145,-0.819521940027383,1.8162757761768227,1.459680838450671,2.023417242327304
C,12940,9,0.03429920952097322,-0.24183738422548995,1.3188544412714827,1.0201502007263161,1.2439008633263338
C,12980,27,-0.4280637477508271,-0.9276037262340191,1.684618268604741,1.5200096653552155,1.7076499764033177
C,13020,29,-0.733037380165304,-0.7441924551722807,3.317861750853485,2.396210021898337,3.341550099510458
C,13140,51,-0.15130613865519202,0.08329553498506748,2.725135556507049,1.645769375224185,2.702525184422318
C,13220,45,-0.39734995708013465,-0.08827100138296295,2.7017622388068863,1.8734916742878178,2.700961800130976
C,13380,63,-0.06897375740079102,-0.09881257049275849,1.8678424576326464,1.260000106052502,1.854242294125543
C,13460,43,0.4310606437838791,0.05810152330832885,1.929106528123939,1.407839326927262,1.9546661812683468
C,13740,41,-0.33470089248691387,-0.16388840469492505,1.546055316155837,1.1909855857562521,1.5633336317395126
C,13780,36,-1.1179674116532878,-0.6320785197097707,1.8255926475841695,1.4055120439523066,2.1189766845542533
C,13820,21,0.16826247818500806,0.3012201202942082,0.8324664192966973,0.6567645914016174,0.8296460598752614
C,13900,4,-0.8441906711074592,-0.8969758723267636,1.1544970901578135,1.1528137631575,1.3085509304463492
C,13980,12,-0.17209247404198344,-0.537256148348022,1.941230197699493,1.3878126496003251,1.8665367064996612
C,14010,49,-0.8634561953882536,-0.5607713329507682,1.7341793671922858,1.4824678667206854,1.921343180210585
C,14020,32,-0.8125547362497667,-1.0296037681514107,2.2288717461649266,1.868006206491269,2.3394162831468415
C,14260,16,1.4809287732947904,1.2096653485984974,1.5473316037057347,1.659753948170473,2.106595696891032
C,14460,52,-0.6451658846721189,-0.6400465418622607,0.5809810635712026,0.735751169220657,0.864457564273823
C,14500,60,-0.25212639206762616,-0.2351222093331864,1.6654502755492295,1.2775465289799002,1.6706476571174207
C,14540,10,0.03939921159466544,0.3576935055258721,1.2143598449547768,1.0294524107159535,1.1527164211587393
C,14740,59,-0.3106936843477281,-0.24315919973901856,2.1932186416460504,1.4370259670828258,2.196635979454539
C,15180,58,0.006453885128517335,0.22943165828520362,2.11829522726418,1.6150531548369094,2.0999645811224523
C,15260,23,0.12338375363811588,0.26548762461454256,1.973991099361659,1.434576970019696,1.93454005985381
C,15380,61,-0.16147612952152376,-0.20070569557669593,1.234968011057402,0.9018309135352656,1.2354020137141322
C,15500,52,0.43759607600381806,0.12996781988965353,2.7740225325752728,2.024544986249304,2.781853105779998
C,15540,27,-0.6493952389935899,-0.6037903620045455,1.603053026253938,1.3347597557527509,1.7018566864530442
C,15940,49,-0.5350225329385997,-0.33811173471786393,1.4520924794071928,1.0815293691241261,1.5335545592717428
C,15980,60,0.9659700054172037,0.9921267380921694,1.6575654913369398,1.5173908102624494,1.9065228436787565
C,16020,9,-0.6782465696946183,-0.14612281391547022,2.7462664919375945,2.1288343744013494,2.676565021765281
C,16180,46,0.33299480094352324,-0.06235685491141352,3.409126120777922,2.5011920738868,3.3882696480222747
C,16220,48,0.08864999660117313,0.027095492580740288,2.1271769577080284,1.7083992953767135,2.1067682027864674
C,16300,34,-0.355131849682439,-0.5079175743478936,1.595077321573892,1.288353520884522,1.6110737950179455
C,16540,56,0.30705722309128214,-0.2545545582762774,5.248670002936148,2.1008901719763675,5.210650898000785
C,16580,31,-0.7709690695275312,-0.7599756683935635,1.4578763005557944,1.3891946198754974,1.6282614092543917
C,16620,10,-0.41092094649224603,-0.014836699416960641,1.3403906365389406,0.9812150496634569,1.3363526394388658
C,16700,56,0.7963881323872407,0.5342563392578414,1.5874774002238718,1.3082364857006274,1.7633255640316914
C,16740,17,0.46797060419177017,0.5027515918316441,0.7171713715864875,0.6809282696525775,0.8384964375441274
C,16820,30,-0.31931729220685867,-0.7432115587237518,2.085622338255086,1.5497924527433677,2.075280716675051
C,16860,10,0.16999906961405045,0.2631047688610084,1.1107568911620087,0.9149700996791008,1.0673811258435968
C,16940,58,1.1417757312537904,0.870223492627825,2.7336276447584593,2.211236794073952,2.940668617668512
C,16980,22,-0.1445662426914929,-0.11619008453610968,0.5796053381676269,0.47850016786625105,0.5844413057182039
C,17020,64,-0.061776121206326154,-0.25215920020223753,2.845698801485997,1.8412677155284216,2.8240550068749495
C,17140,4,0.16972451207865413,-0.003615802931079326,0.8963428577378585,0.5667111151169011,0.794593794944052
C,17300,19,0.7166028962298582,0.8973546342829923,2.3334801734305066,1.8785363893090066,2.38160946755599
C,17420,15,0.10906023557948676,1.1342960874647297,2.639693807375784,1.9742369644478444,2.552517444648749
C,17660,62,1.0385002960232692,1.3601265213730995,2.844290247934342,2.3121126958153533,3.006324370025749
C,17780,35,0.16191547189706262,0.009262628739356238,2.0097103467573763,1.446741428175902,1.987398836589834
C,17820,55,0.6394106789075553,0.31650456670195926,3.2413230809004236,1.6656432520284792,3.274751893154539
C,17860,18,-0.24527039203051418,-0.5131485823670472,1.4908308356225748,1.0863545762577342,1.4694412778190977
C,17900,17,0.07900273544125408,0.38463497677230674,1.0239468385319148,0.8041334096176854,0.9965109248760504
C,17980,4,0.3912103035313843,0.560853470056021,2.1179076270131922,1.5577351240544595,1.8754186303355331
C,18020,37,-0.6564832052721346,-0.2982251722675404,1.7197572932401783,1.2978127662456158,1.8189560613927305
C,18140,36,0.2864298616045483,-0.010864415629629587,1.003696042726915,0.7786213370596281,1.0302739047723513
C,18580,46,0.4307528172631238,0.17357171340362942,1.8913050614809177,1.294420306460358,1.9195888096941356
C,18700,35,-0.8876020117014404,-0.8153557112070775,2.372795538274763,2.018985473945505,2.5014264573336136
C,18880,63,0.8456973933320261,0.5124595629158852,4.33158834278598,2.466531744648028,4.379502447881247
C,19100,52,1.5147718618516097,1.5929057395267865,1.2935645306809531,1.6244313917660216,1.9838507921493915
C,19140,26,1.1570965544327305,0.6548974929447566,3.5680026344650106,2.4624046504443635,3.685088211719549
C,19300,57,0.6270548551756135,0.7312823315192993,1.8678100308873975,1.6331065146153296,1.9546627813119932
C,19340,37,-0.30229441516631106,-0.42400379780963116,1.630660730429282,1.1012927753685335,1.636633738986721
C,19430,12,-0.0054617488955011435,-0.20157347598351394,1.5459335206683953,0.8999199106712658,1.4801287365743996
C,19460,32,-0.13968904000235094,-0.0110009318356534,2.0807003319713377,1.5438109954460966,2.052689903730983
C,19500,30,-1.2915775264731506,-1.4157910715848279,1.98918337828778,1.8244022340678996,2.343742307137243
C,19660,56,0.670437349341376,0.7814625573843794,2.235756286839641,1.678679183441556,2.314915028461434
C,19740,13,1.0933863328936546,0.9814117185484097,0.7750836740203679,1.0933863328936546,1.3228894415476466
C,19780,34,0.06971292318222423,0.005154433990129714,1.464447100823715,1.115682967841161,1.444433652326133
C,19820,50,0.26579301505912506,0.11143222524769891,1.090998539831681,0.7873476822836691,1.112258146515809
C,20020,23,-0.04499570086824731,-0.19630202068218416,2.0440664799906485,1.450265961641235,1.9996427631268923
C,20100,46,2.6854603276266618,1.1785562763269244,4.608754812396462,3.333975027666696,5.29061106710099
C,20220,47,-0.5258587234909792,-0.5467747712236211,2.042855318047309,1.6242969031048364,2.0882989554474425
C,20260,43,-0.6255349989099088,-0.375394884726278,1.5864296022900939,1.2896387452578264,1.6880532105162354
C,20500,53,-0.20430617158231318,-0.15340403041317785,1.6149609319703102,1.147605063777952,1.6126470202725143
C,20740,46,-0.23430751416492884,-0.008510991799142748,1.6192035799650548,1.2074658851149558,1.6185561938147157
C,20940,52,-0.07017594532328521,-0.34912515767795027,2.840620237288291,2.163012650461782,2.8140491372916783
C,21060,26,0.2518241148686858,0.004885757073355812,2.0490205683555556,1.4775062810873827,2.02494949836521
C,21140,44,0.1500760796056495,0.1749819158466048,2.072174125182751,1.4971031521459623,2.0539814193402415
C,21300,29,-1.243086153225474,-0.7126684081547037,3.4870911650819214,2.1498010600688735,3.6449642473364743
C,21340,10,0.9713090517040361,0.7818520635199304,1.3018841367344927,1.2419340227599238,1.5712585238766463
C,21420,32,-0.16828556524662674,-0.6851694154537085,3.924538334353555,1.889906252097438,3.866394785032223
C,21500,55,-0.5869374997457636,-0.3501372605679922,1.5931843162422856,1.204585595020816,1.6842155871045776
C,21660,68,0.16346396899563667,-0.13858226103411475,1.4035357379260693,1.074430163986993,1.402734377681766
C,21780,28,-0.16920829089621994,-0.46291417562740333,1.926506110935611,1.3601433276354824,1.899343655032813
C,21820,40,-0.5754289395559955,-0.7696024287134375,2.2996274014774696,1.9521840866745683,2.3424767865368286
C,22020,46,-0.327149040176273,-0.27227357879629954,1.5601775979387653,1.2083779791900644,1.5774232904687417
C,22140,46,-0.31935825684678104,-0.08262645530091206,2.274987574367468,1.7220773658148654,2.27267371213728
C,22180,44,-0.0043312013410201225,-0.026781996226848293,2.3825339121581526,1.8024792382916146,2.355308041234245
C,22220,37,1.0923245296051252,1.0323262909206896,1.4158771580320577,1.4285071766269752,1.7730481391925252
C,22380,54,-0.6813126373808692,-0.4311951195607265,4.042609275110289,2.1230487467222523,4.062540370047105
C,22420,54,-0.2830076704294122,-0.3116043489833258,2.057888654565834,1.4067514165995436,2.0582941665886425
C,22500,41,-0.8331811907213227,-0.5441267641895386,2.070553218252946,1.3574428090940043,2.2083513989120496
C,22520,43,-0.22561961042473183,-0.27813632379694314,2.1014801999466974,1.6028365090873413,2.08911954450166
C,22540,34,-0.480457424506704,-0.6587141730543671,1.6045105706345335,1.3725508095760448,1.6521423267109485
C,22660,62,0.12249038354039168,-0.003837967227440231,2.2623908694294323,1.5581764236723332,2.247412134141103
C,22900,43,0.4490078735560684,0.3322185308849965,2.1703690539499827,1.7407872981413142,2.1914751531023677
C,23060,33,-0.014114497173292967,0.011986947167501594,1.6407687916505047,1.024348851480492,1.6157790644889056
C,23420,56,0.6943852191449815,0.7245033528258977,1.7858461380577884,1.3188550002732724,1.9011750135894758
C,23460,32,0.1944414927113629,0.15527678504550196,1.9187454188280149,1.4006594928898284,1.8985104626825922
C,23540,33,-0.023976467987673115,0.2817843668331852,1.8337432013256332,1.3585790609547266,1.8059046490871553
C,23580,58,0.4274333275756895,0.4337935833886233,1.6635688175221401,1.356843945056847,1.7036565415879061
C,23900,34,-0.5022613981042625,-0.4200172946377119,1.865918930977273,1.5134987710164278,1.9056543224679863
C,24020,29,-0.05332127792652697,-0.4331478476095736,1.7384349423991603,1.3662948083773252,1.7090309915516277
C,24140,35,-0.007432218484735298,-0.13115055177446688,2.2667682504021878,1.4761715424146205,2.234163541530051
C,24220,36,-0.5163299222320837,-0.17535993096369973,1.8637515161595786,1.3094925623305462,1.9088421241602365
C,24260,14,0.2833048636474031,0.4089578031533523,2.37864359991072,1.5487448819217506,2.309560145520583
C,24300,57,0.11832509877099574,-0.06890219302865663,2.355626445366563,1.6326655420756564,2.3378679012819314
C,24340,37,0.15280330792709784,0.14943539514602966,1.5505232919004075,1.0345086606110172,1.5370410034967632
C,24420,46,0.7474773721266122,0.09302690386946183,2.6722977034856767,2.080786813194633,2.7467534477569155
C,24500,53,-0.17576699424944336,-0.12084668635375717,1.7740867063086012,1.3398646627021085,1.766038810660438
C,24540,63,0.8501810318046805,0.7048534177602956,2.343016041229196,1.7891837361668907,2.4749532273191606
C,24580,21,-0.3917542923368958,-0.4948316040980334,1.1753479664640496,0.9925881882235809,1.2120772563440234
C,24660,56,0.16069341394936082,0.11807657843220376,1.758131748372582,1.1913790079754774,1.749757898350384
C,24780,51,-0.2458860963038118,-0.3190117158357646,2.042677938998693,1.4803359827824552,2.03744417324567
C,24860,40,0.8037522563126469,0.7277560120855555,1.2935521378255428,1.1456234031871073,1.5091265336176676
C,25060,39,0.2889235629412352,0.0457580658086334,1.7709743895612151,1.1749595405599478,1.7718374292068044
C,25180,28,-0.741326084212114,-0.6720598494292087,2.011505130726025,1.7487592884051806,2.1097895140700125
C,25220,50,-0.09138127307743549,0.025193170022057287,2.641686583042165,1.6506915486051321,2.6167323860176728
C,25260,31,0.35253512797137393,-0.11541197675324255,3.5388997765345422,2.686190724512212,3.499156858632471
C,25420,49,-0.4160052045837026,-0.4224013247965601,1.6781805206832576,1.1710527429206783,1.7122718496127118
C,25500,41,-0.05803414548986808,0.04212992541551408,2.285452777620735,1.7540189340622028,2.258155206450101
C,25620,18,0.17209105176144546,0.3606082777063193,2.42111363756235,1.917099962275636,2.359184500386747
C,25860,35,0.23196655778679848,0.0018655186109839406,1.9878135197012108,1.5840677811916757,1.9728947909624437
C,25940,46,0.4414733373801046,0.2185550359582149,2.5486393061492305,1.816787649680504,2.5591508638804545
C,26140,51,0.4963798029371861,0.3838628067030436,6.309269733379714,2.7560457800331646,6.266797453955451
C,26300,48,-0.132224397022618,-0.21707321261912416,1.6309509996145015,1.2518727326737709,1.61928001389899
C,26380,60,-0.29810725069719146,-0.43899093580267734,1.8083224598659022,1.3583629713816794,1.8178001952340035
C,26420,27,1.4715961955232837,1.148771545159807,2.264129067263682,1.5307829808325115,2.664960329468189
C,26580,16,-0.4124816640576558,-0.4267797430570919,1.636689185498194,1.2858410581249844,1.637519662474345
C,26620,56,-0.3783445757211156,-0.4968166023993008,1.609184080236542,1.2185673778376451,1.6390172133210708
C,26820,13,0.6137679195346017,1.2925154350496708,3.159627190265972,2.5512762575514687,3.097097543796379
C,26900,23,0.14025745450304908,0.12916624789573206,0.7363152878545962,0.6056878874591712,0.7336621660732948
C,26980,50,-0.42368070105707095,-0.47929542979649453,1.6661579024223556,1.335115672589251,1.7029579704551092
C,27060,35,-0.7627606572967699,-0.8757482819876459,1.71767819866301,1.4847775829933205,1.856858784635323
C,27100,42,-0.06024128644286308,-0.1645403807314119,1.8286052596691444,1.2541964519014013,1.8077090444363437
C,27140,22,0.012233465694728435,0.006677466804685839,0.8271499138431647,0.679122445010665,0.8082250206586189
C,27180,16,-0.1224541648513568,-0.4676978261764133,1.686322066814648,1.3115032925143784,1.6373597660414596
C,27260,46,1.0266608139095805,1.0909163597527982,1.163260773639869,1.2722679477671393,1.5420088173676416
C,27340,49,1.1523672144329682,0.28463675392149046,3.055468756181689,2.074037493197146,3.2362495520946837
C,27500,46,0.3132637707888815,0.2823272518728146,2.0617737906647995,1.591319621242183,2.0631612253294875
C,27620,9,-0.02388652209278587,-0.669011830549544,1.9154167039977532,1.442644948846451,1.8060301551890032
C,27740,29,0.056876120347322257,-0.03577264255036372,1.787416507514343,1.1603398591395941,1.7572493149932262
C,27780,38,-0.9105101360765897,-0.5433010855556722,1.6308214542960267,1.4028302104755042,1.8489506247459715
C,27860,33,0.07948362584462224,0.09844493877462668,2.461142780858096,1.8597397129884865,2.4248689033748403
C,27900,36,0.02899767292365126,0.4163579139747664,2.569166901180784,1.781551608408454,2.5333986886063204
C,28020,51,-0.30989829175968325,-0.3559987648144869,1.5258281795745257,1.1434441415450733,1.542251131556799
C,28100,38,-0.5618783053454596,-0.3520843217140679,3.1242550952762644,2.1530440787358196,3.133657527781354
C,28140,10,-0.0751731105851293,-0.05707391902010217,0.841103396587987,0.6862826533454222,0.8014739097011878
C,28420,55,0.7608103135989233,0.5986351620552295,1.8682054931310461,1.506053608834776,2.001391032697135
C,28660,31,0.8154590024015171,0.6180463942142698,1.5540300936744105,1.3488199894910715,1.7326509698584935
C,28700,18,-0.20521022985866144,-0.35649454173516637,1.5679108543369475,1.1640283234683788,1.5374917866701145
C,28740,51,-0.3578735217758031,-0.24740109114960152,2.428468946007793,1.8411400635101252,2.4310282558718317
C,28940,10,-0.006358784520359784,0.16487051667148522,1.0033068349476455,0.7955363501147755,0.9518416773224276
C,29020,38,-0.43315731988113637,0.017911972204853632,3.1919281722065005,2.0757276881776607,3.179294699650486
C,29100,32,-0.3163474874933335,-0.43014987704383945,2.2078987204940708,1.6695263576057282,2.1960315273360655
C,29180,60,0.18661992590572082,0.07428209229077004,1.4394384504432503,1.040271204029757,1.4395405511768724
C,29200,12,-0.2872874430807066,0.062243154035574566,1.5918230993056965,1.2169393900021908,1.550895372404205
C,29340,23,-0.62124732903231,-0.5222878361465071,1.6658548337033232,1.4071019050054554,1.743664317533187
C,29420,55,-0.014516977603250648,-0.03440954983956068,2.8909468401419547,1.8607694248798612,2.8645817305389856
C,29460,63,1.3203382707336375,0.7773083023447747,2.9412647551693025,2.1398535536851746,3.202657246718522
C,29540,68,-0.13487543650506528,-0.23133289943871316,1.409227617286642,0.9954799461355014,1.4053145976550019
C,29620,47,-0.28519679360900513,-0.4130000276658672,1.9822826243397311,1.292655023667024,1.9817104767814502
C,29700,58,0.7305731949808336,0.3132713566300106,3.140742029665122,1.8586417752685764,3.1981126048477884
C,29740,55,-0.18964010986233532,-0.23183147881771582,1.699035018818845,1.2382028955527022,1.694165738157664
C,29820,68,1.9009270125109254,1.8807898503472096,1.3129131998940613,1.9809453829641788,2.304759302825507
C,29940,49,-0.5500866350978357,-0.8653544995723406,2.2227057677655253,1.8386331227302841,2.267640032992765
C,30020,17,0.13679201339095873,0.020725689149814208,2.870985982140438,2.12554898473606,2.7886226105385763
C,30140,41,-0.4775082967085678,-0.3430676762115805,1.433588347128514,1.1488715532767702,1.4943438324379
C,30300,19,-0.2791850000401451,-0.23888922794798262,2.150093098953378,1.4255264385595887,2.1112872979561152
C,30340,47,0.16867016396844897,0.3392034282437898,2.0073593836320107,1.5913229945099727,1.9930397520913583
C,30460,35,-0.2697372156124647,-0.24465481781828302,1.3849163628136565,1.1500083037476996,1.3913848094578194
C,30620,39,-0.8473440247373774,-0.39002166485187484,2.0291832652828004,1.3388460619567015,2.174855748060562
C,30700,39,-0.2756178605471835,-0.3544571671741341,1.5301423534160257,1.2914039494071632,1.5353392394058825
C,30780,18,-0.23850797802060952,-0.19309676744945703,1.0520660276114144,0.8265333596730606,1.049875091780755
C,30860,39,0.8994669599824511,0.750893828239577,2.797861045594402,2.1868932957750005,2.9045393122030148
C,30980,43,0.729599126540137,0.15423599507872782,2.620298050536265,1.651206141258435,2.690465243623687
C,31020,46,0.0325927686840162,-0.14330868962632337,1.9919371361919251,1.4558393804620884,1.970436252891203
C,31080,74,1.4114329700744985,1.0147580662697444,1.2621084873088158,1.4535121125379036,1.887732752822323
C,31140,8,0.0009636714354011033,-0.08654211641416865,0.7121050246401304,0.5117572628254474,0.6661139534761609
C,31180,4,1.2804924259702606,1.5952608626025162,1.170264554003433,1.4713255724209238,1.63303404671637
C,31340,29,-0.30324831602954866,-0.06992397373536896,1.525595533187918,1.1371361091187508,1.5294262521115327
C,31420,4,-0.3698720052611829,-0.6644171955534532,1.1087817154952317,0.969203173157465,1.0290058161829505
C,31540,38,-0.7807576964672467,-0.762106471637344,1.538954537309784,1.233065748768116,1.7075238888292978
C,31700,64,-0.6492788403554461,-0.9092953082679203,1.8769707592545708,1.580633041292613,1.9721904239053862
C,31740,26,-1.2227665237888703,-1.1947269321942864,3.041831199584011,2.329535388151867,3.223665695549533
C,31860,28,-0.4790847496877885,-0.08906697230545069,2.6752794146727754,1.9601504789443462,2.6703989809187756
C,31900,43,-0.46435990973033875,-0.5476960287093036,1.6530418447231907,1.3436175175536602,1.6984198107661839
C,32580,62,1.1169611927123149,1.0262646280136227,1.7209856730080693,1.599683705666176,2.04000567623424
C,32780,55,0.29913987362764155,0.31042971883799897,1.9272388387016808,1.5711486416215608,1.9329258639561226
C,32820,7,0.16792358519653908,0.21083224420882463,0.8231079566551373,0.6766616022980317,0.7803322152510968
C,32900,44,0.20075384906776542,-0.17606365336068586,2.680658264123374,2.1440351972078213,2.6576143954504468
C,33100,73,1.8936055682613586,1.5626115287310594,1.536546410636644,1.9161020219473088,2.431948765631377
C,33140,33,-0.6297652293187002,-0.5783425694676803,1.2018833644709321,1.021233764095684,1.340654475532826
C,33220,33,-1.8360508752160838,-1.3984109669870586,3.563803989766172,2.8078216277549988,3.9606706541823575
C,33260,24,1.1820625375223757,0.3981935966326646,2.977776865929546,1.9901526962497005,3.145625869612645
C,33340,56,-0.17366609520654558,-0.43987541599810287,1.2419223359653766,0.9991061996634555,1.2429757279716571
C,33460,36,-0.17766340875541486,-0.18274644911883753,0.6892229891499289,0.5165396032851456,0.7024225111914892
C,33540,25,-0.22138753081240176,-0.31451333991262853,1.65941501566083,1.2539658355354668,1.6408913142654573
C,33660,60,-0.04901699249840473,-0.11082378865019726,1.458821339015769,1.0426419755954355,1.4474436211479489
C,33700,56,0.3453898800382505,0.48357336246113514,2.220056444873598,1.610454676192442,2.2270907411848935
C,33740,26,-0.11277482321552781,-0.0589898487199442,2.3151607079971384,1.6778039419211273,2.2730012333398704
C,33780,33,-0.4823661441395759,-0.372444667221278,1.7069441716940477,1.3525808997749982,1.7487260572612489
C,33860,16,-0.22375390820216243,0.2842961424731012,1.6748035820552885,1.2851339240029052,1.6369857696378702
C,34060,33,-0.564003539240623,-0.567626542678072,1.6110723097873942,1.2353598245868638,1.683746070079276
C,34100,25,-0.8037368204140354,-0.41495639158061515,2.819907994768886,1.7045850138883103,2.877463940954306
C,34580,47,-0.3616224114854602,-0.3399716595736244,2.192823171618778,1.6282637836629708,2.1993035907934693
C,34620,35,-0.5286462371074337,-0.054338397889541756,1.4118682937669227,1.0428508640097003,1.488585044591787
C,34740,33,-0.22306073803165674,-0.3486789149663232,1.2322216448893033,1.0475193024558416,1.2337402714285177
C,34820,60,0.4185922571818076,0.3191049072121004,2.1420648791492405,1.687501388246731,2.1649913144896904
C,34900,62,-0.6792039210534049,-0.5306575628161028,1.7520576246408361,1.4258449654732657,1.8658811592995295
C,34940,61,0.6103108427684579,0.5096701690586505,2.09382066114171,1.4951842972501281,2.164415403882065
C,34980,15,0.7104215839104687,0.6973943037415422,0.9799261927784897,0.9550021170451676,1.1836119073805325
C,35380,26,-0.4607360379852903,-0.3961490687929261,1.371046999678502,1.1500532415151588,1.4211786413632377
C,35620,43,0.27687134861206536,0.16045556494595736,0.8770191700731828,0.6161027473708695,0.9099081632003745
C,35660,43,-0.5628490100139305,-0.5564506550058322,2.088467413606476,1.5121518590871208,2.139406541980714
C,35840,62,0.8901262626239761,0.9327853540984066,1.633627867015588,1.399357445680312,1.8487889489141762
C,36100,66,0.7800086281441644,0.4702418339913699,2.0118243441835713,1.5492738492076956,2.1434845102990323
C,36220,59,1.0336624939114976,0.5477792732138234,3.288303273546424,2.2086702474137017,3.420252392359907
C,36260,44,0.8858563851890793,0.9429137936637129,1.4432987387731608,1.3412217885395554,1.6794372114012965
C,36420,23,0.4742491838621993,0.28806918353493405,0.9371761774514936,0.6989164507453016,1.0320002687874226
C,36500,56,-0.2001182163472702,-0.278185027862913,2.291431606344127,1.646468500243057,2.27968075454966
C,36540,32,0.10451884959273479,0.015346057896461929,1.461104576356259,1.0925004131804128,1.441886764711121
C,36740,68,1.9944273589641726,1.5616169238368678,2.240008335242852,2.037615564831166,2.9869029190286227
C,36780,53,-0.255789664495336,-0.10280334030306992,1.9796062473594902,1.5059409891806719,1.9774551455873566
C,36980,10,-0.9136301902667203,-0.790639088168152,2.0683672017492842,1.752852304010884,2.164497336037111
C,37100,65,0.3581127674554595,-0.024818518281511714,2.2383349590726964,1.283065182003019,2.249735320912203
C,37340,62,0.3715449911915092,0.12493127248982949,1.8835637258410785,1.3667312111693044,1.9048976903239443
C,37460,23,1.6469757497942594,1.0921638640469782,2.605948269629812,2.258373144313461,3.0345075541836364
C,37620,14,0.21536300127728733,-0.4785212819469731,2.2581392401085605,1.8034779637907825,2.186628910198187
C,37860,57,0.7659621141692553,0.8006098866578615,1.889241889431028,1.6364501255254404,2.023194187587737
C,37900,16,-0.6051110447034449,-0.5951912565876656,1.0549730639709554,0.9824696404593412,1.1872518821925881
C,37980,44,0.22652533979733896,-0.00596009367890904,0.9284369208982884,0.6659987258166212,0.9453666207162732
C,38060,68,1.408849281977316,1.1921806144573157,1.6989961249797503,1.5930976049077739,2.1974972834920967
C,38300,66,-0.34145696886586735,-0.5273532695249337,1.3150776416053431,0.923926112421573,1.3490065204652597
C,38340,47,-0.8850987680104759,-0.8270402145904905,2.3106130223086048,1.6597014226869053,2.451272742609087
C,38540,44,-0.06154319972668066,-0.08450177716468146,3.116563666875778,2.156746663572967,3.0815592412981183
C,38860,52,-0.2816181517249887,-0.3863650245909256,1.1414644909900993,0.9305475296887725,1.1649864404094312
C,38900,32,0.018463968382819218,-0.046657861774401344,0.7220370027674372,0.48743233932999686,0.7109054484959006
C,38940,55,0.8601565548048384,0.9886538885422986,2.0270973175072244,1.654476540848052,2.1850129282054986
C,39150,15,-0.531285075186045,-0.5151040487968492,2.474756709226472,2.0247734244722166,2.449161056971574
C,39300,44,-0.23730129291624366,-0.20495809234803186,1.0816290507703745,0.8594143984478457,1.0952826960579614
C,39340,24,2.0514509013969597,1.7823474020006715,7.981419442612403,3.902053470177037,8.078193678444812
C,39380,52,0.11383103657465123,0.277539416555424,1.9341204118020603,1.4978883971749424,1.91881223471597
C,39460,53,0.4324306670545446,0.10637549830646886,2.306013790665188,1.8011936077603903,2.3247283561265015
C,39540,51,-0.5790911454840835,-0.4810456100807894,1.4466454071218364,1.1471631076067639,1.5450225012068985
C,39580,50,0.483757628472953,0.4785378377645193,1.0154964372998954,0.9031451986112777,1.115629775952211
C,39660,42,0.45617854311102624,0.07112617691511325,2.621998197991844,1.824431509939379,2.6304535586425346
C,39740,64,-0.5809131203412661,-0.6761554819348696,1.5028348371235394,1.1997061934102802,1.600213530282563
C,39820,58,0.7960640731486612,0.09461688048355685,2.564359112112018,1.9922082544530115,2.6638838993064065
C,39900,30,0.3043688634346229,0.6407683385257206,1.5474585470899578,1.2469875364744643,1.5515951237865462
C,40060,4,-0.2980100117887816,-0.4056078670468932,1.0785671644929276,0.9125562211248333,0.9804541362899567
C,40140,67,1.8412573340096379,1.499677423113388,1.9895495049694492,1.9968545861982017,2.699899366706052
C,40220,13,-0.5722648346682958,-0.7475598473839149,1.2075829851577122,1.1244488923645106,1.293665380747577
C,40340,29,-0.6504618707635014,-0.6924629409089293,1.601497266603003,1.3639255422591408,1.7027780199592135
C,40380,44,-0.14242068677393005,-0.3221720023303025,1.107561670186393,0.8602878919622537,1.1041273125226345
C,40420,56,-0.4582351355756876,-0.5187111887193656,2.396200343785754,1.6543532819383093,2.418516861877495
C,40580,31,-0.16617314783653636,0.021315033025997465,1.6064700468374085,1.2278690758564772,1.5890593617334325
C,40660,33,0.8161875508122419,0.7351909174427629,3.443438971694465,2.3268812287663376,3.487710251528778
C,40900,53,1.1092223486922137,0.9047264629559013,2.1219364846981277,1.2845987166945256,2.376559209109098
C,40980,43,-0.35092503675138514,-0.09975710917636293,1.6992884214419557,1.3274770427123301,1.7156854230644178
C,41060,43,-0.9239147902363236,-1.0324748725224326,1.7545675133350112,1.5406628563526146,1.9648237856681505
C,41100,56,1.3450707100980164,1.2368268428118743,2.7631123622126834,2.448366204235579,3.050847358846307
C,41140,11,-0.09426525774454761,0.19467065470269596,1.9684087982389362,1.5752487694269037,1.8791699641751562
C,41180,6,0.12444782788094184,0.2442034238337487,0.409970213896846,0.3750865546051004,0.39439858278118334
C,41420,56,0.6153603637423729,0.4424791224414055,1.9238373895742373,1.4698734375922498,2.0034287382182807
C,41500,72,0.10656878570604653,-0.32489669135714005,2.0909189049988774,1.5971882802398236,2.079080892737271
C,41540,30,-0.34061493940459603,-0.7582217076883007,2.3574717075406064,1.5932192766258553,2.3427410499394803
C,41620,51,0.9907434339877379,0.7108246222260064,1.5968247813496745,1.325196686774482,1.8658576814992751
C,41660,11,0.8965500223592695,-0.5967642516066589,5.771669365545343,3.798939885568773,5.575624661459771
C,41700,39,1.0874142368219994,0.917840376718762,0.9934596488156774,1.1277255924589864,1.4642831271398558
C,41740,68,0.8409566442599237,0.6577433284290564,1.0094128952399581,0.9572377827034927,1.3081049022954245
C,41860,59,-0.3141472336990042,-0.42222190728092457,0.9871515268960188,0.8068749289876025,1.0279300620135992
C,41940,49,-0.5352074933232303,-0.7691143910625851,1.6370467580625316,1.2286869890344516,1.7063636369427477
C,42020,66,0.4023786161302677,-0.1231630527693528,3.053980730058552,1.742181460573881,3.057350441891939
C,42100,57,-0.07995524059407365,-0.048109739002313745,1.869932055258121,1.3896163384820523,1.8551803327496186
C,42140,60,-0.43927759640841907,-0.5189210695094977,2.1946079093109976,1.5402403405282852,2.2201344443651543
C,42200,66,-0.4702948679922749,-0.5172762900991922,1.7877762063660827,1.461766504284013,1.8354548772010628
C,42220,64,-0.27672384457878796,-0.24159257013282076,2.0155791555823974,1.3908393937367554,2.0188258788235505
C,42340,27,0.17684867311118058,0.35326285065771046,1.72574832221085,1.3285680630372387,1.702697492736753
C,42540,44,-0.3154083737451097,-0.5680516219613629,1.4668720501839811,1.1252401410544886,1.4840126252014918
C,42660,68,0.1111497969554397,-0.0022936427614803634,0.8262122301220131,0.6449153524242831,0.8276124089042295
C,42680,55,0.09505147826495293,0.07058975330811101,1.9863985788358747,1.50928554463214,1.9705513582367722
C,42700,46,0.13201523806356982,-0.29559669900345364,3.371731391252678,2.4454132000556466,3.3374927289478435
C,43100,32,-0.28704560211082397,-0.44679787471535803,2.11756327003518,1.4471849480058896,2.1038873690057494
C,43300,53,0.7079558960976534,0.5055112268313264,2.398931261586031,1.9308448126496813,2.479413292132579
C,43340,54,0.12201167544551085,0.18903274369500522,2.3542686258661996,1.5314322379284886,2.335557155624284
C,43420,44,-0.13895357098144928,-0.2805371000195579,2.3235207583099213,1.7047562100256954,2.3011644823370982
C,43580,34,0.1563804408176321,-0.1082967659183629,2.0414957524445367,1.465107947701446,2.017320052303015
C,43620,19,-0.19536448992564923,0.1488091895543766,1.4351076499830147,1.1441032509396998,1.4104271432380475
C,43780,41,-0.1677562115073863,-0.18404873772375385,1.688163812448845,1.1661849697943765,1.6758667965646656
C,43900,33,0.3860921309839875,0.46812967098618685,1.4847368179421647,1.2516458911377757,1.512186905262393
C,44060,49,0.17822146113788853,0.029381049229690426,2.020091672455842,1.485806107771848,2.0072997350858843
C,44100,35,-0.7251076030228536,-1.0709925783513263,1.857906080186918,1.6888882298203693,1.9695107902631326
C,44140,59,-0.6243544643318206,-0.7209077759530622,1.311473253610958,1.1582996276672257,1.442438453506354
C,44180,26,0.8608802220519501,0.9886381448167969,1.4417531876544674,1.3959232210614636,1.655239815619582
C,44220,41,0.20956743894322555,-0.09865744596056913,2.6660061459193884,1.7595970727451997,2.641619097804354
C,44300,50,-1.3543990965027128,-1.2589337332613586,2.2835936039161484,1.9937416322007437,2.635317943910596
C,44420,30,-0.32412900428045127,-0.3136589463066777,1.6118592058389676,1.2399212657324015,1.6175743282918211
C,44700,61,0.48952887476472184,0.3876284393141747,2.1029610416340683,1.3837275641144289,2.142331571246663
C,44940,37,-0.7414580713066192,-0.6151925141684713,1.966575604304494,1.5462987498052292,2.076693242801168
C,45060,43,-0.4755741804608504,-0.6184004194473012,1.580647576427573,1.3323263819826068,1.6329464623630396
C,45220,37,0.10509569799304047,0.4618414312695469,2.0203469249205135,1.7086618784175884,1.9956271791062747
C,45300,60,1.4017889178397636,1.2002768220179183,1.448818695663254,1.4822730883033515,2.0072626110036924
C,45460,20,-0.5748822882157907,-0.48446775854619184,1.6365987683537402,1.3632524878993435,1.6955891004168298
C,45500,22,0.2501600792892063,-0.29345756881509866,2.807019764080978,2.065492914292936,2.7538676976102456
C,45780,40,-0.4507405570897225,-0.6110460968685034,1.1468644373375338,1.0347673422594144,1.2188447959007551
C,45820,14,-0.9051424303198895,-0.7545113298354975,1.876597959392431,1.573119117367497,2.0222162203148275
C,45940,62,-0.6091292962457623,-0.7088778561526774,2.000515025871482,1.519241915740847,2.075704580978792
C,46060,63,-0.172402295641576,-0.13691747154658174,1.249382864344415,0.992239848583872,1.251360455433667
C,46140,12,0.6159921205967351,0.32358673790763426,1.2226580662357058,1.0325676413009897,1.322786696331232
C,46220,17,-0.4124758679145572,-0.3975445986359061,1.7315603667430444,1.3877897816873594,1.7297592261251553
C,46300,16,1.4489657962329172,1.1342320705661613,1.9966860352496256,1.7557357038335315,2.416005961665597
C,46340,59,0.6572133324855065,0.6888869382686584,2.1714735897337136,1.6908541464392581,2.2510678838797062
C,46520,66,-0.5489655535371346,-0.8495065243210447,1.1819485806566195,1.1295790236143817,1.2950671498186164
C,46540,61,-0.07369543248632107,-0.3264951175442117,3.9237143331666338,1.9045430651708772,3.892117595734867
C,46700,62,0.19867963780020098,-0.008555913834777051,1.9989939675942379,1.4203819708521452,1.992736621060245
C,47020,12,0.8145717606181639,-0.019046587071857246,2.8664746393527265,2.2246955736176637,2.8627750417635958
C,47220,37,0.10372231122694517,-0.47414735024324545,2.375985456383009,1.9278425892049462,2.345951692794737
C,47260,8,0.2607951923642593,0.24435475636952342,0.4091488922848419,0.3643131761247269,0.463132374609015
C,47300,54,0.5989795735850036,0.4810249467128931,1.9375997800820026,1.5158703935486213,2.010856905552791
C,47380,24,0.3308133691104062,0.7939907627360343,1.7614196192632892,1.477738913287191,1.7557794846860015
C,47460,27,-0.13412572136928005,-0.5633264283258979,1.7938308868306916,1.4785767828268794,1.7654008322613919
C,47580,36,0.23221167125133282,0.35314371509344467,2.9112981408255334,2.2541888891980975,2.87995559204116
C,47900,5,-0.6586058585701997,-0.6183494576109663,0.36501191007586353,0.6586058585701997,0.7350840989579179
C,47940,21,-0.5595474361000721,-0.7116493215503521,1.966300440169932,1.6420510328885696,1.9988295196179524
C,48060,45,-0.18038090050166614,0.035069301193129565,2.8787015547428876,2.0696622300750342,2.852245794820643
C,48140,39,-0.48978438040457095,-0.20789161342700904,1.9341624142809486,1.331322411331428,1.9710277296784458
C,48260,16,-0.7648955372484878,-1.0922998217843685,1.7161567297534484,1.6297169450968685,1.8292579052482798
C,48300,47,0.07079229256955591,0.12126712344488233,2.4263218663997246,1.8753139734630835,2.401414838103958
C,48540,17,-0.9721150051219387,-0.7217491646824219,1.4033777118940776,1.309182417220826,1.6729092825510286
C,48620,35,0.13982283335224638,0.10035992951878381,1.2041041406229478,0.9101482688284849,1.1949863769128308
C,48660,18,0.3526758214556945,0.26370630399629524,1.5986967724439987,1.2017162414952185,1.5931795170611691
C,48700,43,-0.4941143737466199,-0.374083284384751,1.6871516675492637,1.2999150616763495,1.7390895712783276
C,48900,46,0.11558972835657988,0.21412372714180083,1.8754067149754334,1.4243068473487202,1.8585078804604407
C,49020,14,-0.1437693326071418,0.21478805712393756,1.9803174391638956,1.4819493523057017,1.9136897377301691
C,49180,29,0.36696434227744323,0.1886373405011934,2.3081133979705433,1.3671320846112622,2.297465401394523
C,49340,67,-0.17405741016423665,-0.3522918604440761,1.502810867438922,1.1614160888615779,1.5016752039346875
C,49420,63,0.13540746606084064,0.09706800440266877,2.2226615599821464,1.511026527544311,2.2091046447842997
C,49620,59,-0.3521456301396975,-0.4048902932482661,1.3882571868882632,1.0590111998471308,1.4207741451953773
C,49660,53,-0.3728329147660968,-0.5029046808216879,1.2499780382902135,0.989205788489925,1.2930465507420714
C,49700,36,1.2526582807770432,0.5078922017121617,3.243861766266981,2.2089348213845907,3.435039504119763
C,49740,54,0.289756280732728,-0.010407744480392944,2.6586613013401608,1.7651222871317647,2.6498190204728327
