fold,split_role,cbsa_code,sector_code,predictor_year,target_year,gap_p20,model,probability
fold_1,validation,10540,22,2014,2017,0,logistic,0.012392314226407011
fold_1,validation,10540,23,2014,2017,0,logistic,0.09260968627617899
fold_1,validation,10540,31-33,2014,2017,1,logistic,0.10778925834286013
fold_1,validation,10540,42,2014,2017,0,logistic,0.181741386974344
fold_1,validation,10540,44-45,2014,2017,0,logistic,0.14438040630743007
fold_1,validation,10540,48-49,2014,2017,1,logistic,0.18636321747833093
fold_1,validation,10540,52,2014,2017,0,logistic,0.1953385634066589
fold_1,validation,10540,53,2014,2017,1,logistic,0.14360290555464136
fold_1,validation,10540,54,2014,2017,1,logistic,0.19276642277309416
fold_1,validation,10540,55,2014,2017,0,logistic,0.016586756917686487
fold_1,validation,10540,56,2014,2017,0,logistic,0.2881220721945369
fold_1,validation,10540,62,2014,2017,0,logistic,0.13623221897352863
fold_1,validation,10540,72,2014,2017,0,logistic,0.38409903095570785
fold_1,validation,10540,81,2014,2017,0,logistic,0.14157543742957227
fold_1,validation,11260,21,2014,2017,0,logistic,0.09174445830122141
fold_1,validation,11260,22,2014,2017,0,logistic,0.012489341901388075
fold_1,validation,11260,23,2014,2017,0,logistic,0.09152529596373697
fold_1,validation,11260,42,2014,2017,1,logistic,0.21816625198696282
fold_1,validation,11260,44-45,2014,2017,0,logistic,0.12157849211915119
fold_1,validation,11260,48-49,2014,2017,0,logistic,0.5436863565456428
fold_1,validation,11260,51,2014,2017,0,logistic,0.3382667560014439
fold_1,validation,11260,52,2014,2017,0,logistic,0.16745822142714492
fold_1,validation,11260,53,2014,2017,0,logistic,0.14224731902699844
fold_1,validation,11260,54,2014,2017,0,logistic,0.23236236199788005
fold_1,validation,11260,56,2014,2017,0,logistic,0.26203524916471554
fold_1,validation,11260,61,2014,2017,0,logistic,0.5247399316803224
fold_1,validation,11260,62,2014,2017,0,logistic,0.08487227421847207
fold_1,validation,11260,71,2014,2017,0,logistic,0.3921071208522851
fold_1,validation,11260,72,2014,2017,0,logistic,0.1776359116267193
fold_1,validation,11260,81,2014,2017,0,logistic,0.07524894863061221
fold_1,validation,11500,22,2014,2017,0,logistic,0.012402045326817377
fold_1,validation,11500,23,2014,2017,0,logistic,0.22863225987311991
fold_1,validation,11500,44-45,2014,2017,1,logistic,0.15287252734105625
fold_1,validation,11500,48-49,2014,2017,0,logistic,0.5015635032039922
fold_1,validation,11500,54,2014,2017,1,logistic,0.2491014303030589
fold_1,validation,11500,55,2014,2017,0,logistic,0.017075043559445304
fold_1,validation,11500,56,2014,2017,0,logistic,0.23249896718451257
fold_1,validation,11500,62,2014,2017,0,logistic,0.16466625626474832
fold_1,validation,11500,72,2014,2017,1,logistic,0.12637932780826863
fold_1,validation,11500,81,2014,2017,1,logistic,0.11744528405139991
fold_1,validation,11540,23,2014,2017,1,logistic,0.23667167990741095
fold_1,validation,11540,31-33,2014,2017,1,logistic,0.21381312863192847
fold_1,validation,11540,42,2014,2017,0,logistic,0.19640345786955035
fold_1,validation,11540,44-45,2014,2017,0,logistic,0.22654133707587035
fold_1,validation,11540,52,2014,2017,0,logistic,0.17821764885054897
fold_1,validation,11540,53,2014,2017,0,logistic,0.16198740520894744
fold_1,validation,11540,56,2014,2017,0,logistic,0.4317361507516789
fold_1,validation,11540,71,2014,2017,1,logistic,0.11423844750048041
fold_1,validation,11540,72,2014,2017,0,logistic,0.1885462635794518
fold_1,validation,12980,23,2014,2017,1,logistic,0.29739026109468447
fold_1,validation,12980,44-45,2014,2017,0,logistic,0.15170781195097796
fold_1,validation,12980,62,2014,2017,1,logistic,0.2031816792534083
fold_1,validation,12980,72,2014,2017,1,logistic,0.38967643287851156
fold_1,validation,12980,81,2014,2017,1,logistic,0.17255198818731748
fold_1,validation,13780,23,2014,2017,0,logistic,0.057554421467185805
fold_1,validation,13780,31-33,2014,2017,0,logistic,0.14965285597441463
fold_1,validation,13780,44-45,2014,2017,0,logistic,0.1728279898632647
fold_1,validation,13780,56,2014,2017,1,logistic,0.31879727661157753
fold_1,validation,13780,62,2014,2017,1,logistic,0.1705009779287227
fold_1,validation,13780,72,2014,2017,0,logistic,0.17935468006592953
fold_1,validation,13780,81,2014,2017,1,logistic,0.1172254238901807
fold_1,validation,14260,23,2014,2017,0,logistic,0.0598292080867152
fold_1,validation,14260,31-33,2014,2017,0,logistic,0.09261072306105286
fold_1,validation,14260,44-45,2014,2017,0,logistic,0.07872090055919355
fold_1,validation,14260,81,2014,2017,0,logistic,0.060866535592000434
fold_1,validation,14500,23,2014,2017,0,logistic,0.134770062658014
fold_1,validation,14500,31-33,2014,2017,0,logistic,0.05728678744631926
fold_1,validation,14500,42,2014,2017,0,logistic,0.08452228631739231
fold_1,validation,14500,44-45,2014,2017,1,logistic,0.07787827398054396
fold_1,validation,14500,48-49,2014,2017,1,logistic,0.30634933045140417
fold_1,validation,14500,51,2014,2017,0,logistic,0.13273128515856095
fold_1,validation,14500,52,2014,2017,0,logistic,0.10541840161815458
fold_1,validation,14500,53,2014,2017,0,logistic,0.1590994227646939
fold_1,validation,14500,54,2014,2017,0,logistic,0.1090226497002955
fold_1,validation,14500,56,2014,2017,0,logistic,0.15333292284161695
fold_1,validation,14500,61,2014,2017,0,logistic,0.11965850523616964
fold_1,validation,14500,62,2014,2017,0,logistic,0.09185596247777009
fold_1,validation,14500,71,2014,2017,1,logistic,0.07552447154238749
fold_1,validation,14500,72,2014,2017,0,logistic,0.15537593829011484
fold_1,validation,14500,81,2014,2017,0,logistic,0.05862476152100557
fold_1,validation,15980,23,2014,2017,0,logistic,0.047008357539104526
fold_1,validation,15980,31-33,2014,2017,0,logistic,0.03400172952604464
fold_1,validation,15980,42,2014,2017,0,logistic,0.08355902708989832
fold_1,validation,15980,44-45,2014,2017,0,logistic,0.03529543487928199
fold_1,validation,15980,48-49,2014,2017,0,logistic,0.13480632429213574
fold_1,validation,15980,51,2014,2017,0,logistic,0.10042746963491372
fold_1,validation,15980,52,2014,2017,0,logistic,0.09822287680688162
fold_1,validation,15980,53,2014,2017,0,logistic,0.04202956040574156
fold_1,validation,15980,54,2014,2017,0,logistic,0.0947447938478044
fold_1,validation,15980,56,2014,2017,0,logistic,0.11432602282942346
fold_1,validation,15980,61,2014,2017,0,logistic,0.12498465561492994
fold_1,validation,15980,62,2014,2017,0,logistic,0.08213197801458572
fold_1,validation,15980,71,2014,2017,0,logistic,0.2809339457621826
fold_1,validation,15980,72,2014,2017,0,logistic,0.054527282754019905
fold_1,validation,15980,81,2014,2017,0,logistic,0.035879373868376335
fold_1,validation,16180,23,2014,2017,0,logistic,0.12437328946386204
fold_1,validation,16180,42,2014,2017,0,logistic,0.08431579774909884
fold_1,validation,16180,44-45,2014,2017,0,logistic,0.13002528198115382
fold_1,validation,16180,53,2014,2017,0,logistic,0.26962817807210854
fold_1,validation,16180,54,2014,2017,0,logistic,0.1289840543197614
fold_1,validation,16180,55,2014,2017,0,logistic,0.017025506305244544
fold_1,validation,16180,56,2014,2017,0,logistic,0.27115263325039496
fold_1,validation,16180,62,2014,2017,0,logistic,0.21224472585391072
fold_1,validation,16180,72,2014,2017,1,logistic,0.40845189730034387
fold_1,validation,16180,81,2014,2017,0,logistic,0.07120620319904883
fold_1,validation,16540,21,2014,2017,1,logistic,0.7488571759631221
fold_1,validation,16540,23,2014,2017,1,logistic,0.1860843996607449
fold_1,validation,16540,31-33,2014,2017,0,logistic,0.12582865107184948
fold_1,validation,16540,44-45,2014,2017,1,logistic,0.20249061979016286
fold_1,validation,16540,48-49,2014,2017,0,logistic,0.6250745207482977
fold_1,validation,16540,54,2014,2017,1,logistic,0.26330795508600097
fold_1,validation,16540,55,2014,2017,0,logistic,0.016602927652795068
fold_1,validation,16540,56,2014,2017,1,logistic,0.3027075672635429
fold_1,validation,16540,62,2014,2017,0,logistic,0.1433553966880381
fold_1,validation,16540,72,2014,2017,0,logistic,0.2490284604452314
fold_1,validation,16540,81,2014,2017,1,logistic,0.19769334017595597
fold_1,validation,16620,44-45,2014,2017,1,logistic,0.22253032550068297
fold_1,validation,16620,81,2014,2017,0,logistic,0.14825503857784877
fold_1,validation,17300,23,2014,2017,0,logistic,0.0959516062537347
fold_1,validation,17300,31-33,2014,2017,0,logistic,0.22148577325227536
fold_1,validation,17300,44-45,2014,2017,0,logistic,0.09838725332150997
fold_1,validation,17300,52,2014,2017,0,logistic,0.2006403428118614
fold_1,validation,19140,23,2014,2017,0,logistic,0.1638777043853394
fold_1,validation,19140,31-33,2014,2017,0,logistic,0.20091182779458908
fold_1,validation,19140,42,2014,2017,0,logistic,0.18689728239617057
fold_1,validation,19140,44-45,2014,2017,0,logistic,0.13940206445229297
fold_1,validation,19140,52,2014,2017,0,logistic,0.13171825596293213
fold_1,validation,19140,56,2014,2017,1,logistic,0.5011178744763132
fold_1,validation,19140,81,2014,2017,0,logistic,0.13722369587290584
fold_1,validation,19300,22,2014,2017,0,logistic,0.012307945776537255
fold_1,validation,19300,23,2014,2017,0,logistic,0.08720402600891417
fold_1,validation,19300,31-33,2014,2017,0,logistic,0.07697013171846989
fold_1,validation,19300,42,2014,2017,0,logistic,0.15864221410864587
fold_1,validation,19300,44-45,2014,2017,0,logistic,0.09978672739700128
fold_1,validation,19300,48-49,2014,2017,0,logistic,0.237369094980011
fold_1,validation,19300,52,2014,2017,0,logistic,0.161979905074521
fold_1,validation,19300,53,2014,2017,0,logistic,0.08051498388069296
fold_1,validation,19300,54,2014,2017,0,logistic,0.12341771997561125
fold_1,validation,19300,56,2014,2017,0,logistic,0.10142724680910603
fold_1,validation,19300,62,2014,2017,0,logistic,0.07660361550365496
fold_1,validation,19300,71,2014,2017,0,logistic,0.04834857039265409
fold_1,validation,19300,72,2014,2017,0,logistic,0.15202224752149593
fold_1,validation,19300,81,2014,2017,0,logistic,0.05866665027100326
fold_1,validation,20940,23,2014,2017,1,logistic,0.06452539646029412
fold_1,validation,20940,42,2014,2017,1,logistic,0.2143355538269843
fold_1,validation,20940,44-45,2014,2017,0,logistic,0.18331389446720817
fold_1,validation,20940,48-49,2014,2017,0,logistic,0.6180189829696182
fold_1,validation,20940,53,2014,2017,0,logistic,0.2561791220229951
fold_1,validation,20940,54,2014,2017,1,logistic,0.29266417511349335
fold_1,validation,20940,55,2014,2017,0,logistic,0.017022582008051453
fold_1,validation,20940,56,2014,2017,1,logistic,0.2976508723620243
fold_1,validation,20940,62,2014,2017,1,logistic,0.11824250265961014
fold_1,validation,20940,72,2014,2017,0,logistic,0.07412906710851704
fold_1,validation,20940,81,2014,2017,0,logistic,0.11041469019949632
fold_1,validation,21660,21,2014,2017,1,logistic,0.7536993756151864
fold_1,validation,21660,23,2014,2017,0,logistic,0.18876777313748516
fold_1,validation,21660,31-33,2014,2017,0,logistic,0.14074042479737747
fold_1,validation,21660,42,2014,2017,0,logistic,0.16531823953785557
fold_1,validation,21660,44-45,2014,2017,0,logistic,0.13954932183784288
fold_1,validation,21660,48-49,2014,2017,1,logistic,0.4297969346315432
fold_1,validation,21660,51,2014,2017,0,logistic,0.21285679835185758
fold_1,validation,21660,52,2014,2017,1,logistic,0.14742062913037948
fold_1,validation,21660,53,2014,2017,0,logistic,0.20175477871951072
fold_1,validation,21660,54,2014,2017,0,logistic,0.24514121158995553
fold_1,validation,21660,56,2014,2017,0,logistic,0.24261574506704042
fold_1,validation,21660,61,2014,2017,0,logistic,0.4283483210954335
fold_1,validation,21660,62,2014,2017,0,logistic,0.1054157403075192
fold_1,validation,21660,71,2014,2017,0,logistic,0.15533712053366247
fold_1,validation,21660,72,2014,2017,0,logistic,0.16971706098859682
fold_1,validation,21660,81,2014,2017,0,logistic,0.09139420485683261
fold_1,validation,21780,23,2014,2017,0,logistic,0.22025799383811206
fold_1,validation,21780,31-33,2014,2017,0,logistic,0.15042737026203895
fold_1,validation,21780,44-45,2014,2017,0,logistic,0.1479416513904347
fold_1,validation,21780,52,2014,2017,0,logistic,0.17168535067318494
fold_1,validation,21780,53,2014,2017,0,logistic,0.15969152107654241
fold_1,validation,21780,72,2014,2017,1,logistic,0.2518826599328494
fold_1,validation,21780,81,2014,2017,0,logistic,0.14387178927100155
fold_1,validation,22380,22,2014,2017,0,logistic,0.01373284126378554
fold_1,validation,22380,23,2014,2017,0,logistic,0.18254927648902053
fold_1,validation,22380,31-33,2014,2017,0,logistic,0.08878534423082102
fold_1,validation,22380,42,2014,2017,1,logistic,0.07499189042723715
fold_1,validation,22380,44-45,2014,2017,1,logistic,0.11586634280154218
fold_1,validation,22380,54,2014,2017,0,logistic,0.21912610170321487
fold_1,validation,22380,55,2014,2017,0,logistic,0.018079501457989172
fold_1,validation,22380,56,2014,2017,1,logistic,0.2864645525892649
fold_1,validation,22380,62,2014,2017,0,logistic,0.09957115267445638
fold_1,validation,22380,71,2014,2017,1,logistic,0.24646044774024026
fold_1,validation,22380,72,2014,2017,1,logistic,0.2998358483759751
fold_1,validation,22380,81,2014,2017,1,logistic,0.08798036626390089
fold_1,validation,22420,23,2014,2017,0,logistic,0.16979016096876726
fold_1,validation,22420,31-33,2014,2017,0,logistic,0.15094448583982037
fold_1,validation,22420,42,2014,2017,1,logistic,0.20377427396733613
fold_1,validation,22420,44-45,2014,2017,0,logistic,0.11078211240203431
fold_1,validation,22420,51,2014,2017,1,logistic,0.14478549531139784
fold_1,validation,22420,52,2014,2017,0,logistic,0.1611333928468782
fold_1,validation,22420,53,2014,2017,0,logistic,0.17240928501888894
fold_1,validation,22420,54,2014,2017,0,logistic,0.26775340420128607
fold_1,validation,22420,56,2014,2017,0,logistic,0.2197165448752416
fold_1,validation,22420,61,2014,2017,0,logistic,0.3696652180891119
fold_1,validation,22420,62,2014,2017,0,logistic,0.14516572497445557
fold_1,validation,22420,72,2014,2017,0,logistic,0.25822376469406977
fold_1,validation,22420,81,2014,2017,0,logistic,0.09360775051734449
fold_1,validation,22500,23,2014,2017,0,logistic,0.22353982291536065
fold_1,validation,22500,42,2014,2017,0,logistic,0.19620797127182465
fold_1,validation,22500,44-45,2014,2017,0,logistic,0.10355441795361695
fold_1,validation,22500,52,2014,2017,0,logistic,0.2767846382872776
fold_1,validation,22500,53,2014,2017,0,logistic,0.2112255585120245
fold_1,validation,22500,54,2014,2017,0,logistic,0.34551299394997026
fold_1,validation,22500,56,2014,2017,0,logistic,0.16510414596467804
fold_1,validation,22500,62,2014,2017,0,logistic,0.1471632062636546
fold_1,validation,22500,72,2014,2017,0,logistic,0.20199263919608318
fold_1,validation,22500,81,2014,2017,0,logistic,0.16195155818378176
fold_1,validation,22540,21,2014,2017,1,logistic,0.750156369857574
fold_1,validation,22540,23,2014,2017,0,logistic,0.24254460903674596
fold_1,validation,22540,31-33,2014,2017,1,logistic,0.16586899562436536
fold_1,validation,22540,44-45,2014,2017,1,logistic,0.1870516539689817
fold_1,validation,22540,51,2014,2017,1,logistic,0.6567863661317385
fold_1,validation,22540,54,2014,2017,0,logistic,0.3203819212933508
fold_1,validation,22540,62,2014,2017,0,logistic,0.17095222178521
fold_1,validation,22540,72,2014,2017,1,logistic,0.3301941332485837
fold_1,validation,22540,81,2014,2017,0,logistic,0.1770999052824262
fold_1,validation,22660,23,2014,2017,0,logistic,0.053728548616502045
fold_1,validation,22660,31-33,2014,2017,0,logistic,0.05324126004675494
fold_1,validation,22660,42,2014,2017,0,logistic,0.1221644070883101
fold_1,validation,22660,44-45,2014,2017,0,logistic,0.11182811569455535
fold_1,validation,22660,48-49,2014,2017,0,logistic,0.24391816289796417
fold_1,validation,22660,51,2014,2017,0,logistic,0.11109234649543633
fold_1,validation,22660,52,2014,2017,0,logistic,0.1243553681478899
fold_1,validation,22660,53,2014,2017,0,logistic,0.06922564221224567
fold_1,validation,22660,54,2014,2017,0,logistic,0.0920214889920689
fold_1,validation,22660,56,2014,2017,0,logistic,0.1523901936730634
fold_1,validation,22660,61,2014,2017,0,logistic,0.05740851885319044
fold_1,validation,22660,62,2014,2017,0,logistic,0.073951174885889
fold_1,validation,22660,71,2014,2017,0,logistic,0.1932396045815847
fold_1,validation,22660,72,2014,2017,0,logistic,0.2221998035228628
fold_1,validation,22660,81,2014,2017,0,logistic,0.058401866268922596
fold_1,validation,23540,23,2014,2017,0,logistic,0.09946943586016713
fold_1,validation,23540,31-33,2014,2017,0,logistic,0.03799931242852687
fold_1,validation,23540,42,2014,2017,0,logistic,0.08567041158968634
fold_1,validation,23540,44-45,2014,2017,0,logistic,0.06714138123275708
fold_1,validation,23540,52,2014,2017,1,logistic,0.14372827563332413
fold_1,validation,23540,53,2014,2017,0,logistic,0.10210173021944084
fold_1,validation,24220,21,2014,2017,1,logistic,0.7490045539875545
fold_1,validation,24220,22,2014,2017,0,logistic,0.012372311280815554
fold_1,validation,24220,23,2014,2017,1,logistic,0.1291343172234802
fold_1,validation,24220,44-45,2014,2017,0,logistic,0.279050696486535
fold_1,validation,24220,48-49,2014,2017,0,logistic,0.3896405293116144
fold_1,validation,24220,54,2014,2017,0,logistic,0.30634134076816594
fold_1,validation,24220,72,2014,2017,1,logistic,0.2852402854020647
fold_1,validation,24220,81,2014,2017,0,logistic,0.10480150999248082
fold_1,validation,24500,22,2014,2017,0,logistic,0.01257445129100979
fold_1,validation,24500,23,2014,2017,0,logistic,0.14853606705903194
fold_1,validation,24500,44-45,2014,2017,0,logistic,0.25521906108982145
fold_1,validation,24500,52,2014,2017,0,logistic,0.17598933041944065
fold_1,validation,24500,53,2014,2017,0,logistic,0.27133540111844845
fold_1,validation,24500,54,2014,2017,1,logistic,0.39780465711176416
fold_1,validation,24500,55,2014,2017,0,logistic,0.016458577128792087
fold_1,validation,24500,56,2014,2017,1,logistic,0.28650245301968763
fold_1,validation,24500,62,2014,2017,0,logistic,0.057566133545428166
fold_1,validation,24500,72,2014,2017,0,logistic,0.2967285796108126
fold_1,validation,24500,81,2014,2017,0,logistic,0.16339853599527376
fold_1,validation,25500,23,2014,2017,0,logistic,0.25372577092697396
fold_1,validation,25500,44-45,2014,2017,0,logistic,0.17048896090797144
fold_1,validation,25500,48-49,2014,2017,0,logistic,0.3884983109550397
fold_1,validation,25500,52,2014,2017,0,logistic,0.21764725358923917
fold_1,validation,25500,53,2014,2017,1,logistic,0.23288344855280232
fold_1,validation,25500,54,2014,2017,0,logistic,0.1803159032407929
fold_1,validation,25500,56,2014,2017,0,logistic,0.3128044023957912
fold_1,validation,25500,62,2014,2017,0,logistic,0.17512278499762018
fold_1,validation,25500,72,2014,2017,0,logistic,0.14547176613968826
fold_1,validation,25500,81,2014,2017,1,logistic,0.12125598036354081
fold_1,validation,26140,23,2014,2017,1,logistic,0.08079321786672689
fold_1,validation,26140,42,2014,2017,0,logistic,0.043479101787881426
fold_1,validation,26140,44-45,2014,2017,0,logistic,0.0924005707480828
fold_1,validation,26140,53,2014,2017,0,logistic,0.026620065615756968
fold_1,validation,26140,54,2014,2017,0,logistic,0.16313152950002308
fold_1,validation,26140,55,2014,2017,0,logistic,0.019248998786481536
fold_1,validation,26140,56,2014,2017,1,logistic,0.07038140445636676
fold_1,validation,26140,62,2014,2017,1,logistic,0.19322697684409304
fold_1,validation,26140,72,2014,2017,1,logistic,0.07826886212732881
fold_1,validation,26140,81,2014,2017,0,logistic,0.07533286496970786
fold_1,validation,27060,23,2014,2017,0,logistic,0.10680020950461108
fold_1,validation,27060,31-33,2014,2017,0,logistic,0.03795975235760923
fold_1,validation,27060,44-45,2014,2017,1,logistic,0.15863581098711824
fold_1,validation,27060,53,2014,2017,0,logistic,0.260038572653692
fold_1,validation,27060,54,2014,2017,0,logistic,0.20559044085000788
fold_1,validation,27060,55,2014,2017,0,logistic,0.009946353556743113
fold_1,validation,27060,72,2014,2017,1,logistic,0.41570052931694257
fold_1,validation,27060,81,2014,2017,1,logistic,0.10594297232406073
fold_1,validation,27180,31-33,2014,2017,0,logistic,0.20673405356599325
fold_1,validation,27180,44-45,2014,2017,0,logistic,0.10581183958899372
fold_1,validation,27180,52,2014,2017,0,logistic,0.18273473198090714
fold_1,validation,27180,53,2014,2017,0,logistic,0.25387031440512414
fold_1,validation,27180,56,2014,2017,0,logistic,0.3060701266704249
fold_1,validation,27780,21,2014,2017,1,logistic,0.7623172858979235
fold_1,validation,27780,22,2014,2017,0,logistic,0.012711017846164368
fold_1,validation,27780,23,2014,2017,1,logistic,0.2759260786710566
fold_1,validation,27780,44-45,2014,2017,1,logistic,0.2639601030372052
fold_1,validation,27780,48-49,2014,2017,1,logistic,0.49913910905276365
fold_1,validation,27780,54,2014,2017,1,logistic,0.33934988827959744
fold_1,validation,27780,55,2014,2017,0,logistic,0.016486894454936184
fold_1,validation,27780,62,2014,2017,0,logistic,0.25508329467969776
fold_1,validation,27780,72,2014,2017,0,logistic,0.315888380481405
fold_1,validation,27780,81,2014,2017,1,logistic,0.1638250511569895
fold_1,validation,28100,22,2014,2017,0,logistic,0.012414775422434904
fold_1,validation,28100,23,2014,2017,1,logistic,0.1983200552506175
fold_1,validation,28100,31-33,2014,2017,1,logistic,0.13204331446509987
fold_1,validation,28100,44-45,2014,2017,0,logistic,0.1393446111382201
fold_1,validation,28100,56,2014,2017,1,logistic,0.2696940185207512
fold_1,validation,28100,62,2014,2017,0,logistic,0.18172279186580448
fold_1,validation,28100,72,2014,2017,0,logistic,0.18498106462341413
fold_1,validation,28100,81,2014,2017,0,logistic,0.09257938999705877
fold_1,validation,28660,23,2014,2017,0,logistic,0.14557011290418131
fold_1,validation,28660,31-33,2014,2017,0,logistic,0.10074009847421626
fold_1,validation,28660,44-45,2014,2017,0,logistic,0.1257700961179396
fold_1,validation,28660,52,2014,2017,0,logistic,0.1224614613004873
fold_1,validation,28660,53,2014,2017,0,logistic,0.2934713875437791
fold_1,validation,28660,81,2014,2017,0,logistic,0.08422314509653454
fold_1,validation,29180,21,2014,2017,0,logistic,0.1649188454628454
fold_1,validation,29180,22,2014,2017,0,logistic,0.012792527806746142
fold_1,validation,29180,23,2014,2017,0,logistic,0.15255960989226844
fold_1,validation,29180,31-33,2014,2017,0,logistic,0.08470206064650548
fold_1,validation,29180,42,2014,2017,0,logistic,0.19561561962841584
fold_1,validation,29180,44-45,2014,2017,0,logistic,0.1329694171792009
fold_1,validation,29180,48-49,2014,2017,1,logistic,0.39795754048552956
fold_1,validation,29180,51,2014,2017,0,logistic,0.27377429556463695
fold_1,validation,29180,52,2014,2017,0,logistic,0.22479921160564695
fold_1,validation,29180,53,2014,2017,0,logistic,0.1324707102466622
fold_1,validation,29180,71,2014,2017,0,logistic,0.36355997471442786
fold_1,validation,29180,72,2014,2017,0,logistic,0.1456568400114059
fold_1,validation,29180,81,2014,2017,0,logistic,0.09012591478645705
fold_1,validation,29540,21,2014,2017,1,logistic,0.7556800706143654
fold_1,validation,29540,23,2014,2017,0,logistic,0.1784147089324919
fold_1,validation,29540,31-33,2014,2017,0,logistic,0.11976228870612605
fold_1,validation,29540,42,2014,2017,0,logistic,0.21227433370111357
fold_1,validation,29540,44-45,2014,2017,0,logistic,0.11463960061867703
fold_1,validation,29540,48-49,2014,2017,1,logistic,0.4565946989381912
fold_1,validation,29540,52,2014,2017,0,logistic,0.17222893991341082
fold_1,validation,29540,53,2014,2017,0,logistic,0.23870671807057442
fold_1,validation,29540,54,2014,2017,0,logistic,0.21417167126626208
fold_1,validation,29540,56,2014,2017,1,logistic,0.2726080674605472
fold_1,validation,29540,61,2014,2017,1,logistic,0.46648433974475617
fold_1,validation,29540,62,2014,2017,0,logistic,0.16797038638466158
fold_1,validation,29540,71,2014,2017,1,logistic,0.16505798543202818
fold_1,validation,29540,72,2014,2017,0,logistic,0.25691873063038984
fold_1,validation,29540,81,2014,2017,0,logistic,0.12290465490102734
fold_1,validation,30300,23,2014,2017,0,logistic,0.1628710876249203
fold_1,validation,30300,44-45,2014,2017,0,logistic,0.16895463542244793
fold_1,validation,30300,72,2014,2017,0,logistic,0.24664507309092348
fold_1,validation,30300,81,2014,2017,0,logistic,0.11865227807336697
fold_1,validation,30700,23,2014,2017,0,logistic,0.1155586028108904
fold_1,validation,30700,31-33,2014,2017,0,logistic,0.12912585327044815
fold_1,validation,30700,44-45,2014,2017,0,logistic,0.14327524625953486
fold_1,validation,30700,51,2014,2017,1,logistic,0.3223771141884497
fold_1,validation,30700,52,2014,2017,0,logistic,0.17503220707087475
fold_1,validation,30700,53,2014,2017,0,logistic,0.15141820450432997
fold_1,validation,30700,56,2014,2017,1,logistic,0.27630971059223824
fold_1,validation,30700,71,2014,2017,0,logistic,0.37635108515055504
fold_1,validation,30700,72,2014,2017,1,logistic,0.12936227775543402
fold_1,validation,30700,81,2014,2017,0,logistic,0.11050486271278231
fold_1,validation,30780,23,2014,2017,0,logistic,0.1549237250160437
fold_1,validation,30780,31-33,2014,2017,0,logistic,0.15722946691989795
fold_1,validation,30780,42,2014,2017,0,logistic,0.20235607662903887
fold_1,validation,30780,44-45,2014,2017,0,logistic,0.07203633502793604
fold_1,validation,30780,54,2014,2017,1,logistic,0.20586781327004938
fold_1,validation,31080,11,2014,2017,0,logistic,0.08983970564126659
fold_1,validation,31080,21,2014,2017,0,logistic,0.16733290273977555
fold_1,validation,31080,22,2014,2017,0,logistic,0.0018928914263087373
fold_1,validation,31080,23,2014,2017,0,logistic,0.0836034701419421
fold_1,validation,31080,31-33,2014,2017,0,logistic,0.07205130356110877
fold_1,validation,31080,42,2014,2017,0,logistic,0.04839430978115443
fold_1,validation,31080,44-45,2014,2017,0,logistic,0.03816802558015766
fold_1,validation,31080,48-49,2014,2017,0,logistic,0.1923852017255246
fold_1,validation,31080,51,2014,2017,0,logistic,0.054542119376011534
fold_1,validation,31080,52,2014,2017,0,logistic,0.059047046534423636
fold_1,validation,31080,53,2014,2017,0,logistic,0.08318840139577811
fold_1,validation,31080,54,2014,2017,0,logistic,0.09210598055163839
fold_1,validation,31080,55,2014,2017,0,logistic,0.008168670849735457
fold_1,validation,31080,56,2014,2017,0,logistic,0.1342500990672976
fold_1,validation,31080,61,2014,2017,0,logistic,0.1858456803544092
fold_1,validation,31080,62,2014,2017,0,logistic,0.08316974210545845
fold_1,validation,31080,71,2014,2017,0,logistic,0.11829214854312416
fold_1,validation,31080,72,2014,2017,0,logistic,0.10174676904378241
fold_1,validation,31080,81,2014,2017,0,logistic,0.04414530099284792
fold_1,validation,31140,23,2014,2017,0,logistic,0.15319680231811775
fold_1,validation,31140,44-45,2014,2017,0,logistic,0.08009991535018196
fold_1,validation,31340,31-33,2014,2017,1,logistic,0.15760234265884634
fold_1,validation,31340,42,2014,2017,0,logistic,0.23721778324738832
fold_1,validation,31340,44-45,2014,2017,0,logistic,0.17834934891295545
fold_1,validation,31340,52,2014,2017,0,logistic,0.1507199829599254
fold_1,validation,31340,81,2014,2017,0,logistic,0.08943343976149498
fold_1,validation,31900,23,2014,2017,0,logistic,0.13897930790343643
fold_1,validation,31900,31-33,2014,2017,1,logistic,0.1638699507962253
fold_1,validation,31900,44-45,2014,2017,0,logistic,0.2353985173644739
fold_1,validation,31900,53,2014,2017,1,logistic,0.33564307617313316
fold_1,validation,31900,54,2014,2017,1,logistic,0.44992313533598505
fold_1,validation,31900,56,2014,2017,0,logistic,0.37480013039750604
fold_1,validation,31900,62,2014,2017,1,logistic,0.19365805461535562
fold_1,validation,31900,72,2014,2017,1,logistic,0.34130722536781455
fold_1,validation,31900,81,2014,2017,0,logistic,0.16687401483899372
fold_1,validation,33100,11,2014,2017,0,logistic,0.11592782116442898
fold_1,validation,33100,22,2014,2017,0,logistic,0.0007646750602145207
fold_1,validation,33100,23,2014,2017,0,logistic,0.053939395530438965
fold_1,validation,33100,31-33,2014,2017,0,logistic,0.05861529213137056
fold_1,validation,33100,42,2014,2017,0,logistic,0.0411777953674512
fold_1,validation,33100,44-45,2014,2017,0,logistic,0.027545937793158223
fold_1,validation,33100,48-49,2014,2017,0,logistic,0.14502896290959888
fold_1,validation,33100,51,2014,2017,0,logistic,0.05633842899467871
fold_1,validation,33100,52,2014,2017,0,logistic,0.04982522312123679
fold_1,validation,33100,53,2014,2017,0,logistic,0.03135277659082729
fold_1,validation,33100,54,2014,2017,0,logistic,0.07680257281261141
fold_1,validation,33100,55,2014,2017,0,logistic,0.004953376299254678
fold_1,validation,33100,56,2014,2017,0,logistic,0.13336650588566065
fold_1,validation,33100,61,2014,2017,0,logistic,0.13295546187399265
fold_1,validation,33100,62,2014,2017,0,logistic,0.059324231927940486
fold_1,validation,33100,71,2014,2017,0,logistic,0.07595923283297691
fold_1,validation,33100,72,2014,2017,0,logistic,0.05777889609037496
fold_1,validation,33100,81,2014,2017,0,logistic,0.03261435300242122
fold_1,validation,33700,23,2014,2017,0,logistic,0.05657008462344905
fold_1,validation,33700,31-33,2014,2017,0,logistic,0.11988357129899824
fold_1,validation,33700,44-45,2014,2017,0,logistic,0.11097179823131569
fold_1,validation,33700,48-49,2014,2017,1,logistic,0.1408803871827422
fold_1,validation,33700,52,2014,2017,0,logistic,0.12747697445556114
fold_1,validation,33700,53,2014,2017,0,logistic,0.10190896978583341
fold_1,validation,33700,54,2014,2017,0,logistic,0.19359068172059385
fold_1,validation,33700,56,2014,2017,0,logistic,0.3336795023283351
fold_1,validation,33700,61,2014,2017,1,logistic,0.5387200565569324
fold_1,validation,33700,62,2014,2017,0,logistic,0.1435054180909341
fold_1,validation,33700,71,2014,2017,1,logistic,0.2189319372397401
fold_1,validation,33700,72,2014,2017,0,logistic,0.191930196686069
fold_1,validation,33700,81,2014,2017,0,logistic,0.07245174289555291
fold_1,validation,34060,22,2014,2017,0,logistic,0.012387497627878458
fold_1,validation,34060,23,2014,2017,0,logistic,0.24533026167448652
fold_1,validation,34060,44-45,2014,2017,0,logistic,0.20915319378835276
fold_1,validation,34060,48-49,2014,2017,1,logistic,0.3334367361208067
fold_1,validation,34060,53,2014,2017,0,logistic,0.3284143784080905
fold_1,validation,34060,72,2014,2017,0,logistic,0.1517688401227829
fold_1,validation,34060,81,2014,2017,0,logistic,0.07929756576670917
fold_1,validation,35380,31-33,2014,2017,0,logistic,0.15681320627603657
fold_1,validation,35380,48-49,2014,2017,1,logistic,0.45623629909736235
fold_1,validation,35380,52,2014,2017,0,logistic,0.17083456668554434
fold_1,validation,35380,53,2014,2017,1,logistic,0.16524332090486335
fold_1,validation,35380,71,2014,2017,0,logistic,0.28845395104939237
fold_1,validation,35380,72,2014,2017,0,logistic,0.16005180366821456
fold_1,validation,36500,23,2014,2017,0,logistic,0.10852705206720935
fold_1,validation,36500,31-33,2014,2017,0,logistic,0.12394874218483176
fold_1,validation,36500,42,2014,2017,0,logistic,0.1487266366321863
fold_1,validation,36500,44-45,2014,2017,0,logistic,0.12246521776250155
fold_1,validation,36500,48-49,2014,2017,0,logistic,0.4349454298129106
fold_1,validation,36500,52,2014,2017,1,logistic,0.1138299592503533
fold_1,validation,36500,53,2014,2017,1,logistic,0.1756965348389143
fold_1,validation,36500,54,2014,2017,0,logistic,0.1321329742000056
fold_1,validation,36500,56,2014,2017,0,logistic,0.24317906781799023
fold_1,validation,36500,62,2014,2017,0,logistic,0.08963888741907049
fold_1,validation,36500,72,2014,2017,0,logistic,0.19168630860757965
fold_1,validation,36500,81,2014,2017,1,logistic,0.1149841985334905
fold_1,validation,37340,23,2014,2017,0,logistic,0.10337315644957974
fold_1,validation,37340,31-33,2014,2017,0,logistic,0.09577629309765469
fold_1,validation,37340,42,2014,2017,0,logistic,0.1541274951938491
fold_1,validation,37340,44-45,2014,2017,0,logistic,0.04398681545530574
fold_1,validation,37340,48-49,2014,2017,0,logistic,0.18214345470246457
fold_1,validation,37340,51,2014,2017,0,logistic,0.08158191923677006
fold_1,validation,37340,52,2014,2017,0,logistic,0.09555601645142711
fold_1,validation,37340,53,2014,2017,1,logistic,0.06572685572320941
fold_1,validation,37340,54,2014,2017,0,logistic,0.11586551696530116
fold_1,validation,37340,56,2014,2017,0,logistic,0.11327914311349725
fold_1,validation,37340,61,2014,2017,1,logistic,0.24635952283252305
fold_1,validation,37340,62,2014,2017,0,logistic,0.09424245458113738
fold_1,validation,37340,71,2014,2017,0,logistic,0.19196387713102156
fold_1,validation,37340,72,2014,2017,0,logistic,0.08125114910225764
fold_1,validation,37340,81,2014,2017,0,logistic,0.06067571108107391
fold_1,validation,38060,11,2014,2017,0,logistic,0.04863358940397133
fold_1,validation,38060,23,2014,2017,0,logistic,0.08963283853072194
fold_1,validation,38060,31-33,2014,2017,0,logistic,0.09810129088271023
fold_1,validation,38060,42,2014,2017,0,logistic,0.10022281797836985
fold_1,validation,38060,44-45,2014,2017,0,logistic,0.03655411399670198
fold_1,validation,38060,48-49,2014,2017,0,logistic,0.22359854672574614
fold_1,validation,38060,51,2014,2017,0,logistic,0.12279189004657798
fold_1,validation,38060,52,2014,2017,0,logistic,0.07263653469116013
fold_1,validation,38060,53,2014,2017,0,logistic,0.0501488925097149
fold_1,validation,38060,54,2014,2017,0,logistic,0.09203508756227825
fold_1,validation,38060,55,2014,2017,0,logistic,0.007872031124169112
fold_1,validation,38060,56,2014,2017,0,logistic,0.168208382118087
fold_1,validation,38060,61,2014,2017,0,logistic,0.19304679845030473
fold_1,validation,38060,62,2014,2017,0,logistic,0.061723073893715195
fold_1,validation,38060,71,2014,2017,0,logistic,0.08228277569785247
fold_1,validation,38060,72,2014,2017,0,logistic,0.06064662170171634
fold_1,validation,38060,81,2014,2017,0,logistic,0.04063147781202722
fold_1,validation,38900,23,2014,2017,0,logistic,0.08560189649542013
fold_1,validation,38900,31-33,2014,2017,0,logistic,0.10350066352921465
fold_1,validation,38900,44-45,2014,2017,0,logistic,0.06103905481427944
fold_1,validation,38900,52,2014,2017,0,logistic,0.11036054471862788
fold_1,validation,38900,56,2014,2017,0,logistic,0.19669564802251233
fold_1,validation,39300,44-45,2014,2017,0,logistic,0.10626065943009005
fold_1,validation,39300,51,2014,2017,0,logistic,0.2049104749149286
fold_1,validation,39300,52,2014,2017,1,logistic,0.19222363289430422
fold_1,validation,39300,53,2014,2017,0,logistic,0.15182688910123085
fold_1,validation,39300,54,2014,2017,1,logistic,0.27017423959995557
fold_1,validation,39300,56,2014,2017,1,logistic,0.2306092577653269
fold_1,validation,39300,61,2014,2017,1,logistic,0.35512904867639766
fold_1,validation,39300,62,2014,2017,0,logistic,0.1713689031801523
fold_1,validation,39300,71,2014,2017,0,logistic,0.2592187383087824
fold_1,validation,39300,72,2014,2017,0,logistic,0.19787560723503173
fold_1,validation,39300,81,2014,2017,0,logistic,0.10099333168154621
fold_1,validation,39340,23,2014,2017,0,logistic,0.05812385511030726
fold_1,validation,39340,31-33,2014,2017,0,logistic,0.06593283649059914
fold_1,validation,39340,42,2014,2017,0,logistic,0.05834333474427248
fold_1,validation,39340,44-45,2014,2017,0,logistic,0.028471611488656002
fold_1,validation,39340,54,2014,2017,0,logistic,0.038421846076399965
fold_1,validation,40220,52,2014,2017,0,logistic,0.18121837443285904
fold_1,validation,40220,53,2014,2017,0,logistic,0.23237253428781265
fold_1,validation,40380,23,2014,2017,0,logistic,0.12690693316670887
fold_1,validation,40380,31-33,2014,2017,0,logistic,0.14925563524253907
fold_1,validation,40380,42,2014,2017,1,logistic,0.2210192468853543
fold_1,validation,40380,44-45,2014,2017,0,logistic,0.10442716224751071
fold_1,validation,40380,51,2014,2017,0,logistic,0.33323769986350704
fold_1,validation,40380,52,2014,2017,0,logistic,0.1645830761465411
fold_1,validation,40380,53,2014,2017,0,logistic,0.16047375797787528
fold_1,validation,40380,56,2014,2017,0,logistic,0.18455468524168617
fold_1,validation,40380,71,2014,2017,0,logistic,0.35666186072351574
fold_1,validation,40380,72,2014,2017,0,logistic,0.1323385948385506
fold_1,validation,40380,81,2014,2017,0,logistic,0.08950259649098712
fold_1,validation,41060,31-33,2014,2017,0,logistic,0.16913390097049297
fold_1,validation,41060,44-45,2014,2017,1,logistic,0.2205316025234241
fold_1,validation,41060,48-49,2014,2017,0,logistic,0.49384977414751097
fold_1,validation,41060,52,2014,2017,0,logistic,0.15759759447763666
fold_1,validation,41060,53,2014,2017,0,logistic,0.18812909157729346
fold_1,validation,41060,56,2014,2017,0,logistic,0.22553037741803877
fold_1,validation,41060,71,2014,2017,1,logistic,0.5566798558753253
fold_1,validation,41060,72,2014,2017,1,logistic,0.3367304494663177
fold_1,validation,41060,81,2014,2017,1,logistic,0.12185107681642968
fold_1,validation,41620,21,2014,2017,0,logistic,0.2656726286517666
fold_1,validation,41620,23,2014,2017,0,logistic,0.1329887205758786
fold_1,validation,41620,31-33,2014,2017,0,logistic,0.12052250364022517
fold_1,validation,41620,44-45,2014,2017,0,logistic,0.05796114055504566
fold_1,validation,41620,48-49,2014,2017,0,logistic,0.3423510132895511
fold_1,validation,41620,52,2014,2017,0,logistic,0.09146524443709342
fold_1,validation,41620,56,2014,2017,0,logistic,0.16389716832044213
fold_1,validation,41620,61,2014,2017,0,logistic,0.11543984271573138
fold_1,validation,41620,62,2014,2017,0,logistic,0.07317261281855805
fold_1,validation,41620,71,2014,2017,0,logistic,0.06719900142896199
fold_1,validation,41620,72,2014,2017,0,logistic,0.135249276381089
fold_1,validation,41660,21,2014,2017,1,logistic,0.03895971834072829
fold_1,validation,41660,48-49,2014,2017,1,logistic,0.10225169318623356
fold_1,validation,41660,81,2014,2017,1,logistic,0.07326979065478793
fold_1,validation,42100,23,2014,2017,0,logistic,0.1285589617252563
fold_1,validation,42100,31-33,2014,2017,0,logistic,0.09267018356202893
fold_1,validation,42100,42,2014,2017,0,logistic,0.12026043654258428
fold_1,validation,42100,44-45,2014,2017,0,logistic,0.1266770318292144
fold_1,validation,42100,51,2014,2017,1,logistic,0.09510778742597055
fold_1,validation,42100,52,2014,2017,0,logistic,0.17167432410525396
fold_1,validation,42100,53,2014,2017,1,logistic,0.19969585312114232
fold_1,validation,42100,54,2014,2017,0,logistic,0.15243278274994632
fold_1,validation,42100,56,2014,2017,0,logistic,0.2793137487311413
fold_1,validation,42100,61,2014,2017,0,logistic,0.32533323153063404
fold_1,validation,42100,62,2014,2017,0,logistic,0.12205378644402098
fold_1,validation,42100,71,2014,2017,1,logistic,0.2817743588061462
fold_1,validation,42100,72,2014,2017,0,logistic,0.25241337452169155
fold_1,validation,42100,81,2014,2017,0,logistic,0.11163379581048434
fold_1,validation,42140,23,2014,2017,1,logistic,0.1764494432853849
fold_1,validation,42140,31-33,2014,2017,0,logistic,0.0733485268025115
fold_1,validation,42140,42,2014,2017,1,logistic,0.14856172552620414
fold_1,validation,42140,44-45,2014,2017,0,logistic,0.15362684195890988
fold_1,validation,42140,51,2014,2017,1,logistic,0.28264357908732995
fold_1,validation,42140,52,2014,2017,0,logistic,0.22307093443023665
fold_1,validation,42140,53,2014,2017,0,logistic,0.333060355238335
fold_1,validation,42140,54,2014,2017,0,logistic,0.16891327648948629
fold_1,validation,42140,56,2014,2017,0,logistic,0.2505605222705063
fold_1,validation,42140,62,2014,2017,0,logistic,0.14050670326620152
fold_1,validation,42140,71,2014,2017,0,logistic,0.34965218453473346
fold_1,validation,42140,72,2014,2017,1,logistic,0.17622903266067574
fold_1,validation,42140,81,2014,2017,1,logistic,0.13553633594583048
fold_1,validation,42540,23,2014,2017,1,logistic,0.16641619577850345
fold_1,validation,42540,31-33,2014,2017,0,logistic,0.23052759851938115
fold_1,validation,42540,44-45,2014,2017,0,logistic,0.1483098965722223
fold_1,validation,42540,48-49,2014,2017,1,logistic,0.5441448001962663
fold_1,validation,42540,52,2014,2017,0,logistic,0.1986088178438367
fold_1,validation,42540,53,2014,2017,0,logistic,0.25917294985626604
fold_1,validation,42540,56,2014,2017,1,logistic,0.3382738033557671
fold_1,validation,42540,71,2014,2017,0,logistic,0.3903439858550024
fold_1,validation,42540,72,2014,2017,0,logistic,0.20627597822489105
fold_1,validation,42540,81,2014,2017,0,logistic,0.10328244031666166
fold_1,validation,43340,21,2014,2017,0,logistic,0.38231582444810686
fold_1,validation,43340,42,2014,2017,0,logistic,0.22820020915940725
fold_1,validation,43340,44-45,2014,2017,0,logistic,0.11925154921830955
fold_1,validation,43340,48-49,2014,2017,1,logistic,0.2839356878018585
fold_1,validation,43340,51,2014,2017,0,logistic,0.2480702898615307
fold_1,validation,43340,52,2014,2017,0,logistic,0.20927340967169802
fold_1,validation,43340,53,2014,2017,0,logistic,0.220286809926282
fold_1,validation,43340,54,2014,2017,0,logistic,0.20453938472394784
fold_1,validation,43340,56,2014,2017,0,logistic,0.2304067471739624
fold_1,validation,43340,71,2014,2017,0,logistic,0.3584593813583871
fold_1,validation,43340,72,2014,2017,0,logistic,0.1882660251176531
fold_1,validation,43340,81,2014,2017,0,logistic,0.09224199355917626
fold_1,validation,44060,23,2014,2017,0,logistic,0.09074834727023891
fold_1,validation,44060,31-33,2014,2017,0,logistic,0.13904401646672668
fold_1,validation,44060,44-45,2014,2017,0,logistic,0.10992540199644787
fold_1,validation,44060,48-49,2014,2017,1,logistic,0.23997324700222464
fold_1,validation,44060,51,2014,2017,0,logistic,0.35239639256354555
fold_1,validation,44060,52,2014,2017,0,logistic,0.17349400660006362
fold_1,validation,44060,53,2014,2017,0,logistic,0.18631997425517202
fold_1,validation,44060,61,2014,2017,1,logistic,0.23910883675471306
fold_1,validation,44060,62,2014,2017,0,logistic,0.11103531299873401
fold_1,validation,44060,71,2014,2017,1,logistic,0.30860984419082
fold_1,validation,44060,72,2014,2017,0,logistic,0.19729759668447244
fold_1,validation,44060,81,2014,2017,0,logistic,0.08221997043863294
fold_1,validation,44100,23,2014,2017,0,logistic,0.1486896111490592
fold_1,validation,44100,42,2014,2017,1,logistic,0.24487610181905586
fold_1,validation,44100,44-45,2014,2017,0,logistic,0.14887648989813707
fold_1,validation,44100,54,2014,2017,1,logistic,0.3648926361830603
fold_1,validation,44100,56,2014,2017,0,logistic,0.3684510838432353
fold_1,validation,44100,71,2014,2017,0,logistic,0.44008320920007443
fold_1,validation,44100,72,2014,2017,0,logistic,0.18678428500112723
fold_1,validation,44100,81,2014,2017,1,logistic,0.16975189436279894
fold_1,validation,44220,23,2014,2017,0,logistic,0.20710065552128631
fold_1,validation,44220,44-45,2014,2017,0,logistic,0.188128457787199
fold_1,validation,44220,56,2014,2017,0,logistic,0.26064063407842614
fold_1,validation,44220,62,2014,2017,1,logistic,0.17024959778528204
fold_1,validation,44220,72,2014,2017,0,logistic,0.31324380802202295
fold_1,validation,44220,81,2014,2017,1,logistic,0.23365689066986584
fold_1,validation,44300,22,2014,2017,0,logistic,0.01257530150632345
fold_1,validation,44300,23,2014,2017,1,logistic,0.2067919633278853
fold_1,validation,44300,31-33,2014,2017,1,logistic,0.055500274602291594
fold_1,validation,44300,44-45,2014,2017,0,logistic,0.22424506334108396
fold_1,validation,44300,48-49,2014,2017,1,logistic,0.4406362195108423
fold_1,validation,44300,53,2014,2017,0,logistic,0.212647400175764
fold_1,validation,44300,54,2014,2017,0,logistic,0.19726380301945867
fold_1,validation,44300,56,2014,2017,1,logistic,0.37147184701695
fold_1,validation,44300,62,2014,2017,1,logistic,0.1269094142934423
fold_1,validation,44300,72,2014,2017,1,logistic,0.286761938595078
fold_1,validation,44300,81,2014,2017,0,logistic,0.12433561830377543
fold_1,validation,45460,23,2014,2017,0,logistic,0.32594237340172705
fold_1,validation,45460,44-45,2014,2017,0,logistic,0.19653431391032877
fold_1,validation,45460,48-49,2014,2017,0,logistic,0.5894127371829506
fold_1,validation,45460,81,2014,2017,0,logistic,0.17640898782002948
fold_1,validation,47260,44-45,2014,2017,0,logistic,0.09064944450425617
fold_1,validation,47940,23,2014,2017,0,logistic,0.13411514920227882
fold_1,validation,47940,44-45,2014,2017,0,logistic,0.1144537542048043
fold_1,validation,47940,71,2014,2017,0,logistic,0.2342761037793922
fold_1,validation,47940,72,2014,2017,1,logistic,0.2581361999044105
fold_1,validation,47940,81,2014,2017,1,logistic,0.13942109766556365
fold_1,validation,48260,44-45,2014,2017,0,logistic,0.2640754037542824
fold_1,validation,48260,48-49,2014,2017,0,logistic,0.3246558846199645
fold_1,validation,48260,72,2014,2017,0,logistic,0.31946968509910145
fold_1,validation,48260,81,2014,2017,0,logistic,0.1741323357893094
fold_1,validation,48300,23,2014,2017,0,logistic,0.13187759395494714
fold_1,validation,48300,31-33,2014,2017,0,logistic,0.04084682115225976
fold_1,validation,48300,44-45,2014,2017,1,logistic,0.13832166016829847
fold_1,validation,48300,51,2014,2017,0,logistic,0.06890798839468695
fold_1,validation,48300,53,2014,2017,0,logistic,0.08955560745434052
fold_1,validation,48300,56,2014,2017,0,logistic,0.09550830690931941
fold_1,validation,48300,62,2014,2017,0,logistic,0.07936848735320794
fold_1,validation,48300,71,2014,2017,0,logistic,0.36483429593145555
fold_1,validation,48300,72,2014,2017,0,logistic,0.20853929297408993
fold_1,validation,48300,81,2014,2017,0,logistic,0.10175685882596382
fold_1,validation,49180,23,2014,2017,0,logistic,0.16767694048191115
fold_1,validation,49180,31-33,2014,2017,0,logistic,0.16762645309172713
fold_1,validation,49180,44-45,2014,2017,0,logistic,0.10591529151109609
fold_1,validation,49180,52,2014,2017,1,logistic,0.16525511141660615
fold_1,validation,49180,56,2014,2017,0,logistic,0.34970502858598107
fold_1,validation,49180,71,2014,2017,0,logistic,0.13425248197512624
fold_1,validation,49180,72,2014,2017,0,logistic,0.2275883303073
fold_2,validation,10540,22,2015,2018,0,logistic,0.009961454541746788
fold_2,validation,10540,23,2015,2018,0,logistic,0.07085755090909808
fold_2,validation,10540,31-33,2015,2018,0,logistic,0.1626761560182645
fold_2,validation,10540,42,2015,2018,0,logistic,0.16075532071389223
fold_2,validation,10540,44-45,2015,2018,0,logistic,0.11798381893921388
fold_2,validation,10540,48-49,2015,2018,0,logistic,0.22261665642853945
fold_2,validation,10540,53,2015,2018,0,logistic,0.317211227688754
fold_2,validation,10540,54,2015,2018,0,logistic,0.2791723814818154
fold_2,validation,10540,55,2015,2018,0,logistic,0.016732421207509122
fold_2,validation,10540,56,2015,2018,0,logistic,0.1821945768346952
fold_2,validation,10540,62,2015,2018,0,logistic,0.14395501724954196
fold_2,validation,10540,72,2015,2018,0,logistic,0.1649793199699458
fold_2,validation,10540,81,2015,2018,0,logistic,0.09814813434539209
fold_2,validation,11260,21,2015,2018,0,logistic,0.26880211901474416
fold_2,validation,11260,23,2015,2018,1,logistic,0.09242038307902044
fold_2,validation,11260,42,2015,2018,0,logistic,0.23804882139475625
fold_2,validation,11260,44-45,2015,2018,0,logistic,0.12394248494544051
fold_2,validation,11260,48-49,2015,2018,1,logistic,0.5103029108777732
fold_2,validation,11260,51,2015,2018,1,logistic,0.3374744219887487
fold_2,validation,11260,52,2015,2018,1,logistic,0.10603518814367785
fold_2,validation,11260,53,2015,2018,0,logistic,0.09949122279728792
fold_2,validation,11260,54,2015,2018,0,logistic,0.23829367996319123
fold_2,validation,11260,56,2015,2018,0,logistic,0.26220536188937094
fold_2,validation,11260,61,2015,2018,1,logistic,0.4060427277693812
fold_2,validation,11260,62,2015,2018,0,logistic,0.0849703559675063
fold_2,validation,11260,71,2015,2018,0,logistic,0.38245412596416406
fold_2,validation,11260,72,2015,2018,1,logistic,0.18082736422565052
fold_2,validation,11260,81,2015,2018,0,logistic,0.0708287908254671
fold_2,validation,11500,22,2015,2018,0,logistic,0.009788930276131737
fold_2,validation,11500,23,2015,2018,1,logistic,0.20840656491959442
fold_2,validation,11500,44-45,2015,2018,0,logistic,0.12406912580150967
fold_2,validation,11500,48-49,2015,2018,1,logistic,0.2799197066864125
fold_2,validation,11500,51,2015,2018,1,logistic,0.656526608918932
fold_2,validation,11500,55,2015,2018,0,logistic,0.018005382166130846
fold_2,validation,11500,56,2015,2018,0,logistic,0.3122304194478672
fold_2,validation,11500,62,2015,2018,1,logistic,0.17168251305626608
fold_2,validation,11500,72,2015,2018,1,logistic,0.14021555292692398
fold_2,validation,11500,81,2015,2018,0,logistic,0.1301685671603988
fold_2,validation,11540,23,2015,2018,0,logistic,0.1944779673273187
fold_2,validation,11540,31-33,2015,2018,0,logistic,0.14525195602515467
fold_2,validation,11540,42,2015,2018,0,logistic,0.2122274626053625
fold_2,validation,11540,44-45,2015,2018,0,logistic,0.21331489576855975
fold_2,validation,11540,52,2015,2018,1,logistic,0.25014933314034327
fold_2,validation,11540,53,2015,2018,0,logistic,0.06667069296876478
fold_2,validation,11540,56,2015,2018,1,logistic,0.339671261473908
fold_2,validation,11540,71,2015,2018,0,logistic,0.12928158243513257
fold_2,validation,11540,72,2015,2018,1,logistic,0.18077113203079767
fold_2,validation,12980,23,2015,2018,0,logistic,0.2406724427962382
fold_2,validation,12980,44-45,2015,2018,0,logistic,0.2064151353358832
fold_2,validation,12980,62,2015,2018,0,logistic,0.1482805158429724
fold_2,validation,12980,72,2015,2018,0,logistic,0.48529365974905164
fold_2,validation,12980,81,2015,2018,1,logistic,0.141184665828551
fold_2,validation,13780,23,2015,2018,1,logistic,0.09292669462393877
fold_2,validation,13780,31-33,2015,2018,0,logistic,0.1838560029201999
fold_2,validation,13780,44-45,2015,2018,0,logistic,0.14274414112450706
fold_2,validation,13780,52,2015,2018,1,logistic,0.20705771902617123
fold_2,validation,13780,56,2015,2018,0,logistic,0.33619369088342355
fold_2,validation,13780,61,2015,2018,1,logistic,0.3024828561741658
fold_2,validation,13780,62,2015,2018,0,logistic,0.1550062541373301
fold_2,validation,13780,72,2015,2018,0,logistic,0.15130214870509132
fold_2,validation,13780,81,2015,2018,0,logistic,0.11526489797640026
fold_2,validation,14260,23,2015,2018,0,logistic,0.06287476349393561
fold_2,validation,14260,31-33,2015,2018,0,logistic,0.08908918074526295
fold_2,validation,14260,44-45,2015,2018,0,logistic,0.08055208317470988
fold_2,validation,14260,81,2015,2018,0,logistic,0.05765241064684873
fold_2,validation,14500,23,2015,2018,0,logistic,0.08694080674470604
fold_2,validation,14500,31-33,2015,2018,0,logistic,0.05433168363008191
fold_2,validation,14500,42,2015,2018,0,logistic,0.0926370758598288
fold_2,validation,14500,44-45,2015,2018,0,logistic,0.0983335062548746
fold_2,validation,14500,48-49,2015,2018,0,logistic,0.2492737862808768
fold_2,validation,14500,51,2015,2018,0,logistic,0.10128538816120358
fold_2,validation,14500,52,2015,2018,0,logistic,0.15238429702480422
fold_2,validation,14500,53,2015,2018,0,logistic,0.12198042525421819
fold_2,validation,14500,54,2015,2018,0,logistic,0.09459501225021537
fold_2,validation,14500,56,2015,2018,0,logistic,0.14289600819082754
fold_2,validation,14500,61,2015,2018,1,logistic,0.23578117944008253
fold_2,validation,14500,62,2015,2018,0,logistic,0.10255588224019527
fold_2,validation,14500,71,2015,2018,0,logistic,0.10955678917808877
fold_2,validation,14500,72,2015,2018,1,logistic,0.20877438145370925
fold_2,validation,14500,81,2015,2018,0,logistic,0.05508409453407191
fold_2,validation,15980,23,2015,2018,0,logistic,0.039946864968304595
fold_2,validation,15980,31-33,2015,2018,0,logistic,0.038721958684612985
fold_2,validation,15980,42,2015,2018,0,logistic,0.1087348926257707
fold_2,validation,15980,44-45,2015,2018,0,logistic,0.047304070552481245
fold_2,validation,15980,48-49,2015,2018,1,logistic,0.06823104099138007
fold_2,validation,15980,51,2015,2018,1,logistic,0.0994623061846331
fold_2,validation,15980,52,2015,2018,0,logistic,0.12776448463521178
fold_2,validation,15980,53,2015,2018,0,logistic,0.05682137190602912
fold_2,validation,15980,54,2015,2018,0,logistic,0.10995031612460061
fold_2,validation,15980,56,2015,2018,0,logistic,0.10168250567334951
fold_2,validation,15980,61,2015,2018,0,logistic,0.11202311032563331
fold_2,validation,15980,62,2015,2018,0,logistic,0.07184984526056983
fold_2,validation,15980,71,2015,2018,1,logistic,0.11956453648043316
fold_2,validation,15980,72,2015,2018,0,logistic,0.051065648520461936
fold_2,validation,15980,81,2015,2018,0,logistic,0.03575998819660961
fold_2,validation,16180,23,2015,2018,0,logistic,0.12349319604134174
fold_2,validation,16180,42,2015,2018,0,logistic,0.20692113868009154
fold_2,validation,16180,44-45,2015,2018,1,logistic,0.10562455404203148
fold_2,validation,16180,53,2015,2018,0,logistic,0.09685179280316207
fold_2,validation,16180,54,2015,2018,0,logistic,0.15428539575837508
fold_2,validation,16180,55,2015,2018,0,logistic,0.017195732078746143
fold_2,validation,16180,56,2015,2018,0,logistic,0.22351366937255138
fold_2,validation,16180,62,2015,2018,0,logistic,0.2135057386754716
fold_2,validation,16180,72,2015,2018,0,logistic,0.16627683999596754
fold_2,validation,16180,81,2015,2018,0,logistic,0.04284237168594216
fold_2,validation,16540,11,2015,2018,1,logistic,0.7006495305792
fold_2,validation,16540,21,2015,2018,1,logistic,0.7077680245593575
fold_2,validation,16540,23,2015,2018,0,logistic,0.16206478019054327
fold_2,validation,16540,44-45,2015,2018,0,logistic,0.1888374387260898
fold_2,validation,16540,48-49,2015,2018,1,logistic,0.4715009363246782
fold_2,validation,16540,54,2015,2018,0,logistic,0.2950554005250664
fold_2,validation,16540,55,2015,2018,0,logistic,0.01715201822542698
fold_2,validation,16540,56,2015,2018,0,logistic,0.40121936512040435
fold_2,validation,16540,62,2015,2018,0,logistic,0.12006328072799587
fold_2,validation,16540,72,2015,2018,1,logistic,0.24753190158546545
fold_2,validation,16540,81,2015,2018,0,logistic,0.16236192133508354
fold_2,validation,16620,44-45,2015,2018,0,logistic,0.1846049136883212
fold_2,validation,16620,81,2015,2018,1,logistic,0.15290570395772896
fold_2,validation,17300,23,2015,2018,0,logistic,0.06340853422820918
fold_2,validation,17300,31-33,2015,2018,0,logistic,0.17138200465098863
fold_2,validation,17300,44-45,2015,2018,1,logistic,0.09624082651427736
fold_2,validation,17300,52,2015,2018,1,logistic,0.1714081823131639
fold_2,validation,17300,56,2015,2018,0,logistic,0.15555693778044247
fold_2,validation,17300,81,2015,2018,0,logistic,0.08968746687754814
fold_2,validation,19140,23,2015,2018,0,logistic,0.16430022759907326
fold_2,validation,19140,31-33,2015,2018,0,logistic,0.16442296468799325
fold_2,validation,19140,42,2015,2018,0,logistic,0.1749805704407502
fold_2,validation,19140,44-45,2015,2018,0,logistic,0.1533896700839181
fold_2,validation,19140,56,2015,2018,0,logistic,0.3429123871458838
fold_2,validation,19140,81,2015,2018,0,logistic,0.16236414097785565
fold_2,validation,19300,22,2015,2018,0,logistic,0.009828920128083908
fold_2,validation,19300,23,2015,2018,0,logistic,0.08363202746815308
fold_2,validation,19300,31-33,2015,2018,0,logistic,0.06102025085107132
fold_2,validation,19300,42,2015,2018,0,logistic,0.11651694536369923
fold_2,validation,19300,44-45,2015,2018,0,logistic,0.11405543042146503
fold_2,validation,19300,48-49,2015,2018,0,logistic,0.22393026430005117
fold_2,validation,19300,52,2015,2018,0,logistic,0.13858963188448964
fold_2,validation,19300,53,2015,2018,0,logistic,0.06603936730935629
fold_2,validation,19300,54,2015,2018,0,logistic,0.13176916402699826
fold_2,validation,19300,56,2015,2018,1,logistic,0.1520956895357794
fold_2,validation,19300,62,2015,2018,0,logistic,0.0752907777555724
fold_2,validation,19300,71,2015,2018,1,logistic,0.07638257211125145
fold_2,validation,19300,72,2015,2018,0,logistic,0.16634824391020248
fold_2,validation,19300,81,2015,2018,0,logistic,0.049013581544259145
fold_2,validation,20940,23,2015,2018,0,logistic,0.09504233689006324
fold_2,validation,20940,31-33,2015,2018,0,logistic,0.06985287689353421
fold_2,validation,20940,42,2015,2018,0,logistic,0.09746448279883035
fold_2,validation,20940,44-45,2015,2018,0,logistic,0.14925518332025045
fold_2,validation,20940,48-49,2015,2018,1,logistic,0.2816952559280724
fold_2,validation,20940,52,2015,2018,1,logistic,0.0865647018617227
fold_2,validation,20940,53,2015,2018,1,logistic,0.16722437334079854
fold_2,validation,20940,54,2015,2018,0,logistic,0.3416137802968203
fold_2,validation,20940,55,2015,2018,0,logistic,0.016237414968280694
fold_2,validation,20940,56,2015,2018,1,logistic,0.33874574862878076
fold_2,validation,20940,62,2015,2018,0,logistic,0.10484222574470155
fold_2,validation,20940,72,2015,2018,0,logistic,0.16077085118648932
fold_2,validation,20940,81,2015,2018,0,logistic,0.08928587524991205
fold_2,validation,21660,21,2015,2018,1,logistic,0.7051543126506257
fold_2,validation,21660,23,2015,2018,0,logistic,0.13437465993804698
fold_2,validation,21660,31-33,2015,2018,1,logistic,0.11073343648044767
fold_2,validation,21660,42,2015,2018,0,logistic,0.14664189292011043
fold_2,validation,21660,44-45,2015,2018,0,logistic,0.10318477359804346
fold_2,validation,21660,48-49,2015,2018,1,logistic,0.4266977658273523
fold_2,validation,21660,51,2015,2018,0,logistic,0.2991813982271918
fold_2,validation,21660,52,2015,2018,0,logistic,0.09492530035492015
fold_2,validation,21660,53,2015,2018,0,logistic,0.2099745273447807
fold_2,validation,21660,54,2015,2018,0,logistic,0.24346058647608618
fold_2,validation,21660,56,2015,2018,0,logistic,0.3614803417403698
fold_2,validation,21660,61,2015,2018,1,logistic,0.3382784664168426
fold_2,validation,21660,62,2015,2018,0,logistic,0.11259588566443963
fold_2,validation,21660,71,2015,2018,0,logistic,0.26951575608928097
fold_2,validation,21660,72,2015,2018,0,logistic,0.1656474141698866
fold_2,validation,21660,81,2015,2018,0,logistic,0.0666802266484488
fold_2,validation,21780,23,2015,2018,1,logistic,0.2403562541737588
fold_2,validation,21780,31-33,2015,2018,0,logistic,0.14353680276409062
fold_2,validation,21780,44-45,2015,2018,0,logistic,0.14955931165730507
fold_2,validation,21780,52,2015,2018,0,logistic,0.2039266977427023
fold_2,validation,21780,53,2015,2018,0,logistic,0.2621212592820016
fold_2,validation,21780,81,2015,2018,0,logistic,0.15344788717526012
fold_2,validation,22380,23,2015,2018,1,logistic,0.14759465980573294
fold_2,validation,22380,31-33,2015,2018,0,logistic,0.23356268393683144
fold_2,validation,22380,44-45,2015,2018,0,logistic,0.1253751286630088
fold_2,validation,22380,48-49,2015,2018,1,logistic,0.42040494688179325
fold_2,validation,22380,53,2015,2018,0,logistic,0.1353889691131551
fold_2,validation,22380,54,2015,2018,0,logistic,0.19939055590913934
fold_2,validation,22380,55,2015,2018,0,logistic,0.015549298517453305
fold_2,validation,22380,56,2015,2018,0,logistic,0.33945795120326205
fold_2,validation,22380,62,2015,2018,0,logistic,0.12080659856440057
fold_2,validation,22380,71,2015,2018,0,logistic,0.3599383642241345
fold_2,validation,22380,72,2015,2018,0,logistic,0.29456230168322645
fold_2,validation,22380,81,2015,2018,0,logistic,0.07519346124539693
fold_2,validation,22420,23,2015,2018,0,logistic,0.1517065788838802
fold_2,validation,22420,31-33,2015,2018,0,logistic,0.11666703159374284
fold_2,validation,22420,42,2015,2018,0,logistic,0.15922160417576336
fold_2,validation,22420,44-45,2015,2018,0,logistic,0.11496673901665684
fold_2,validation,22420,51,2015,2018,1,logistic,0.1445061363093357
fold_2,validation,22420,52,2015,2018,0,logistic,0.1541382576020524
fold_2,validation,22420,53,2015,2018,1,logistic,0.2152583555608354
fold_2,validation,22420,54,2015,2018,1,logistic,0.2960513067029966
fold_2,validation,22420,56,2015,2018,0,logistic,0.34690289895209575
fold_2,validation,22420,61,2015,2018,0,logistic,0.46626480968597955
fold_2,validation,22420,62,2015,2018,1,logistic,0.1375541886467533
fold_2,validation,22420,72,2015,2018,0,logistic,0.22246448425772442
fold_2,validation,22420,81,2015,2018,0,logistic,0.10947512954653199
fold_2,validation,22500,23,2015,2018,1,logistic,0.20603205236075708
fold_2,validation,22500,44-45,2015,2018,0,logistic,0.08220555085137805
fold_2,validation,22500,51,2015,2018,1,logistic,0.6451377787845004
fold_2,validation,22500,52,2015,2018,1,logistic,0.26068348674986863
fold_2,validation,22500,54,2015,2018,1,logistic,0.19934844183998035
fold_2,validation,22500,56,2015,2018,1,logistic,0.18485614443525747
fold_2,validation,22500,62,2015,2018,1,logistic,0.10144469476431989
fold_2,validation,22500,72,2015,2018,0,logistic,0.23000493882779974
fold_2,validation,22500,81,2015,2018,0,logistic,0.15202305966957333
fold_2,validation,22540,23,2015,2018,0,logistic,0.2316622216939713
fold_2,validation,22540,44-45,2015,2018,1,logistic,0.18630499022561076
fold_2,validation,22540,54,2015,2018,0,logistic,0.33864553404880765
fold_2,validation,22540,61,2015,2018,1,logistic,0.7706506332588285
fold_2,validation,22540,62,2015,2018,0,logistic,0.1512572087610894
fold_2,validation,22540,72,2015,2018,0,logistic,0.2958819083422955
fold_2,validation,22540,81,2015,2018,0,logistic,0.12611387496414023
fold_2,validation,22660,23,2015,2018,0,logistic,0.03531153588329976
fold_2,validation,22660,31-33,2015,2018,0,logistic,0.058303995296311084
fold_2,validation,22660,42,2015,2018,0,logistic,0.07990574162948762
fold_2,validation,22660,44-45,2015,2018,0,logistic,0.09176864020411092
fold_2,validation,22660,48-49,2015,2018,1,logistic,0.11331851725410148
fold_2,validation,22660,51,2015,2018,0,logistic,0.131782152597848
fold_2,validation,22660,52,2015,2018,0,logistic,0.1157950614255409
fold_2,validation,22660,53,2015,2018,0,logistic,0.07208195405508283
fold_2,validation,22660,54,2015,2018,0,logistic,0.12121041618987789
fold_2,validation,22660,56,2015,2018,0,logistic,0.1812902924948522
fold_2,validation,22660,61,2015,2018,1,logistic,0.127612566308264
fold_2,validation,22660,62,2015,2018,0,logistic,0.07490235371290718
fold_2,validation,22660,71,2015,2018,0,logistic,0.12784662020651225
fold_2,validation,22660,72,2015,2018,1,logistic,0.1790305474875589
fold_2,validation,22660,81,2015,2018,0,logistic,0.045676368389720175
fold_2,validation,23540,23,2015,2018,0,logistic,0.0670776730282676
fold_2,validation,23540,31-33,2015,2018,1,logistic,0.07988854875357665
fold_2,validation,23540,42,2015,2018,0,logistic,0.13851584376828163
fold_2,validation,23540,44-45,2015,2018,1,logistic,0.08056762478897966
fold_2,validation,23540,52,2015,2018,0,logistic,0.15981828113507246
fold_2,validation,23540,53,2015,2018,0,logistic,0.07110283468414878
fold_2,validation,23540,81,2015,2018,0,logistic,0.0721654064310666
fold_2,validation,24220,22,2015,2018,0,logistic,0.009686822713861749
fold_2,validation,24220,23,2015,2018,0,logistic,0.1398611159295118
fold_2,validation,24220,44-45,2015,2018,0,logistic,0.23022471231951766
fold_2,validation,24220,48-49,2015,2018,1,logistic,0.28735897981580044
fold_2,validation,24220,53,2015,2018,1,logistic,0.18149963496627536
fold_2,validation,24220,54,2015,2018,0,logistic,0.37712445162650254
fold_2,validation,24220,72,2015,2018,0,logistic,0.33086439524449585
fold_2,validation,24220,81,2015,2018,1,logistic,0.16265877592515174
fold_2,validation,24500,22,2015,2018,0,logistic,0.009996344131150863
fold_2,validation,24500,23,2015,2018,0,logistic,0.1269924197174364
fold_2,validation,24500,31-33,2015,2018,0,logistic,0.02233960989568487
fold_2,validation,24500,44-45,2015,2018,0,logistic,0.24865258416676814
fold_2,validation,24500,48-49,2015,2018,1,logistic,0.38146342934900895
fold_2,validation,24500,52,2015,2018,0,logistic,0.1757584778512478
fold_2,validation,24500,54,2015,2018,0,logistic,0.44469244610635394
fold_2,validation,24500,56,2015,2018,0,logistic,0.36360034507212974
fold_2,validation,24500,62,2015,2018,0,logistic,0.07639469804706532
fold_2,validation,24500,72,2015,2018,0,logistic,0.2557481775123253
fold_2,validation,24500,81,2015,2018,0,logistic,0.1907483285155962
fold_2,validation,25500,23,2015,2018,1,logistic,0.21465229634327215
fold_2,validation,25500,44-45,2015,2018,0,logistic,0.1571993678949487
fold_2,validation,25500,48-49,2015,2018,0,logistic,0.4130665406785865
fold_2,validation,25500,52,2015,2018,1,logistic,0.2313027843889525
fold_2,validation,25500,53,2015,2018,0,logistic,0.43749646525295377
fold_2,validation,25500,54,2015,2018,1,logistic,0.2850445821717887
fold_2,validation,25500,56,2015,2018,0,logistic,0.2906217187608042
fold_2,validation,25500,62,2015,2018,1,logistic,0.18267690387375485
fold_2,validation,25500,72,2015,2018,0,logistic,0.1773389204239615
fold_2,validation,25500,81,2015,2018,0,logistic,0.10313880246164589
fold_2,validation,26140,22,2015,2018,0,logistic,0.010255809666265641
fold_2,validation,26140,23,2015,2018,0,logistic,0.08892541727249366
fold_2,validation,26140,44-45,2015,2018,0,logistic,0.08676427540723712
fold_2,validation,26140,48-49,2015,2018,1,logistic,0.057829488389891284
fold_2,validation,26140,53,2015,2018,1,logistic,0.13689228224057384
fold_2,validation,26140,54,2015,2018,0,logistic,0.16580037997387193
fold_2,validation,26140,55,2015,2018,0,logistic,0.017339501805486882
fold_2,validation,26140,56,2015,2018,0,logistic,0.0983208529629707
fold_2,validation,26140,62,2015,2018,0,logistic,0.20590347795023464
fold_2,validation,26140,72,2015,2018,0,logistic,0.07700716385652306
fold_2,validation,26140,81,2015,2018,0,logistic,0.07111259019156546
fold_2,validation,27060,23,2015,2018,0,logistic,0.07362255055987739
fold_2,validation,27060,31-33,2015,2018,0,logistic,0.09276094941107543
fold_2,validation,27060,44-45,2015,2018,0,logistic,0.18438250372889237
fold_2,validation,27060,53,2015,2018,1,logistic,0.27265217902452243
fold_2,validation,27060,54,2015,2018,0,logistic,0.16556193820205983
fold_2,validation,27060,55,2015,2018,1,logistic,0.017310905817550102
fold_2,validation,27060,72,2015,2018,1,logistic,0.27140024462396917
fold_2,validation,27060,81,2015,2018,0,logistic,0.14521766297165195
fold_2,validation,27180,31-33,2015,2018,0,logistic,0.22470330715588357
fold_2,validation,27180,44-45,2015,2018,0,logistic,0.14529502737475997
fold_2,validation,27180,53,2015,2018,1,logistic,0.35884923120752693
fold_2,validation,27180,56,2015,2018,0,logistic,0.3379160571943987
fold_2,validation,27780,22,2015,2018,0,logistic,0.009989794531609636
fold_2,validation,27780,23,2015,2018,0,logistic,0.22511872370159877
fold_2,validation,27780,44-45,2015,2018,0,logistic,0.22901664602710928
fold_2,validation,27780,54,2015,2018,0,logistic,0.3984328350402125
fold_2,validation,27780,55,2015,2018,0,logistic,0.017035076473407042
fold_2,validation,27780,62,2015,2018,1,logistic,0.2842468198915021
fold_2,validation,27780,72,2015,2018,1,logistic,0.3334746450062671
fold_2,validation,27780,81,2015,2018,0,logistic,0.19567794492585633
fold_2,validation,28100,22,2015,2018,0,logistic,0.00967223740581814
fold_2,validation,28100,23,2015,2018,0,logistic,0.18072835218653932
fold_2,validation,28100,31-33,2015,2018,1,logistic,0.1421722478977132
fold_2,validation,28100,44-45,2015,2018,0,logistic,0.17496007691101353
fold_2,validation,28100,52,2015,2018,1,logistic,0.2098445977148884
fold_2,validation,28100,56,2015,2018,0,logistic,0.23098933896917856
fold_2,validation,28100,61,2015,2018,1,logistic,0.7643257682394571
fold_2,validation,28100,62,2015,2018,1,logistic,0.2256289439363177
fold_2,validation,28100,72,2015,2018,1,logistic,0.20570856800237577
fold_2,validation,28100,81,2015,2018,1,logistic,0.10249850533341219
fold_2,validation,28660,23,2015,2018,0,logistic,0.10473799992579812
fold_2,validation,28660,31-33,2015,2018,1,logistic,0.07046548554403714
fold_2,validation,28660,42,2015,2018,0,logistic,0.14814783438893692
fold_2,validation,28660,44-45,2015,2018,0,logistic,0.08878103647242733
fold_2,validation,28660,51,2015,2018,0,logistic,0.24683960270083305
fold_2,validation,28660,52,2015,2018,0,logistic,0.16497775222765243
fold_2,validation,28660,53,2015,2018,0,logistic,0.2556322714722695
fold_2,validation,28660,81,2015,2018,0,logistic,0.07936783521331776
fold_2,validation,29180,21,2015,2018,0,logistic,0.3062278619497042
fold_2,validation,29180,22,2015,2018,0,logistic,0.00978806692951681
fold_2,validation,29180,23,2015,2018,0,logistic,0.1193222203135962
fold_2,validation,29180,31-33,2015,2018,0,logistic,0.130714948536423
fold_2,validation,29180,42,2015,2018,0,logistic,0.1912520313021975
fold_2,validation,29180,44-45,2015,2018,0,logistic,0.13334279515840744
fold_2,validation,29180,48-49,2015,2018,0,logistic,0.3355442961502937
fold_2,validation,29180,51,2015,2018,0,logistic,0.19953996466905669
fold_2,validation,29180,52,2015,2018,0,logistic,0.25310490619806925
fold_2,validation,29180,53,2015,2018,0,logistic,0.12915548078467545
fold_2,validation,29180,54,2015,2018,0,logistic,0.18450581184575215
fold_2,validation,29180,61,2015,2018,1,logistic,0.27639774028557323
fold_2,validation,29180,62,2015,2018,0,logistic,0.10241636486643427
fold_2,validation,29180,71,2015,2018,0,logistic,0.253201218049198
fold_2,validation,29180,72,2015,2018,0,logistic,0.1397205180020665
fold_2,validation,29180,81,2015,2018,0,logistic,0.09238893099973997
fold_2,validation,29540,21,2015,2018,1,logistic,0.7099544771118242
fold_2,validation,29540,23,2015,2018,0,logistic,0.15018147712211352
fold_2,validation,29540,31-33,2015,2018,0,logistic,0.10881374382119158
fold_2,validation,29540,42,2015,2018,0,logistic,0.18217650323566148
fold_2,validation,29540,44-45,2015,2018,0,logistic,0.12094984988598935
fold_2,validation,29540,48-49,2015,2018,0,logistic,0.29477343779291887
fold_2,validation,29540,52,2015,2018,0,logistic,0.19848718331453322
fold_2,validation,29540,53,2015,2018,1,logistic,0.12185014031490637
fold_2,validation,29540,54,2015,2018,0,logistic,0.20798761952106543
fold_2,validation,29540,56,2015,2018,0,logistic,0.2823521594085415
fold_2,validation,29540,61,2015,2018,0,logistic,0.4054257384931455
fold_2,validation,29540,62,2015,2018,0,logistic,0.16169233665017993
fold_2,validation,29540,71,2015,2018,1,logistic,0.17653803844883528
fold_2,validation,29540,72,2015,2018,0,logistic,0.24217745049245779
fold_2,validation,29540,81,2015,2018,0,logistic,0.10762292791324726
fold_2,validation,30300,23,2015,2018,0,logistic,0.2107426545447167
fold_2,validation,30300,54,2015,2018,0,logistic,0.31804950962961115
fold_2,validation,30300,72,2015,2018,0,logistic,0.3219056789685443
fold_2,validation,30300,81,2015,2018,1,logistic,0.06555185742373071
fold_2,validation,30700,23,2015,2018,0,logistic,0.10191923429046702
fold_2,validation,30700,31-33,2015,2018,0,logistic,0.11984586016928964
fold_2,validation,30700,44-45,2015,2018,0,logistic,0.14114821768432737
fold_2,validation,30700,51,2015,2018,1,logistic,0.31713168588062834
fold_2,validation,30700,52,2015,2018,0,logistic,0.15662147379227034
fold_2,validation,30700,53,2015,2018,0,logistic,0.1861482141964221
fold_2,validation,30700,56,2015,2018,1,logistic,0.34999271279818106
fold_2,validation,30700,71,2015,2018,0,logistic,0.24477891449071895
fold_2,validation,30700,72,2015,2018,0,logistic,0.16237399482185086
fold_2,validation,30700,81,2015,2018,0,logistic,0.1348994808776071
fold_2,validation,30780,23,2015,2018,0,logistic,0.13493412579202418
fold_2,validation,30780,31-33,2015,2018,0,logistic,0.15135761908766193
fold_2,validation,30780,42,2015,2018,0,logistic,0.21010087707433142
fold_2,validation,30780,44-45,2015,2018,0,logistic,0.07782944027380581
fold_2,validation,30780,54,2015,2018,0,logistic,0.20304725466482998
fold_2,validation,31080,11,2015,2018,0,logistic,0.1140407221756549
fold_2,validation,31080,21,2015,2018,0,logistic,0.1983631206675721
fold_2,validation,31080,22,2015,2018,0,logistic,0.0013828669069994397
fold_2,validation,31080,23,2015,2018,0,logistic,0.0698553603827375
fold_2,validation,31080,31-33,2015,2018,0,logistic,0.06919403261005781
fold_2,validation,31080,42,2015,2018,0,logistic,0.05292508509941081
fold_2,validation,31080,44-45,2015,2018,0,logistic,0.04176103725772364
fold_2,validation,31080,48-49,2015,2018,0,logistic,0.14400804257309222
fold_2,validation,31080,51,2015,2018,0,logistic,0.05505986062442594
fold_2,validation,31080,52,2015,2018,0,logistic,0.05799992683958507
fold_2,validation,31080,53,2015,2018,0,logistic,0.0920918564520998
fold_2,validation,31080,54,2015,2018,0,logistic,0.09660859255095165
fold_2,validation,31080,55,2015,2018,0,logistic,0.008674701794183613
fold_2,validation,31080,56,2015,2018,0,logistic,0.1345124989436549
fold_2,validation,31080,61,2015,2018,0,logistic,0.2068114407197445
fold_2,validation,31080,62,2015,2018,0,logistic,0.08188838794612041
fold_2,validation,31080,71,2015,2018,0,logistic,0.11646936988247732
fold_2,validation,31080,72,2015,2018,0,logistic,0.09392548080883562
fold_2,validation,31080,81,2015,2018,0,logistic,0.04575897130154966
fold_2,validation,31140,23,2015,2018,0,logistic,0.1441208508672479
fold_2,validation,31140,44-45,2015,2018,0,logistic,0.09296351868714132
fold_2,validation,31340,31-33,2015,2018,0,logistic,0.1571573105572913
fold_2,validation,31340,42,2015,2018,0,logistic,0.2145569727453876
fold_2,validation,31340,44-45,2015,2018,0,logistic,0.15293277664537913
fold_2,validation,31340,52,2015,2018,1,logistic,0.21203971784495468
fold_2,validation,31340,81,2015,2018,1,logistic,0.0862154404145579
fold_2,validation,31900,23,2015,2018,0,logistic,0.11530988474615467
fold_2,validation,31900,31-33,2015,2018,0,logistic,0.17390910252097783
fold_2,validation,31900,44-45,2015,2018,0,logistic,0.16837934218623035
fold_2,validation,31900,52,2015,2018,0,logistic,0.1947856038548973
fold_2,validation,31900,53,2015,2018,1,logistic,0.26508380250027086
fold_2,validation,31900,54,2015,2018,1,logistic,0.41017367536810395
fold_2,validation,31900,55,2015,2018,0,logistic,0.017055618143545215
fold_2,validation,31900,56,2015,2018,1,logistic,0.4828113424877989
fold_2,validation,31900,62,2015,2018,0,logistic,0.18262545794976662
fold_2,validation,31900,72,2015,2018,0,logistic,0.2771597374515293
fold_2,validation,31900,81,2015,2018,1,logistic,0.2070931243564127
fold_2,validation,33100,11,2015,2018,0,logistic,0.1733135151188569
fold_2,validation,33100,22,2015,2018,0,logistic,0.0005520188445202486
fold_2,validation,33100,23,2015,2018,0,logistic,0.04271346344574858
fold_2,validation,33100,31-33,2015,2018,0,logistic,0.054648911960895226
fold_2,validation,33100,42,2015,2018,0,logistic,0.04740060468032924
fold_2,validation,33100,44-45,2015,2018,0,logistic,0.02710043274193928
fold_2,validation,33100,48-49,2015,2018,0,logistic,0.16339389270574436
fold_2,validation,33100,51,2015,2018,0,logistic,0.07320584891398826
fold_2,validation,33100,52,2015,2018,0,logistic,0.046101274212121776
fold_2,validation,33100,53,2015,2018,0,logistic,0.04186470264583639
fold_2,validation,33100,54,2015,2018,0,logistic,0.07277837107824899
fold_2,validation,33100,55,2015,2018,0,logistic,0.005801120649752505
fold_2,validation,33100,56,2015,2018,0,logistic,0.1259037514324093
fold_2,validation,33100,61,2015,2018,0,logistic,0.12452633929902145
fold_2,validation,33100,62,2015,2018,0,logistic,0.06640395285125755
fold_2,validation,33100,71,2015,2018,0,logistic,0.10281293637583601
fold_2,validation,33100,72,2015,2018,0,logistic,0.06317582337502702
fold_2,validation,33100,81,2015,2018,0,logistic,0.03276716249600465
fold_2,validation,33700,11,2015,2018,0,logistic,0.1447249701916636
fold_2,validation,33700,23,2015,2018,0,logistic,0.080388401980536
fold_2,validation,33700,31-33,2015,2018,1,logistic,0.15069733708303018
fold_2,validation,33700,44-45,2015,2018,0,logistic,0.09803775654719639
fold_2,validation,33700,48-49,2015,2018,0,logistic,0.15285412685875935
fold_2,validation,33700,52,2015,2018,0,logistic,0.13007691469152724
fold_2,validation,33700,53,2015,2018,1,logistic,0.1627681134444748
fold_2,validation,33700,54,2015,2018,0,logistic,0.1964503905942255
fold_2,validation,33700,56,2015,2018,0,logistic,0.18763102640993753
fold_2,validation,33700,61,2015,2018,0,logistic,0.5879530577209972
fold_2,validation,33700,62,2015,2018,0,logistic,0.1431660100674787
fold_2,validation,33700,71,2015,2018,0,logistic,0.23666317296874093
fold_2,validation,33700,72,2015,2018,1,logistic,0.21854845796637612
fold_2,validation,33700,81,2015,2018,0,logistic,0.053413902229287186
fold_2,validation,34060,22,2015,2018,0,logistic,0.00983845413965107
fold_2,validation,34060,23,2015,2018,0,logistic,0.13384907421088266
fold_2,validation,34060,44-45,2015,2018,1,logistic,0.1840443264754453
fold_2,validation,34060,48-49,2015,2018,1,logistic,0.3713471049740495
fold_2,validation,34060,53,2015,2018,0,logistic,0.4130726341089611
fold_2,validation,34060,71,2015,2018,0,logistic,0.17398288887226085
fold_2,validation,34060,72,2015,2018,0,logistic,0.0968341433541874
fold_2,validation,34060,81,2015,2018,0,logistic,0.052391614715496394
fold_2,validation,35380,31-33,2015,2018,1,logistic,0.14800661592708186
fold_2,validation,35380,48-49,2015,2018,1,logistic,0.396860809872817
fold_2,validation,35380,52,2015,2018,0,logistic,0.17593655159660326
fold_2,validation,35380,53,2015,2018,0,logistic,0.1663884300818134
fold_2,validation,35380,71,2015,2018,0,logistic,0.22645685768320312
fold_2,validation,35380,72,2015,2018,0,logistic,0.18311676319955889
fold_2,validation,36500,11,2015,2018,0,logistic,0.12866914141054855
fold_2,validation,36500,21,2015,2018,0,logistic,0.695604122082406
fold_2,validation,36500,22,2015,2018,0,logistic,0.009727087809061355
fold_2,validation,36500,23,2015,2018,0,logistic,0.07354101815666508
fold_2,validation,36500,31-33,2015,2018,1,logistic,0.07026041073822871
fold_2,validation,36500,42,2015,2018,1,logistic,0.10889735420569945
fold_2,validation,36500,44-45,2015,2018,1,logistic,0.09470392770837348
fold_2,validation,36500,48-49,2015,2018,1,logistic,0.4173058877862977
fold_2,validation,36500,52,2015,2018,0,logistic,0.14243163681893165
fold_2,validation,36500,53,2015,2018,0,logistic,0.14787301274747738
fold_2,validation,36500,54,2015,2018,0,logistic,0.18237792588673407
fold_2,validation,36500,56,2015,2018,0,logistic,0.09800401693287424
fold_2,validation,36500,61,2015,2018,0,logistic,0.36394337869421745
fold_2,validation,36500,62,2015,2018,0,logistic,0.1109559109419298
fold_2,validation,36500,72,2015,2018,0,logistic,0.2436103148668763
fold_2,validation,36500,81,2015,2018,0,logistic,0.06485043768994728
fold_2,validation,37340,22,2015,2018,0,logistic,0.0094125684823695
fold_2,validation,37340,23,2015,2018,0,logistic,0.0949740615759634
fold_2,validation,37340,31-33,2015,2018,0,logistic,0.07447352653551619
fold_2,validation,37340,42,2015,2018,0,logistic,0.12825805195613482
fold_2,validation,37340,44-45,2015,2018,0,logistic,0.06666168711743237
fold_2,validation,37340,48-49,2015,2018,0,logistic,0.14649261360987792
fold_2,validation,37340,51,2015,2018,0,logistic,0.10484429681448104
fold_2,validation,37340,52,2015,2018,0,logistic,0.13556054865784292
fold_2,validation,37340,53,2015,2018,0,logistic,0.09168079830747147
fold_2,validation,37340,54,2015,2018,0,logistic,0.10435302091888482
fold_2,validation,37340,56,2015,2018,0,logistic,0.1127543295354975
fold_2,validation,37340,61,2015,2018,0,logistic,0.22547975558781957
fold_2,validation,37340,62,2015,2018,0,logistic,0.08987767923771275
fold_2,validation,37340,71,2015,2018,1,logistic,0.11269592660413427
fold_2,validation,37340,72,2015,2018,0,logistic,0.0854524538109843
fold_2,validation,37340,81,2015,2018,0,logistic,0.06532898992583161
fold_2,validation,38060,11,2015,2018,0,logistic,0.18922278867062148
fold_2,validation,38060,22,2015,2018,0,logistic,0.0012348211521958532
fold_2,validation,38060,23,2015,2018,0,logistic,0.08150461215424694
fold_2,validation,38060,31-33,2015,2018,0,logistic,0.10276458743315957
fold_2,validation,38060,42,2015,2018,0,logistic,0.09274135896745149
fold_2,validation,38060,44-45,2015,2018,0,logistic,0.04040468780067346
fold_2,validation,38060,48-49,2015,2018,0,logistic,0.1705136469757022
fold_2,validation,38060,51,2015,2018,0,logistic,0.12289503257885236
fold_2,validation,38060,52,2015,2018,0,logistic,0.07117602302712632
fold_2,validation,38060,53,2015,2018,0,logistic,0.07149206356759928
fold_2,validation,38060,54,2015,2018,0,logistic,0.09295283800005945
fold_2,validation,38060,55,2015,2018,0,logistic,0.007884163714182624
fold_2,validation,38060,56,2015,2018,0,logistic,0.174338341623835
fold_2,validation,38060,61,2015,2018,0,logistic,0.21627316710115166
fold_2,validation,38060,62,2015,2018,0,logistic,0.06150850220874243
fold_2,validation,38060,71,2015,2018,0,logistic,0.10511008363761694
fold_2,validation,38060,72,2015,2018,0,logistic,0.07996957121966955
fold_2,validation,38060,81,2015,2018,0,logistic,0.03713589173788179
fold_2,validation,38900,23,2015,2018,0,logistic,0.08471379960690198
fold_2,validation,38900,31-33,2015,2018,0,logistic,0.0803114016531004
fold_2,validation,38900,44-45,2015,2018,0,logistic,0.060396916231003
fold_2,validation,38900,52,2015,2018,0,logistic,0.11271571789408842
fold_2,validation,38900,53,2015,2018,0,logistic,0.11685867240415455
fold_2,validation,38900,56,2015,2018,0,logistic,0.18098500337648354
fold_2,validation,38900,71,2015,2018,0,logistic,0.17154961961634457
fold_2,validation,38900,72,2015,2018,0,logistic,0.134941626656378
fold_2,validation,39300,44-45,2015,2018,0,logistic,0.10435255128319335
fold_2,validation,39300,51,2015,2018,1,logistic,0.34346630474197154
fold_2,validation,39300,52,2015,2018,0,logistic,0.1875701056086446
fold_2,validation,39300,53,2015,2018,0,logistic,0.19767510962108345
fold_2,validation,39300,54,2015,2018,0,logistic,0.244719060870275
fold_2,validation,39300,56,2015,2018,0,logistic,0.19779874712314585
fold_2,validation,39300,61,2015,2018,0,logistic,0.3358615297907185
fold_2,validation,39300,62,2015,2018,0,logistic,0.13115421607294406
fold_2,validation,39300,71,2015,2018,0,logistic,0.3093900092213604
fold_2,validation,39300,72,2015,2018,0,logistic,0.22036254599929078
fold_2,validation,39300,81,2015,2018,0,logistic,0.10092140961315987
fold_2,validation,39340,23,2015,2018,0,logistic,0.05370757237455705
fold_2,validation,39340,31-33,2015,2018,0,logistic,0.0672515107736415
fold_2,validation,39340,42,2015,2018,0,logistic,0.04249206538186299
fold_2,validation,39340,44-45,2015,2018,0,logistic,0.04146024103653353
fold_2,validation,39340,54,2015,2018,0,logistic,0.031249123196995323
fold_2,validation,40220,52,2015,2018,1,logistic,0.12236618918152704
fold_2,validation,40220,53,2015,2018,1,logistic,0.19256749268331544
fold_2,validation,40380,23,2015,2018,0,logistic,0.12452843706647994
fold_2,validation,40380,31-33,2015,2018,0,logistic,0.1607694283708338
fold_2,validation,40380,42,2015,2018,0,logistic,0.17911615784460425
fold_2,validation,40380,44-45,2015,2018,0,logistic,0.0898733605627174
fold_2,validation,40380,51,2015,2018,1,logistic,0.3533078913692152
fold_2,validation,40380,52,2015,2018,0,logistic,0.15387222917416124
fold_2,validation,40380,53,2015,2018,0,logistic,0.15509468224092882
fold_2,validation,40380,56,2015,2018,0,logistic,0.19598439601664636
fold_2,validation,40380,71,2015,2018,1,logistic,0.3682447093365699
fold_2,validation,40380,72,2015,2018,0,logistic,0.13711036076911054
fold_2,validation,40380,81,2015,2018,0,logistic,0.0948959292990875
fold_2,validation,41060,23,2015,2018,0,logistic,0.19065297794006547
fold_2,validation,41060,31-33,2015,2018,1,logistic,0.14514765515092354
fold_2,validation,41060,42,2015,2018,0,logistic,0.14094637807485413
fold_2,validation,41060,44-45,2015,2018,0,logistic,0.2517225325062322
fold_2,validation,41060,48-49,2015,2018,1,logistic,0.402267742226864
fold_2,validation,41060,52,2015,2018,0,logistic,0.22590660382154318
fold_2,validation,41060,53,2015,2018,0,logistic,0.16194231130785117
fold_2,validation,41060,56,2015,2018,1,logistic,0.3534838849038013
fold_2,validation,41060,72,2015,2018,0,logistic,0.29137787687391487
fold_2,validation,41060,81,2015,2018,0,logistic,0.10564767160188376
fold_2,validation,41620,23,2015,2018,0,logistic,0.12399926811570162
fold_2,validation,41620,31-33,2015,2018,0,logistic,0.1265953339198018
fold_2,validation,41620,42,2015,2018,0,logistic,0.14214625494180522
fold_2,validation,41620,44-45,2015,2018,0,logistic,0.061111672815203764
fold_2,validation,41620,48-49,2015,2018,0,logistic,0.31722295253817917
fold_2,validation,41620,51,2015,2018,0,logistic,0.11914623297260374
fold_2,validation,41620,52,2015,2018,0,logistic,0.09080840547228058
fold_2,validation,41620,53,2015,2018,0,logistic,0.1276240287737328
fold_2,validation,41620,56,2015,2018,0,logistic,0.16971974928339958
fold_2,validation,41620,61,2015,2018,0,logistic,0.2735103600521792
fold_2,validation,41620,62,2015,2018,0,logistic,0.08429316989787025
fold_2,validation,41620,71,2015,2018,0,logistic,0.060006923365433174
fold_2,validation,41620,72,2015,2018,0,logistic,0.1268414857747796
fold_2,validation,41620,81,2015,2018,0,logistic,0.05236012725518974
fold_2,validation,41660,21,2015,2018,0,logistic,0.11612991003387615
fold_2,validation,41660,48-49,2015,2018,0,logistic,0.028368905951376876
fold_2,validation,41660,81,2015,2018,0,logistic,0.07036726303948752
fold_2,validation,42100,23,2015,2018,0,logistic,0.10570550603495019
fold_2,validation,42100,31-33,2015,2018,0,logistic,0.0940222225423138
fold_2,validation,42100,42,2015,2018,0,logistic,0.13353802385980168
fold_2,validation,42100,44-45,2015,2018,1,logistic,0.15772756892600914
fold_2,validation,42100,51,2015,2018,0,logistic,0.15157808057365688
fold_2,validation,42100,52,2015,2018,1,logistic,0.16406390189859335
fold_2,validation,42100,53,2015,2018,0,logistic,0.24459476060696864
fold_2,validation,42100,54,2015,2018,0,logistic,0.13327416021572597
fold_2,validation,42100,56,2015,2018,1,logistic,0.3376473444405516
fold_2,validation,42100,61,2015,2018,0,logistic,0.1416541823877047
fold_2,validation,42100,62,2015,2018,0,logistic,0.08927853613613332
fold_2,validation,42100,71,2015,2018,0,logistic,0.218086589133315
fold_2,validation,42100,72,2015,2018,0,logistic,0.21912584944711164
fold_2,validation,42100,81,2015,2018,0,logistic,0.0947167403338983
fold_2,validation,42140,23,2015,2018,0,logistic,0.10485066176342847
fold_2,validation,42140,31-33,2015,2018,0,logistic,0.10768316875558172
fold_2,validation,42140,44-45,2015,2018,1,logistic,0.13442884479360337
fold_2,validation,42140,51,2015,2018,0,logistic,0.17234021780411035
fold_2,validation,42140,52,2015,2018,0,logistic,0.12713780411456377
fold_2,validation,42140,53,2015,2018,0,logistic,0.3808504245594172
fold_2,validation,42140,54,2015,2018,0,logistic,0.16431906557376408
fold_2,validation,42140,56,2015,2018,0,logistic,0.2455679190238285
fold_2,validation,42140,62,2015,2018,1,logistic,0.15579896443789465
fold_2,validation,42140,71,2015,2018,0,logistic,0.32886752529484037
fold_2,validation,42140,72,2015,2018,0,logistic,0.21879390590192646
fold_2,validation,42140,81,2015,2018,0,logistic,0.08241536040307222
fold_2,validation,42540,23,2015,2018,0,logistic,0.14254089422755112
fold_2,validation,42540,31-33,2015,2018,0,logistic,0.188858905998261
fold_2,validation,42540,44-45,2015,2018,0,logistic,0.12671676295824552
fold_2,validation,42540,48-49,2015,2018,0,logistic,0.4733328435084547
fold_2,validation,42540,52,2015,2018,0,logistic,0.17733920952947305
fold_2,validation,42540,53,2015,2018,0,logistic,0.29195358945522115
fold_2,validation,42540,56,2015,2018,0,logistic,0.32184588920317203
fold_2,validation,42540,71,2015,2018,1,logistic,0.43440335550112047
fold_2,validation,42540,72,2015,2018,0,logistic,0.22206643107207608
fold_2,validation,42540,81,2015,2018,0,logistic,0.11543666584549864
fold_2,validation,43340,21,2015,2018,0,logistic,0.180299668775229
fold_2,validation,43340,42,2015,2018,0,logistic,0.21921240516513357
fold_2,validation,43340,44-45,2015,2018,0,logistic,0.15696986702270144
fold_2,validation,43340,48-49,2015,2018,0,logistic,0.41053789991163303
fold_2,validation,43340,51,2015,2018,1,logistic,0.22524248969726787
fold_2,validation,43340,52,2015,2018,0,logistic,0.22273282601327
fold_2,validation,43340,53,2015,2018,0,logistic,0.30238423036310574
fold_2,validation,43340,54,2015,2018,0,logistic,0.16982104149334307
fold_2,validation,43340,56,2015,2018,0,logistic,0.2184446121231182
fold_2,validation,43340,71,2015,2018,1,logistic,0.38366438616977183
fold_2,validation,43340,72,2015,2018,0,logistic,0.17936677813516286
fold_2,validation,43340,81,2015,2018,0,logistic,0.11397684600562089
fold_2,validation,44060,23,2015,2018,0,logistic,0.05962945545903406
fold_2,validation,44060,31-33,2015,2018,0,logistic,0.12072893748146879
fold_2,validation,44060,44-45,2015,2018,0,logistic,0.08328750731181264
fold_2,validation,44060,51,2015,2018,0,logistic,0.28760910651494753
fold_2,validation,44060,52,2015,2018,0,logistic,0.1334005727515781
fold_2,validation,44060,53,2015,2018,0,logistic,0.15849696343749423
fold_2,validation,44060,61,2015,2018,0,logistic,0.25968999459251996
fold_2,validation,44060,62,2015,2018,0,logistic,0.12108589622634917
fold_2,validation,44060,71,2015,2018,0,logistic,0.16233416411982338
fold_2,validation,44060,72,2015,2018,1,logistic,0.2366541547141989
fold_2,validation,44060,81,2015,2018,0,logistic,0.08128502442599725
fold_2,validation,44100,23,2015,2018,0,logistic,0.09912128941846722
fold_2,validation,44100,31-33,2015,2018,0,logistic,0.14195183303423325
fold_2,validation,44100,42,2015,2018,1,logistic,0.23173953896263835
fold_2,validation,44100,44-45,2015,2018,1,logistic,0.13225558740945476
fold_2,validation,44100,52,2015,2018,0,logistic,0.23359862994427474
fold_2,validation,44100,53,2015,2018,1,logistic,0.2836923347070361
fold_2,validation,44100,54,2015,2018,0,logistic,0.3290558151775271
fold_2,validation,44100,56,2015,2018,1,logistic,0.32410020827652225
fold_2,validation,44100,71,2015,2018,0,logistic,0.45057660011436423
fold_2,validation,44100,72,2015,2018,1,logistic,0.27769198824175995
fold_2,validation,44100,81,2015,2018,0,logistic,0.16184136889087977
fold_2,validation,44220,21,2015,2018,1,logistic,0.6856780721486404
fold_2,validation,44220,23,2015,2018,0,logistic,0.2280125922126636
fold_2,validation,44220,44-45,2015,2018,1,logistic,0.21203451776820575
fold_2,validation,44220,48-49,2015,2018,0,logistic,0.5419842141362501
fold_2,validation,44220,54,2015,2018,1,logistic,0.37900455632616975
fold_2,validation,44220,55,2015,2018,0,logistic,0.01716263265778671
fold_2,validation,44220,56,2015,2018,0,logistic,0.2058958284691889
fold_2,validation,44220,62,2015,2018,0,logistic,0.14576863023440909
fold_2,validation,44220,72,2015,2018,1,logistic,0.3122746280041138
fold_2,validation,44220,81,2015,2018,0,logistic,0.2067038502759802
fold_2,validation,44300,22,2015,2018,0,logistic,0.009773832590179261
fold_2,validation,44300,23,2015,2018,1,logistic,0.1754128481509184
fold_2,validation,44300,31-33,2015,2018,0,logistic,0.10401316537037068
fold_2,validation,44300,44-45,2015,2018,1,logistic,0.23066602530401564
fold_2,validation,44300,48-49,2015,2018,0,logistic,0.41288369654986545
fold_2,validation,44300,52,2015,2018,0,logistic,0.19069827002788575
fold_2,validation,44300,53,2015,2018,0,logistic,0.31855504813982993
fold_2,validation,44300,54,2015,2018,1,logistic,0.24897274962368646
fold_2,validation,44300,56,2015,2018,0,logistic,0.26989989068433623
fold_2,validation,44300,62,2015,2018,1,logistic,0.10717892183979681
fold_2,validation,44300,72,2015,2018,1,logistic,0.2791933160709803
fold_2,validation,44300,81,2015,2018,1,logistic,0.12922727319191368
fold_2,validation,45460,23,2015,2018,1,logistic,0.23126062293139998
fold_2,validation,45460,31-33,2015,2018,0,logistic,0.20858311706951493
fold_2,validation,45460,44-45,2015,2018,1,logistic,0.20235085676752293
fold_2,validation,45460,48-49,2015,2018,1,logistic,0.471279530349418
fold_2,validation,45460,81,2015,2018,0,logistic,0.1573889211201365
fold_2,validation,47260,44-45,2015,2018,0,logistic,0.09822799095163767
fold_2,validation,47260,81,2015,2018,0,logistic,0.08813786986201545
fold_2,validation,47940,23,2015,2018,1,logistic,0.16272238369104408
fold_2,validation,47940,44-45,2015,2018,0,logistic,0.13331593755143567
fold_2,validation,47940,71,2015,2018,1,logistic,0.4710576601126369
fold_2,validation,47940,72,2015,2018,0,logistic,0.288980363540258
fold_2,validation,47940,81,2015,2018,0,logistic,0.15675514194203186
fold_2,validation,48260,44-45,2015,2018,0,logistic,0.24661276340917127
fold_2,validation,48260,48-49,2015,2018,0,logistic,0.184807543281597
fold_2,validation,48260,72,2015,2018,0,logistic,0.3256274750948054
fold_2,validation,48260,81,2015,2018,0,logistic,0.20649181218697005
fold_2,validation,48300,23,2015,2018,0,logistic,0.04509597693871222
fold_2,validation,48300,31-33,2015,2018,0,logistic,0.04967357192962698
fold_2,validation,48300,44-45,2015,2018,0,logistic,0.11059802738609781
fold_2,validation,48300,48-49,2015,2018,0,logistic,0.23225825879268727
fold_2,validation,48300,53,2015,2018,1,logistic,0.1601099071072888
fold_2,validation,48300,56,2015,2018,0,logistic,0.09768664079495888
fold_2,validation,48300,61,2015,2018,0,logistic,0.09226667828957942
fold_2,validation,48300,62,2015,2018,0,logistic,0.11222639899709295
fold_2,validation,48300,71,2015,2018,1,logistic,0.3434673195996685
fold_2,validation,48300,72,2015,2018,1,logistic,0.11859483725712051
fold_2,validation,48300,81,2015,2018,0,logistic,0.09099696730275837
fold_2,validation,49180,23,2015,2018,0,logistic,0.12326585336834592
fold_2,validation,49180,31-33,2015,2018,0,logistic,0.14966814673113515
fold_2,validation,49180,44-45,2015,2018,0,logistic,0.1041732710623205
fold_2,validation,49180,52,2015,2018,0,logistic,0.15290702863128994
fold_2,validation,49180,56,2015,2018,1,logistic,0.2649822160805501
fold_2,validation,49180,71,2015,2018,0,logistic,0.3046118402265478
fold_2,validation,49180,72,2015,2018,0,logistic,0.17454694494370754
fold_3,validation,10540,22,2016,2019,0,logistic,0.00995058485584691
fold_3,validation,10540,23,2016,2019,0,logistic,0.14095327601249982
fold_3,validation,10540,23,2017,2020,0,logistic,0.10481400261352346
fold_3,validation,10540,31-33,2016,2019,1,logistic,0.16540229930268596
fold_3,validation,10540,31-33,2017,2020,0,logistic,0.20921905180544456
fold_3,validation,10540,44-45,2016,2019,0,logistic,0.1654114906112967
fold_3,validation,10540,44-45,2017,2020,1,logistic,0.1983229351615048
fold_3,validation,10540,48-49,2016,2019,0,logistic,0.12262961113485184
fold_3,validation,10540,48-49,2017,2020,0,logistic,0.1773306288122996
fold_3,validation,10540,53,2016,2019,0,logistic,0.1953172943287841
fold_3,validation,10540,53,2017,2020,1,logistic,0.19987750160498988
fold_3,validation,10540,54,2016,2019,0,logistic,0.16567390619933975
fold_3,validation,10540,54,2017,2020,0,logistic,0.19018948851899195
fold_3,validation,10540,55,2016,2019,0,logistic,0.02929544398612262
fold_3,validation,10540,55,2017,2020,0,logistic,0.030501263586618508
fold_3,validation,10540,56,2016,2019,0,logistic,0.19502384021496344
fold_3,validation,10540,56,2017,2020,1,logistic,0.18034688387222123
fold_3,validation,10540,62,2016,2019,0,logistic,0.09217545740021141
fold_3,validation,10540,62,2017,2020,1,logistic,0.10947593724978547
fold_3,validation,10540,72,2016,2019,0,logistic,0.1868803521454577
fold_3,validation,10540,72,2017,2020,0,logistic,0.2551646483953006
fold_3,validation,10540,81,2016,2019,0,logistic,0.10383190790768607
fold_3,validation,10540,81,2017,2020,0,logistic,0.13996902300498615
fold_3,validation,11260,23,2016,2019,0,logistic,0.1214624028829856
fold_3,validation,11260,23,2017,2020,0,logistic,0.11829495387176482
fold_3,validation,11260,31-33,2016,2019,0,logistic,0.11010020279422272
fold_3,validation,11260,31-33,2017,2020,0,logistic,0.11577878590300275
fold_3,validation,11260,42,2016,2019,1,logistic,0.2256352507714246
fold_3,validation,11260,42,2017,2020,1,logistic,0.23051776677986552
fold_3,validation,11260,44-45,2016,2019,0,logistic,0.12577243914943453
fold_3,validation,11260,44-45,2017,2020,0,logistic,0.12894627253885185
fold_3,validation,11260,48-49,2016,2019,1,logistic,0.4869676154099195
fold_3,validation,11260,48-49,2017,2020,0,logistic,0.4194989618330404
fold_3,validation,11260,51,2016,2019,1,logistic,0.4538492012135461
fold_3,validation,11260,51,2017,2020,0,logistic,0.36568157729064094
fold_3,validation,11260,52,2016,2019,0,logistic,0.15440599706925723
fold_3,validation,11260,52,2017,2020,0,logistic,0.20003017759467576
fold_3,validation,11260,53,2016,2019,0,logistic,0.14556908313626218
fold_3,validation,11260,53,2017,2020,0,logistic,0.19744092009991707
fold_3,validation,11260,54,2016,2019,1,logistic,0.2338614623818921
fold_3,validation,11260,54,2017,2020,1,logistic,0.236993512507032
fold_3,validation,11260,56,2016,2019,0,logistic,0.2870729478534371
fold_3,validation,11260,61,2016,2019,1,logistic,0.5116769371572377
fold_3,validation,11260,61,2017,2020,0,logistic,0.44220592209611775
fold_3,validation,11260,62,2016,2019,0,logistic,0.08740055506017662
fold_3,validation,11260,62,2017,2020,0,logistic,0.07815408614964064
fold_3,validation,11260,71,2016,2019,1,logistic,0.3581085338250139
fold_3,validation,11260,71,2017,2020,1,logistic,0.2130349214785175
fold_3,validation,11260,72,2016,2019,0,logistic,0.2014156835066923
fold_3,validation,11260,72,2017,2020,1,logistic,0.17814902455824727
fold_3,validation,11260,81,2016,2019,0,logistic,0.07546324005763316
fold_3,validation,11260,81,2017,2020,0,logistic,0.0880079081312797
fold_3,validation,11500,22,2016,2019,0,logistic,0.010085582456003443
fold_3,validation,11500,22,2017,2020,0,logistic,0.010652941101472609
fold_3,validation,11500,23,2016,2019,0,logistic,0.1958567079582032
fold_3,validation,11500,23,2017,2020,0,logistic,0.0863164087373792
fold_3,validation,11500,31-33,2016,2019,0,logistic,0.2179939566728306
fold_3,validation,11500,44-45,2016,2019,1,logistic,0.10159031182505089
fold_3,validation,11500,44-45,2017,2020,0,logistic,0.17539196741222624
fold_3,validation,11500,55,2016,2019,0,logistic,0.030473209246724295
fold_3,validation,11500,55,2017,2020,0,logistic,0.030493590514695502
fold_3,validation,11500,56,2016,2019,1,logistic,0.2830093235760183
fold_3,validation,11500,56,2017,2020,0,logistic,0.23949591246443136
fold_3,validation,11500,62,2016,2019,0,logistic,0.2125501728296945
fold_3,validation,11500,62,2017,2020,0,logistic,0.17761417695653656
fold_3,validation,11500,72,2016,2019,0,logistic,0.24717100414684964
fold_3,validation,11500,72,2017,2020,0,logistic,0.3243090193870866
fold_3,validation,11500,81,2016,2019,0,logistic,0.13014450312157633
fold_3,validation,11500,81,2017,2020,1,logistic,0.20155097125572796
fold_3,validation,11540,23,2016,2019,0,logistic,0.205138946674115
fold_3,validation,11540,23,2017,2020,0,logistic,0.24260885783992908
fold_3,validation,11540,31-33,2016,2019,0,logistic,0.19078875165756673
fold_3,validation,11540,31-33,2017,2020,1,logistic,0.2786535629431359
fold_3,validation,11540,42,2016,2019,0,logistic,0.2084770703568027
fold_3,validation,11540,42,2017,2020,0,logistic,0.21423919775663378
fold_3,validation,11540,44-45,2016,2019,0,logistic,0.21295603778708602
fold_3,validation,11540,44-45,2017,2020,0,logistic,0.20418050244321637
fold_3,validation,11540,52,2016,2019,0,logistic,0.21773147081694508
fold_3,validation,11540,52,2017,2020,0,logistic,0.2077337524612457
fold_3,validation,11540,53,2016,2019,0,logistic,0.21338478274383363
fold_3,validation,11540,53,2017,2020,0,logistic,0.2796565225157177
fold_3,validation,11540,56,2016,2019,0,logistic,0.3355767939768032
fold_3,validation,11540,56,2017,2020,0,logistic,0.3457062412223
fold_3,validation,11540,71,2016,2019,1,logistic,0.19380143695279595
fold_3,validation,11540,71,2017,2020,0,logistic,0.44408553821600855
fold_3,validation,11540,72,2016,2019,0,logistic,0.261615016602241
fold_3,validation,11540,72,2017,2020,0,logistic,0.2786267334185186
fold_3,validation,12980,23,2016,2019,0,logistic,0.22889071740567538
fold_3,validation,12980,23,2017,2020,0,logistic,0.2106470445387488
fold_3,validation,12980,31-33,2016,2019,0,logistic,0.2253150777589026
fold_3,validation,12980,44-45,2016,2019,1,logistic,0.1743655746988527
fold_3,validation,12980,44-45,2017,2020,0,logistic,0.16399703685223196
fold_3,validation,12980,52,2016,2019,0,logistic,0.20611207036349935
fold_3,validation,12980,52,2017,2020,0,logistic,0.17885885417208816
fold_3,validation,12980,54,2017,2020,1,logistic,0.3055140818460073
fold_3,validation,12980,62,2016,2019,0,logistic,0.19803640968636385
fold_3,validation,12980,62,2017,2020,0,logistic,0.2700268759547952
fold_3,validation,12980,72,2016,2019,1,logistic,0.4405582808624725
fold_3,validation,12980,72,2017,2020,0,logistic,0.4244843362557806
fold_3,validation,12980,81,2016,2019,0,logistic,0.11280099211179372
fold_3,validation,12980,81,2017,2020,1,logistic,0.14735867600669053
fold_3,validation,13780,21,2016,2019,1,logistic,0.741579885139693
fold_3,validation,13780,23,2016,2019,0,logistic,0.12775309225820283
fold_3,validation,13780,23,2017,2020,0,logistic,0.11794606902895176
fold_3,validation,13780,31-33,2016,2019,1,logistic,0.23759074377071845
fold_3,validation,13780,31-33,2017,2020,0,logistic,0.24073740513232725
fold_3,validation,13780,44-45,2016,2019,0,logistic,0.17304802591630364
fold_3,validation,13780,44-45,2017,2020,1,logistic,0.20285327364938724
fold_3,validation,13780,52,2016,2019,0,logistic,0.1356843654286607
fold_3,validation,13780,52,2017,2020,1,logistic,0.15106355112654732
fold_3,validation,13780,53,2016,2019,1,logistic,0.22434705859810902
fold_3,validation,13780,56,2016,2019,0,logistic,0.36083362568263894
fold_3,validation,13780,56,2017,2020,1,logistic,0.3561467079409508
fold_3,validation,13780,62,2016,2019,0,logistic,0.2055740180566488
fold_3,validation,13780,62,2017,2020,0,logistic,0.26374849057616223
fold_3,validation,13780,72,2016,2019,0,logistic,0.20353493406669754
fold_3,validation,13780,72,2017,2020,0,logistic,0.20313801687916977
fold_3,validation,13780,81,2016,2019,0,logistic,0.11872876477380377
fold_3,validation,13780,81,2017,2020,1,logistic,0.14290250778231056
fold_3,validation,14260,23,2016,2019,0,logistic,0.05441752730338977
fold_3,validation,14260,23,2017,2020,0,logistic,0.037864349532087484
fold_3,validation,14260,31-33,2016,2019,0,logistic,0.11552477452387354
fold_3,validation,14260,31-33,2017,2020,0,logistic,0.13018154058982098
fold_3,validation,14260,44-45,2016,2019,0,logistic,0.0832377879554557
fold_3,validation,14260,44-45,2017,2020,0,logistic,0.07701756465856985
fold_3,validation,14260,81,2016,2019,0,logistic,0.07180279852442668
fold_3,validation,14260,81,2017,2020,0,logistic,0.07269571124576524
fold_3,validation,14500,23,2016,2019,0,logistic,0.10924862136374436
fold_3,validation,14500,23,2017,2020,0,logistic,0.09656390111426989
fold_3,validation,14500,31-33,2016,2019,0,logistic,0.09059054665384883
fold_3,validation,14500,31-33,2017,2020,0,logistic,0.10430454814891534
fold_3,validation,14500,42,2016,2019,0,logistic,0.1024333816056266
fold_3,validation,14500,42,2017,2020,0,logistic,0.08739662157552917
fold_3,validation,14500,44-45,2016,2019,0,logistic,0.09955633023718237
fold_3,validation,14500,44-45,2017,2020,0,logistic,0.10893166833830951
fold_3,validation,14500,48-49,2016,2019,1,logistic,0.4960662953925928
fold_3,validation,14500,48-49,2017,2020,1,logistic,0.5429731638178282
fold_3,validation,14500,51,2016,2019,0,logistic,0.07869013913776085
fold_3,validation,14500,51,2017,2020,0,logistic,0.08090664252955208
fold_3,validation,14500,52,2016,2019,0,logistic,0.11649260732804265
fold_3,validation,14500,52,2017,2020,1,logistic,0.10987115566807645
fold_3,validation,14500,53,2016,2019,0,logistic,0.12692097894929597
fold_3,validation,14500,53,2017,2020,0,logistic,0.13243711422914778
fold_3,validation,14500,54,2016,2019,0,logistic,0.11038540093616787
fold_3,validation,14500,54,2017,2020,0,logistic,0.10525281426713723
fold_3,validation,14500,56,2016,2019,1,logistic,0.18546119591607196
fold_3,validation,14500,56,2017,2020,0,logistic,0.2248967766556845
fold_3,validation,14500,61,2016,2019,0,logistic,0.19319882175045797
fold_3,validation,14500,61,2017,2020,1,logistic,0.12163793508038069
fold_3,validation,14500,62,2016,2019,0,logistic,0.08935871080029467
fold_3,validation,14500,62,2017,2020,0,logistic,0.09094778593912384
fold_3,validation,14500,71,2016,2019,0,logistic,0.19188542507578207
fold_3,validation,14500,71,2017,2020,0,logistic,0.3017197900829753
fold_3,validation,14500,72,2016,2019,0,logistic,0.2303784078767035
fold_3,validation,14500,72,2017,2020,1,logistic,0.2031318729661353
fold_3,validation,14500,81,2016,2019,0,logistic,0.06553164028266542
fold_3,validation,14500,81,2017,2020,0,logistic,0.05046106783600188
fold_3,validation,15980,23,2016,2019,0,logistic,0.04167061015769961
fold_3,validation,15980,23,2017,2020,0,logistic,0.04010949056240525
fold_3,validation,15980,31-33,2016,2019,0,logistic,0.08276134685448794
fold_3,validation,15980,31-33,2017,2020,1,logistic,0.10226012851620357
fold_3,validation,15980,42,2016,2019,0,logistic,0.11900190318130596
fold_3,validation,15980,42,2017,2020,0,logistic,0.11401402049549374
fold_3,validation,15980,44-45,2016,2019,0,logistic,0.0785663457157034
fold_3,validation,15980,44-45,2017,2020,0,logistic,0.0823061998966275
fold_3,validation,15980,48-49,2016,2019,0,logistic,0.08329772550301212
fold_3,validation,15980,48-49,2017,2020,0,logistic,0.11159687430297963
fold_3,validation,15980,51,2016,2019,0,logistic,0.12341051441437405
fold_3,validation,15980,51,2017,2020,0,logistic,0.1402857688096884
fold_3,validation,15980,52,2016,2019,0,logistic,0.12242784467706565
fold_3,validation,15980,52,2017,2020,0,logistic,0.11775911036011819
fold_3,validation,15980,53,2016,2019,0,logistic,0.055187645061983204
fold_3,validation,15980,53,2017,2020,0,logistic,0.06462041643432799
fold_3,validation,15980,54,2016,2019,0,logistic,0.11098448574037321
fold_3,validation,15980,54,2017,2020,0,logistic,0.12560128888064737
fold_3,validation,15980,56,2016,2019,0,logistic,0.1129342516257362
fold_3,validation,15980,56,2017,2020,0,logistic,0.0815801216061737
fold_3,validation,15980,61,2016,2019,0,logistic,0.2274567913304028
fold_3,validation,15980,61,2017,2020,0,logistic,0.1927736195318689
fold_3,validation,15980,62,2016,2019,0,logistic,0.08704780679088688
fold_3,validation,15980,62,2017,2020,0,logistic,0.07990440313677803
fold_3,validation,15980,71,2016,2019,1,logistic,0.1619568767426857
fold_3,validation,15980,71,2017,2020,0,logistic,0.1943343322134078
fold_3,validation,15980,72,2016,2019,0,logistic,0.10397752695998805
fold_3,validation,15980,72,2017,2020,0,logistic,0.10625890261116551
fold_3,validation,15980,81,2016,2019,0,logistic,0.03637165064862129
fold_3,validation,15980,81,2017,2020,0,logistic,0.03972672757623105
fold_3,validation,16180,23,2016,2019,0,logistic,0.12024477957242724
fold_3,validation,16180,23,2017,2020,0,logistic,0.059230092207792275
fold_3,validation,16180,31-33,2017,2020,0,logistic,0.12643679075089062
fold_3,validation,16180,42,2016,2019,0,logistic,0.21531424944636796
fold_3,validation,16180,42,2017,2020,0,logistic,0.10086632101040167
fold_3,validation,16180,44-45,2016,2019,0,logistic,0.11932713906156585
fold_3,validation,16180,44-45,2017,2020,0,logistic,0.08590740112231626
fold_3,validation,16180,51,2016,2019,0,logistic,0.05084389643738498
fold_3,validation,16180,51,2017,2020,1,logistic,0.09499741500092515
fold_3,validation,16180,53,2016,2019,1,logistic,0.16990140952646188
fold_3,validation,16180,53,2017,2020,0,logistic,0.2653697932474753
fold_3,validation,16180,54,2016,2019,0,logistic,0.2585378246428228
fold_3,validation,16180,54,2017,2020,0,logistic,0.19861581650201893
fold_3,validation,16180,55,2016,2019,0,logistic,0.029602870947791956
fold_3,validation,16180,55,2017,2020,0,logistic,0.029901825783073797
fold_3,validation,16180,56,2016,2019,1,logistic,0.18740766777232393
fold_3,validation,16180,56,2017,2020,0,logistic,0.08355902736692344
fold_3,validation,16180,62,2016,2019,0,logistic,0.19087122890923408
fold_3,validation,16180,62,2017,2020,1,logistic,0.19548363917463737
fold_3,validation,16180,72,2016,2019,1,logistic,0.13421990526164723
fold_3,validation,16180,72,2017,2020,1,logistic,0.310830417312552
fold_3,validation,16180,81,2016,2019,0,logistic,0.0569827510409615
fold_3,validation,16180,81,2017,2020,0,logistic,0.08073426453755343
fold_3,validation,16540,11,2016,2019,1,logistic,0.7336979574781588
fold_3,validation,16540,11,2017,2020,0,logistic,0.7473367899458554
fold_3,validation,16540,21,2016,2019,1,logistic,0.723737347770913
fold_3,validation,16540,21,2017,2020,1,logistic,0.7298124476021949
fold_3,validation,16540,22,2016,2019,0,logistic,0.010108009730892405
fold_3,validation,16540,22,2017,2020,0,logistic,0.010397242951324735
fold_3,validation,16540,23,2016,2019,0,logistic,0.19213390192308424
fold_3,validation,16540,23,2017,2020,0,logistic,0.20819156899693048
fold_3,validation,16540,31-33,2017,2020,0,logistic,0.16798066530430747
fold_3,validation,16540,42,2016,2019,1,logistic,0.2197525862293446
fold_3,validation,16540,44-45,2016,2019,0,logistic,0.16949799847601682
fold_3,validation,16540,44-45,2017,2020,0,logistic,0.2272604582628138
fold_3,validation,16540,48-49,2016,2019,0,logistic,0.5749197099621695
fold_3,validation,16540,48-49,2017,2020,0,logistic,0.5397201509488143
fold_3,validation,16540,53,2016,2019,1,logistic,0.25212205566749896
fold_3,validation,16540,53,2017,2020,0,logistic,0.26459097457290914
fold_3,validation,16540,54,2016,2019,0,logistic,0.2642929897776734
fold_3,validation,16540,54,2017,2020,1,logistic,0.3248229153692576
fold_3,validation,16540,55,2016,2019,0,logistic,0.031147701559362386
fold_3,validation,16540,55,2017,2020,0,logistic,0.031046323604383072
fold_3,validation,16540,56,2016,2019,1,logistic,0.3123818743979793
fold_3,validation,16540,56,2017,2020,0,logistic,0.30546768173678784
fold_3,validation,16540,62,2016,2019,0,logistic,0.17393489345980548
fold_3,validation,16540,62,2017,2020,0,logistic,0.2297169182280913
fold_3,validation,16540,72,2016,2019,0,logistic,0.3996653645603838
fold_3,validation,16540,72,2017,2020,1,logistic,0.3706205371247393
fold_3,validation,16540,81,2016,2019,0,logistic,0.1590946599217742
fold_3,validation,16540,81,2017,2020,1,logistic,0.18638851061061573
fold_3,validation,16620,44-45,2016,2019,1,logistic,0.15433876597962945
fold_3,validation,16620,44-45,2017,2020,0,logistic,0.19622368554805486
fold_3,validation,16620,81,2016,2019,0,logistic,0.1646202121684504
fold_3,validation,16620,81,2017,2020,0,logistic,0.1663173257779389
fold_3,validation,17300,31-33,2016,2019,1,logistic,0.18965876133609721
fold_3,validation,17300,31-33,2017,2020,0,logistic,0.15551983204065395
fold_3,validation,17300,44-45,2016,2019,0,logistic,0.1297277593881479
fold_3,validation,17300,44-45,2017,2020,0,logistic,0.09787859936456995
fold_3,validation,17300,52,2016,2019,0,logistic,0.18657879909527317
fold_3,validation,17300,52,2017,2020,0,logistic,0.17180668093072318
fold_3,validation,17300,56,2016,2019,0,logistic,0.2348173899727408
fold_3,validation,17300,56,2017,2020,0,logistic,0.23153611972833632
fold_3,validation,19140,23,2016,2019,1,logistic,0.17784212704642227
fold_3,validation,19140,23,2017,2020,0,logistic,0.10147910225061332
fold_3,validation,19140,31-33,2016,2019,0,logistic,0.1985536911825178
fold_3,validation,19140,31-33,2017,2020,0,logistic,0.20301208933629616
fold_3,validation,19140,42,2016,2019,0,logistic,0.21717107496401972
fold_3,validation,19140,42,2017,2020,0,logistic,0.19080919352806935
fold_3,validation,19140,44-45,2016,2019,0,logistic,0.15563930335205226
fold_3,validation,19140,44-45,2017,2020,0,logistic,0.14365447107552443
fold_3,validation,19140,52,2017,2020,1,logistic,0.16401258963848767
fold_3,validation,19140,56,2016,2019,1,logistic,0.2872531718658567
fold_3,validation,19140,56,2017,2020,0,logistic,0.320789499476542
fold_3,validation,19140,81,2016,2019,0,logistic,0.1833826720770253
fold_3,validation,19140,81,2017,2020,0,logistic,0.17925814023283818
fold_3,validation,19300,22,2016,2019,0,logistic,0.009714459323270471
fold_3,validation,19300,22,2017,2020,0,logistic,0.010003680728296844
fold_3,validation,19300,23,2016,2019,0,logistic,0.08553696587928723
fold_3,validation,19300,23,2017,2020,0,logistic,0.1038950332840967
fold_3,validation,19300,31-33,2016,2019,0,logistic,0.08882546426459119
fold_3,validation,19300,31-33,2017,2020,0,logistic,0.09846372383981442
fold_3,validation,19300,42,2016,2019,1,logistic,0.16717655872745985
fold_3,validation,19300,42,2017,2020,0,logistic,0.1476774533927337
fold_3,validation,19300,44-45,2016,2019,1,logistic,0.14017988301519296
fold_3,validation,19300,44-45,2017,2020,0,logistic,0.1459518564812239
fold_3,validation,19300,48-49,2016,2019,0,logistic,0.20276036683499066
fold_3,validation,19300,48-49,2017,2020,0,logistic,0.2181129390074893
fold_3,validation,19300,52,2016,2019,0,logistic,0.25372531829258455
fold_3,validation,19300,52,2017,2020,0,logistic,0.20591069872895215
fold_3,validation,19300,53,2016,2019,0,logistic,0.0826788035905962
fold_3,validation,19300,53,2017,2020,0,logistic,0.07873540182017828
fold_3,validation,19300,54,2016,2019,0,logistic,0.15753791327892727
fold_3,validation,19300,54,2017,2020,0,logistic,0.14377706644634977
fold_3,validation,19300,55,2016,2019,0,logistic,0.028522686471725695
fold_3,validation,19300,56,2016,2019,0,logistic,0.18241215322896973
fold_3,validation,19300,56,2017,2020,0,logistic,0.11466074917044679
fold_3,validation,19300,62,2016,2019,0,logistic,0.12084325103415247
fold_3,validation,19300,62,2017,2020,0,logistic,0.10185562237342019
fold_3,validation,19300,71,2016,2019,0,logistic,0.11487657320624324
fold_3,validation,19300,71,2017,2020,0,logistic,0.12887499265590355
fold_3,validation,19300,72,2016,2019,0,logistic,0.11758979296510387
fold_3,validation,19300,72,2017,2020,0,logistic,0.11448185914342551
fold_3,validation,19300,81,2016,2019,0,logistic,0.06618503495023695
fold_3,validation,19300,81,2017,2020,1,logistic,0.1028512583499755
fold_3,validation,20940,22,2016,2019,0,logistic,0.010086758100413007
fold_3,validation,20940,23,2016,2019,0,logistic,0.10570700781512667
fold_3,validation,20940,23,2017,2020,1,logistic,0.1245208069961337
fold_3,validation,20940,42,2016,2019,0,logistic,0.09361617151857834
fold_3,validation,20940,42,2017,2020,1,logistic,0.1846702133266915
fold_3,validation,20940,44-45,2016,2019,1,logistic,0.16734756702610282
fold_3,validation,20940,44-45,2017,2020,0,logistic,0.13194860015553583
fold_3,validation,20940,48-49,2016,2019,0,logistic,0.29081413614122836
fold_3,validation,20940,48-49,2017,2020,0,logistic,0.3718314646255866
fold_3,validation,20940,52,2016,2019,0,logistic,0.25882465590414333
fold_3,validation,20940,53,2016,2019,1,logistic,0.2510714584424021
fold_3,validation,20940,53,2017,2020,0,logistic,0.30903715564783696
fold_3,validation,20940,54,2016,2019,0,logistic,0.25632725862994593
fold_3,validation,20940,54,2017,2020,1,logistic,0.2970801871197136
fold_3,validation,20940,55,2016,2019,0,logistic,0.02811128056134708
fold_3,validation,20940,55,2017,2020,0,logistic,0.032341288970072275
fold_3,validation,20940,56,2016,2019,0,logistic,0.18146067144676953
fold_3,validation,20940,56,2017,2020,1,logistic,0.2439815807084406
fold_3,validation,20940,62,2016,2019,0,logistic,0.10270562274664678
fold_3,validation,20940,62,2017,2020,0,logistic,0.15279818301900616
fold_3,validation,20940,72,2016,2019,0,logistic,0.20849914697341715
fold_3,validation,20940,72,2017,2020,1,logistic,0.1947512123067168
fold_3,validation,20940,81,2016,2019,0,logistic,0.11229945281284769
fold_3,validation,20940,81,2017,2020,0,logistic,0.05247068111822729
fold_3,validation,21660,11,2016,2019,0,logistic,0.3596339823064443
fold_3,validation,21660,11,2017,2020,0,logistic,0.5146316653781117
fold_3,validation,21660,21,2016,2019,1,logistic,0.7252765093267193
fold_3,validation,21660,21,2017,2020,1,logistic,0.7280357274292094
fold_3,validation,21660,22,2017,2020,0,logistic,0.010238037295992215
fold_3,validation,21660,23,2016,2019,0,logistic,0.13751220100413955
fold_3,validation,21660,23,2017,2020,0,logistic,0.1073202784240207
fold_3,validation,21660,31-33,2016,2019,0,logistic,0.15586427151851204
fold_3,validation,21660,31-33,2017,2020,0,logistic,0.1262981018028711
fold_3,validation,21660,42,2016,2019,0,logistic,0.18236139338861967
fold_3,validation,21660,42,2017,2020,0,logistic,0.20282885112731971
fold_3,validation,21660,44-45,2016,2019,0,logistic,0.14811139732530576
fold_3,validation,21660,44-45,2017,2020,1,logistic,0.1810667960269121
fold_3,validation,21660,48-49,2016,2019,0,logistic,0.5389679402355911
fold_3,validation,21660,48-49,2017,2020,0,logistic,0.5624187299591272
fold_3,validation,21660,51,2016,2019,0,logistic,0.40270671576633366
fold_3,validation,21660,51,2017,2020,0,logistic,0.24901162275902278
fold_3,validation,21660,52,2016,2019,0,logistic,0.1431378379302332
fold_3,validation,21660,52,2017,2020,0,logistic,0.2062117895947706
fold_3,validation,21660,53,2016,2019,1,logistic,0.1994664257286851
fold_3,validation,21660,53,2017,2020,0,logistic,0.17500480736978175
fold_3,validation,21660,54,2016,2019,0,logistic,0.2243629119193551
fold_3,validation,21660,54,2017,2020,0,logistic,0.21728372132022494
fold_3,validation,21660,56,2016,2019,0,logistic,0.3358721689366752
fold_3,validation,21660,56,2017,2020,0,logistic,0.24229658098839044
fold_3,validation,21660,61,2016,2019,0,logistic,0.3856904255311786
fold_3,validation,21660,61,2017,2020,1,logistic,0.36968440608636555
fold_3,validation,21660,62,2016,2019,0,logistic,0.10892288859900735
fold_3,validation,21660,62,2017,2020,0,logistic,0.08806154741027149
fold_3,validation,21660,71,2016,2019,0,logistic,0.4408020590841353
fold_3,validation,21660,71,2017,2020,0,logistic,0.4231310844111208
fold_3,validation,21660,72,2016,2019,0,logistic,0.18901334432440478
fold_3,validation,21660,72,2017,2020,0,logistic,0.20972635055929914
fold_3,validation,21660,81,2016,2019,0,logistic,0.08717073064002906
fold_3,validation,21660,81,2017,2020,0,logistic,0.11756781909926617
fold_3,validation,21780,23,2016,2019,0,logistic,0.2023876195081701
fold_3,validation,21780,23,2017,2020,1,logistic,0.167949212638887
fold_3,validation,21780,31-33,2016,2019,0,logistic,0.19942282105822656
fold_3,validation,21780,31-33,2017,2020,0,logistic,0.2283500253643387
fold_3,validation,21780,44-45,2016,2019,0,logistic,0.16161614728642
fold_3,validation,21780,44-45,2017,2020,0,logistic,0.1914771628189713
fold_3,validation,21780,51,2017,2020,0,logistic,0.2792767431682937
fold_3,validation,21780,52,2016,2019,0,logistic,0.15100229018059896
fold_3,validation,21780,52,2017,2020,0,logistic,0.15913851733378379
fold_3,validation,21780,53,2016,2019,0,logistic,0.4325600059731864
fold_3,validation,21780,53,2017,2020,1,logistic,0.3227092371404986
fold_3,validation,21780,71,2017,2020,1,logistic,0.4302545086800015
fold_3,validation,21780,72,2017,2020,0,logistic,0.36312013267743826
fold_3,validation,21780,81,2016,2019,0,logistic,0.16561715037582345
fold_3,validation,21780,81,2017,2020,0,logistic,0.13189784762588533
fold_3,validation,22380,11,2016,2019,1,logistic,0.7361223416502499
fold_3,validation,22380,22,2017,2020,0,logistic,0.01005131866539187
fold_3,validation,22380,23,2016,2019,0,logistic,0.21629069879688564
fold_3,validation,22380,23,2017,2020,1,logistic,0.1846970369186751
fold_3,validation,22380,31-33,2016,2019,0,logistic,0.16836504823651507
fold_3,validation,22380,44-45,2016,2019,0,logistic,0.1980370099608543
fold_3,validation,22380,44-45,2017,2020,1,logistic,0.24707794952316736
fold_3,validation,22380,52,2017,2020,0,logistic,0.15771870931758997
fold_3,validation,22380,53,2016,2019,1,logistic,0.11677907748221572
fold_3,validation,22380,53,2017,2020,0,logistic,0.12630713159643847
fold_3,validation,22380,54,2016,2019,0,logistic,0.1943710637913441
fold_3,validation,22380,54,2017,2020,0,logistic,0.19582027380481068
fold_3,validation,22380,55,2016,2019,0,logistic,0.025763599322394616
fold_3,validation,22380,55,2017,2020,0,logistic,0.028803345382607044
fold_3,validation,22380,56,2016,2019,1,logistic,0.27293468390676856
fold_3,validation,22380,56,2017,2020,0,logistic,0.29187640044639085
fold_3,validation,22380,62,2016,2019,0,logistic,0.17481713133235155
fold_3,validation,22380,62,2017,2020,0,logistic,0.11753427277136026
fold_3,validation,22380,71,2016,2019,1,logistic,0.4063431456559967
fold_3,validation,22380,71,2017,2020,1,logistic,0.39068796527429267
fold_3,validation,22380,72,2016,2019,1,logistic,0.20213522846801557
fold_3,validation,22380,72,2017,2020,0,logistic,0.22335677499499298
fold_3,validation,22380,81,2016,2019,0,logistic,0.08084458683966472
fold_3,validation,22380,81,2017,2020,0,logistic,0.12043473172582346
fold_3,validation,22420,11,2016,2019,1,logistic,0.7312311942097293
fold_3,validation,22420,23,2016,2019,0,logistic,0.11669571473433933
fold_3,validation,22420,23,2017,2020,1,logistic,0.08895331737688211
fold_3,validation,22420,31-33,2016,2019,1,logistic,0.1513161131299743
fold_3,validation,22420,31-33,2017,2020,0,logistic,0.19512644732731788
fold_3,validation,22420,42,2016,2019,1,logistic,0.1454419435802195
fold_3,validation,22420,42,2017,2020,0,logistic,0.191514666313194
fold_3,validation,22420,44-45,2016,2019,0,logistic,0.12531353314071433
fold_3,validation,22420,44-45,2017,2020,0,logistic,0.1393596524686184
fold_3,validation,22420,52,2016,2019,0,logistic,0.22170657894907564
fold_3,validation,22420,52,2017,2020,0,logistic,0.26526605683307
fold_3,validation,22420,53,2016,2019,0,logistic,0.29264651014351983
fold_3,validation,22420,53,2017,2020,0,logistic,0.26142747795549126
fold_3,validation,22420,54,2016,2019,0,logistic,0.3571459117371645
fold_3,validation,22420,54,2017,2020,1,logistic,0.25279063169164245
fold_3,validation,22420,56,2016,2019,1,logistic,0.3609004125528979
fold_3,validation,22420,56,2017,2020,0,logistic,0.3090652729286975
fold_3,validation,22420,61,2016,2019,0,logistic,0.6770895510649766
fold_3,validation,22420,61,2017,2020,1,logistic,0.48755973711139167
fold_3,validation,22420,62,2016,2019,0,logistic,0.15972624677951333
fold_3,validation,22420,62,2017,2020,0,logistic,0.17012443633873928
fold_3,validation,22420,71,2016,2019,0,logistic,0.1053074532238589
fold_3,validation,22420,71,2017,2020,0,logistic,0.348631113869886
fold_3,validation,22420,72,2016,2019,0,logistic,0.3179846587942874
fold_3,validation,22420,72,2017,2020,1,logistic,0.3269493521484007
fold_3,validation,22420,81,2016,2019,0,logistic,0.12139308280789018
fold_3,validation,22420,81,2017,2020,0,logistic,0.12173237350992733
fold_3,validation,22500,23,2016,2019,0,logistic,0.18288840106113718
fold_3,validation,22500,23,2017,2020,0,logistic,0.1624171221520274
fold_3,validation,22500,31-33,2016,2019,0,logistic,0.24011203077550855
fold_3,validation,22500,31-33,2017,2020,0,logistic,0.22757547081186177
fold_3,validation,22500,44-45,2016,2019,1,logistic,0.11530515964999527
fold_3,validation,22500,44-45,2017,2020,0,logistic,0.15705291792000178
fold_3,validation,22500,48-49,2016,2019,0,logistic,0.26724745803817046
fold_3,validation,22500,48-49,2017,2020,0,logistic,0.23794011040089152
fold_3,validation,22500,53,2017,2020,1,logistic,0.407679027806741
fold_3,validation,22500,54,2016,2019,0,logistic,0.17395144268178636
fold_3,validation,22500,54,2017,2020,0,logistic,0.22183001954032053
fold_3,validation,22500,56,2016,2019,0,logistic,0.19574893732590645
fold_3,validation,22500,56,2017,2020,0,logistic,0.2189811204590492
fold_3,validation,22500,62,2016,2019,0,logistic,0.12136134354727919
fold_3,validation,22500,62,2017,2020,0,logistic,0.08051121819162345
fold_3,validation,22500,72,2016,2019,0,logistic,0.19012796189016076
fold_3,validation,22500,72,2017,2020,1,logistic,0.20940920022263737
fold_3,validation,22500,81,2016,2019,0,logistic,0.17605792499085443
fold_3,validation,22500,81,2017,2020,0,logistic,0.1535888638188198
fold_3,validation,22540,21,2017,2020,1,logistic,0.7347278376815772
fold_3,validation,22540,23,2016,2019,0,logistic,0.29434513926301403
fold_3,validation,22540,23,2017,2020,0,logistic,0.26001464204309754
fold_3,validation,22540,42,2016,2019,0,logistic,0.18681919973223907
fold_3,validation,22540,44-45,2016,2019,0,logistic,0.1851650469532635
fold_3,validation,22540,44-45,2017,2020,0,logistic,0.2132175674026699
fold_3,validation,22540,51,2017,2020,1,logistic,0.6884826076435503
fold_3,validation,22540,54,2016,2019,0,logistic,0.35145414214759224
fold_3,validation,22540,54,2017,2020,1,logistic,0.30799827586841366
fold_3,validation,22540,55,2016,2019,0,logistic,0.014815700729978397
fold_3,validation,22540,62,2016,2019,0,logistic,0.2396669990349178
fold_3,validation,22540,62,2017,2020,0,logistic,0.2708880354171864
fold_3,validation,22540,72,2016,2019,0,logistic,0.24252335750714177
fold_3,validation,22540,72,2017,2020,0,logistic,0.3648268021625215
fold_3,validation,22540,81,2016,2019,0,logistic,0.14303323176440383
fold_3,validation,22540,81,2017,2020,0,logistic,0.16006588755650217
fold_3,validation,22660,21,2016,2019,0,logistic,0.03765753525808016
fold_3,validation,22660,22,2017,2020,0,logistic,0.009673085682959388
fold_3,validation,22660,23,2016,2019,0,logistic,0.05951769087350444
fold_3,validation,22660,23,2017,2020,0,logistic,0.08357271832492397
fold_3,validation,22660,31-33,2016,2019,0,logistic,0.07725148003395337
fold_3,validation,22660,31-33,2017,2020,0,logistic,0.09502250202603792
fold_3,validation,22660,42,2016,2019,0,logistic,0.1180765789836559
fold_3,validation,22660,42,2017,2020,0,logistic,0.1450533360650457
fold_3,validation,22660,44-45,2016,2019,1,logistic,0.12136418581463718
fold_3,validation,22660,44-45,2017,2020,0,logistic,0.14842932748412563
fold_3,validation,22660,48-49,2016,2019,0,logistic,0.10883381992794329
fold_3,validation,22660,48-49,2017,2020,1,logistic,0.16939814713287532
fold_3,validation,22660,51,2016,2019,0,logistic,0.2547013614093709
fold_3,validation,22660,51,2017,2020,1,logistic,0.2388871845376064
fold_3,validation,22660,52,2016,2019,0,logistic,0.13997434102421705
fold_3,validation,22660,52,2017,2020,0,logistic,0.11472222965204727
fold_3,validation,22660,53,2016,2019,1,logistic,0.07388935916431429
fold_3,validation,22660,53,2017,2020,0,logistic,0.057971925241507585
fold_3,validation,22660,54,2016,2019,0,logistic,0.1506209396987135
fold_3,validation,22660,54,2017,2020,0,logistic,0.1436928245602006
fold_3,validation,22660,56,2016,2019,0,logistic,0.15937414080093285
fold_3,validation,22660,56,2017,2020,1,logistic,0.14202914779024786
fold_3,validation,22660,61,2016,2019,1,logistic,0.23450555648799865
fold_3,validation,22660,61,2017,2020,0,logistic,0.11945874405861585
fold_3,validation,22660,62,2016,2019,0,logistic,0.09564263152775916
fold_3,validation,22660,62,2017,2020,0,logistic,0.10172009696757876
fold_3,validation,22660,71,2016,2019,0,logistic,0.18395063254358654
fold_3,validation,22660,71,2017,2020,0,logistic,0.21123387069146163
fold_3,validation,22660,72,2016,2019,0,logistic,0.17264745829198896
fold_3,validation,22660,72,2017,2020,1,logistic,0.17207682409073308
fold_3,validation,22660,81,2016,2019,0,logistic,0.04919203475019001
fold_3,validation,22660,81,2017,2020,0,logistic,0.05919624366769907
fold_3,validation,23540,23,2016,2019,0,logistic,0.07658209150955847
fold_3,validation,23540,23,2017,2020,1,logistic,0.09589334022457525
fold_3,validation,23540,31-33,2016,2019,0,logistic,0.15719216067183056
fold_3,validation,23540,31-33,2017,2020,0,logistic,0.10571094916637079
fold_3,validation,23540,42,2016,2019,0,logistic,0.1964585013010545
fold_3,validation,23540,42,2017,2020,0,logistic,0.20189946171871812
fold_3,validation,23540,44-45,2016,2019,0,logistic,0.09727780142839947
fold_3,validation,23540,44-45,2017,2020,0,logistic,0.10451863012656598
fold_3,validation,23540,51,2017,2020,1,logistic,0.5456902014362573
fold_3,validation,23540,52,2016,2019,0,logistic,0.14396827697806625
fold_3,validation,23540,52,2017,2020,0,logistic,0.16343905248304594
fold_3,validation,23540,53,2016,2019,0,logistic,0.1530102819725649
fold_3,validation,23540,53,2017,2020,0,logistic,0.1776406211002251
fold_3,validation,23540,54,2017,2020,0,logistic,0.1472202556752759
fold_3,validation,23540,81,2016,2019,0,logistic,0.08182748719614767
fold_3,validation,23540,81,2017,2020,0,logistic,0.07762616150673153
fold_3,validation,24220,22,2016,2019,0,logistic,0.009902909549856578
fold_3,validation,24220,22,2017,2020,0,logistic,0.010375036007295184
fold_3,validation,24220,23,2016,2019,0,logistic,0.17527436435944735
fold_3,validation,24220,23,2017,2020,0,logistic,0.2730331938688849
fold_3,validation,24220,44-45,2016,2019,1,logistic,0.24297158949425104
fold_3,validation,24220,44-45,2017,2020,0,logistic,0.24459269340679804
fold_3,validation,24220,48-49,2016,2019,0,logistic,0.4541524400195171
fold_3,validation,24220,48-49,2017,2020,0,logistic,0.5387474212140674
fold_3,validation,24220,52,2017,2020,0,logistic,0.2400279001738933
fold_3,validation,24220,53,2016,2019,0,logistic,0.21123745869507848
fold_3,validation,24220,53,2017,2020,1,logistic,0.21714754136596143
fold_3,validation,24220,54,2016,2019,0,logistic,0.34488556160175643
fold_3,validation,24220,54,2017,2020,0,logistic,0.3354724276075737
fold_3,validation,24220,72,2016,2019,1,logistic,0.30206850326842244
fold_3,validation,24220,72,2017,2020,0,logistic,0.4035277166130186
fold_3,validation,24220,81,2016,2019,0,logistic,0.20914116202127414
fold_3,validation,24220,81,2017,2020,0,logistic,0.17640534801813343
fold_3,validation,24500,22,2016,2019,0,logistic,0.009942762845445664
fold_3,validation,24500,22,2017,2020,0,logistic,0.010205245569815417
fold_3,validation,24500,23,2016,2019,1,logistic,0.14263216480645818
fold_3,validation,24500,23,2017,2020,0,logistic,0.15718662313060178
fold_3,validation,24500,31-33,2016,2019,0,logistic,0.07983700277153033
fold_3,validation,24500,44-45,2016,2019,1,logistic,0.26171003096471124
fold_3,validation,24500,44-45,2017,2020,0,logistic,0.19392585341033947
fold_3,validation,24500,48-49,2016,2019,1,logistic,0.46930041164656805
fold_3,validation,24500,48-49,2017,2020,0,logistic,0.46386337148807105
fold_3,validation,24500,52,2016,2019,1,logistic,0.2249547025690043
fold_3,validation,24500,52,2017,2020,0,logistic,0.2518143608357459
fold_3,validation,24500,53,2017,2020,1,logistic,0.2522342651224575
fold_3,validation,24500,54,2016,2019,0,logistic,0.3967493321214155
fold_3,validation,24500,54,2017,2020,0,logistic,0.3956669883265025
fold_3,validation,24500,55,2017,2020,0,logistic,0.030680068213949478
fold_3,validation,24500,56,2016,2019,0,logistic,0.38368708320935857
fold_3,validation,24500,56,2017,2020,1,logistic,0.4145853099345944
fold_3,validation,24500,61,2017,2020,1,logistic,0.11099136764645161
fold_3,validation,24500,62,2016,2019,0,logistic,0.17734529955581027
fold_3,validation,24500,62,2017,2020,0,logistic,0.20503979043982098
fold_3,validation,24500,72,2016,2019,0,logistic,0.3540833165962193
fold_3,validation,24500,72,2017,2020,0,logistic,0.4021610992143962
fold_3,validation,24500,81,2016,2019,1,logistic,0.15621638884639594
fold_3,validation,24500,81,2017,2020,1,logistic,0.1261715821585294
fold_3,validation,25500,23,2016,2019,1,logistic,0.23499511454682925
fold_3,validation,25500,23,2017,2020,0,logistic,0.15384423619057014
fold_3,validation,25500,31-33,2016,2019,0,logistic,0.1764227662705869
fold_3,validation,25500,44-45,2016,2019,1,logistic,0.15071440796520488
fold_3,validation,25500,44-45,2017,2020,0,logistic,0.13223454906417526
fold_3,validation,25500,48-49,2016,2019,0,logistic,0.5462531623739448
fold_3,validation,25500,52,2016,2019,0,logistic,0.20924828892257347
fold_3,validation,25500,52,2017,2020,0,logistic,0.21038283673257696
fold_3,validation,25500,53,2016,2019,1,logistic,0.3947277135893974
fold_3,validation,25500,53,2017,2020,0,logistic,0.44253453983348706
fold_3,validation,25500,54,2016,2019,0,logistic,0.3389914713476312
fold_3,validation,25500,54,2017,2020,0,logistic,0.256664561520185
fold_3,validation,25500,56,2016,2019,0,logistic,0.193003261790494
fold_3,validation,25500,56,2017,2020,1,logistic,0.18929180738594834
fold_3,validation,25500,62,2016,2019,0,logistic,0.19605080559015112
fold_3,validation,25500,62,2017,2020,0,logistic,0.12640074701505655
fold_3,validation,25500,72,2016,2019,1,logistic,0.2234181080765043
fold_3,validation,25500,72,2017,2020,0,logistic,0.22309488966822305
fold_3,validation,25500,81,2016,2019,0,logistic,0.13580370897857283
fold_3,validation,25500,81,2017,2020,0,logistic,0.16018891153866455
fold_3,validation,26140,23,2016,2019,0,logistic,0.07816651317760295
fold_3,validation,26140,23,2017,2020,0,logistic,0.118009408829603
fold_3,validation,26140,42,2017,2020,0,logistic,0.0753840324787874
fold_3,validation,26140,44-45,2016,2019,0,logistic,0.06318364674555128
fold_3,validation,26140,44-45,2017,2020,0,logistic,0.08730406869169204
fold_3,validation,26140,48-49,2016,2019,0,logistic,0.030844465142495635
fold_3,validation,26140,48-49,2017,2020,0,logistic,0.05995929645927431
fold_3,validation,26140,52,2016,2019,0,logistic,0.1922401039632589
fold_3,validation,26140,53,2016,2019,0,logistic,0.11140146619312864
fold_3,validation,26140,53,2017,2020,0,logistic,0.1551355432812115
fold_3,validation,26140,54,2016,2019,0,logistic,0.18943432090842685
fold_3,validation,26140,54,2017,2020,1,logistic,0.18435060545006285
fold_3,validation,26140,55,2016,2019,0,logistic,0.03176125020114546
fold_3,validation,26140,55,2017,2020,0,logistic,0.028023106426673047
fold_3,validation,26140,56,2016,2019,0,logistic,0.1643674154314721
fold_3,validation,26140,56,2017,2020,0,logistic,0.30559318902564986
fold_3,validation,26140,61,2016,2019,0,logistic,0.15496914056499927
fold_3,validation,26140,61,2017,2020,1,logistic,0.39741304160012414
fold_3,validation,26140,62,2016,2019,0,logistic,0.16145102865792138
fold_3,validation,26140,62,2017,2020,0,logistic,0.1825417798922556
fold_3,validation,26140,72,2016,2019,0,logistic,0.0638906052265691
fold_3,validation,26140,72,2017,2020,1,logistic,0.11873239941628952
fold_3,validation,26140,81,2016,2019,0,logistic,0.08568577573393908
fold_3,validation,26140,81,2017,2020,0,logistic,0.08898699189666956
fold_3,validation,27060,23,2016,2019,0,logistic,0.13535065547178637
fold_3,validation,27060,23,2017,2020,1,logistic,0.12493822146704209
fold_3,validation,27060,31-33,2016,2019,0,logistic,0.14767966608095248
fold_3,validation,27060,31-33,2017,2020,0,logistic,0.10614206454223397
fold_3,validation,27060,44-45,2016,2019,1,logistic,0.16327327003429407
fold_3,validation,27060,44-45,2017,2020,0,logistic,0.22254138090061837
fold_3,validation,27060,53,2016,2019,0,logistic,0.26637541066104264
fold_3,validation,27060,53,2017,2020,0,logistic,0.200416035058728
fold_3,validation,27060,54,2016,2019,1,logistic,0.24559296441223394
fold_3,validation,27060,54,2017,2020,0,logistic,0.28895950547798976
fold_3,validation,27060,55,2016,2019,0,logistic,0.029863326870317723
fold_3,validation,27060,55,2017,2020,0,logistic,0.030168254573548242
fold_3,validation,27060,56,2017,2020,0,logistic,0.2224924711092237
fold_3,validation,27060,72,2016,2019,0,logistic,0.2376975015992198
fold_3,validation,27060,72,2017,2020,0,logistic,0.2492193126467455
fold_3,validation,27060,81,2016,2019,0,logistic,0.17162672896023
fold_3,validation,27060,81,2017,2020,1,logistic,0.1877334019143624
fold_3,validation,27180,31-33,2016,2019,0,logistic,0.28441031910893905
fold_3,validation,27180,31-33,2017,2020,0,logistic,0.24374987381225652
fold_3,validation,27180,44-45,2016,2019,0,logistic,0.16849799491625989
fold_3,validation,27180,44-45,2017,2020,0,logistic,0.17917721110628235
fold_3,validation,27180,53,2016,2019,0,logistic,0.28212291391634714
fold_3,validation,27180,53,2017,2020,1,logistic,0.2530227437624823
fold_3,validation,27180,56,2016,2019,0,logistic,0.24567175469947117
fold_3,validation,27780,22,2016,2019,0,logistic,0.01032459209020717
fold_3,validation,27780,22,2017,2020,0,logistic,0.008461146517209613
fold_3,validation,27780,23,2016,2019,1,logistic,0.21054249547126472
fold_3,validation,27780,23,2017,2020,1,logistic,0.2538967253235255
fold_3,validation,27780,44-45,2016,2019,1,logistic,0.2925809117671569
fold_3,validation,27780,44-45,2017,2020,0,logistic,0.3311717702248999
fold_3,validation,27780,48-49,2017,2020,0,logistic,0.5336232734986048
fold_3,validation,27780,54,2016,2019,1,logistic,0.35353528224595254
fold_3,validation,27780,54,2017,2020,0,logistic,0.3741983247673915
fold_3,validation,27780,55,2016,2019,0,logistic,0.030709381186882597
fold_3,validation,27780,62,2016,2019,1,logistic,0.2654118922060887
fold_3,validation,27780,62,2017,2020,0,logistic,0.23074665589117443
fold_3,validation,27780,71,2017,2020,1,logistic,0.3336400581394058
fold_3,validation,27780,72,2016,2019,0,logistic,0.36615055638793914
fold_3,validation,27780,72,2017,2020,1,logistic,0.2730071036718276
fold_3,validation,27780,81,2016,2019,1,logistic,0.19865965566863183
fold_3,validation,27780,81,2017,2020,0,logistic,0.19253881108897292
fold_3,validation,28100,22,2016,2019,0,logistic,0.009459610777387786
fold_3,validation,28100,22,2017,2020,0,logistic,0.010343337095481499
fold_3,validation,28100,23,2016,2019,0,logistic,0.2054303757174041
fold_3,validation,28100,23,2017,2020,0,logistic,0.24464825497946135
fold_3,validation,28100,31-33,2016,2019,0,logistic,0.177545388754791
fold_3,validation,28100,31-33,2017,2020,1,logistic,0.2117651891668772
fold_3,validation,28100,44-45,2016,2019,1,logistic,0.19612465847080737
fold_3,validation,28100,44-45,2017,2020,0,logistic,0.2016684949501451
fold_3,validation,28100,48-49,2016,2019,0,logistic,0.5124973006072077
fold_3,validation,28100,48-49,2017,2020,0,logistic,0.5243361186065179
fold_3,validation,28100,56,2016,2019,1,logistic,0.36655267876780134
fold_3,validation,28100,56,2017,2020,1,logistic,0.3470834422358138
fold_3,validation,28100,62,2016,2019,0,logistic,0.23900839529305162
fold_3,validation,28100,62,2017,2020,0,logistic,0.1784648538763888
fold_3,validation,28100,72,2016,2019,0,logistic,0.3940435291122364
fold_3,validation,28100,72,2017,2020,1,logistic,0.32661451787674683
fold_3,validation,28100,81,2016,2019,1,logistic,0.15236966742423166
fold_3,validation,28100,81,2017,2020,0,logistic,0.11528426532333459
fold_3,validation,28660,23,2016,2019,0,logistic,0.11845732787152298
fold_3,validation,28660,23,2017,2020,0,logistic,0.09003434478554077
fold_3,validation,28660,31-33,2016,2019,0,logistic,0.08864952295688193
fold_3,validation,28660,31-33,2017,2020,0,logistic,0.09407464191768299
fold_3,validation,28660,42,2016,2019,0,logistic,0.13967355925042174
fold_3,validation,28660,42,2017,2020,0,logistic,0.12077195302280495
fold_3,validation,28660,44-45,2016,2019,0,logistic,0.13337422503249632
fold_3,validation,28660,44-45,2017,2020,0,logistic,0.10052877305717646
fold_3,validation,28660,52,2016,2019,0,logistic,0.2097677922051614
fold_3,validation,28660,52,2017,2020,1,logistic,0.18073090221541943
fold_3,validation,28660,53,2016,2019,0,logistic,0.2117853369572777
fold_3,validation,28660,53,2017,2020,0,logistic,0.22567974698883544
fold_3,validation,28660,54,2017,2020,0,logistic,0.18848338545633034
fold_3,validation,28660,81,2016,2019,0,logistic,0.08107705688020846
fold_3,validation,28660,81,2017,2020,0,logistic,0.0689232461458489
fold_3,validation,29180,21,2016,2019,0,logistic,0.5351105535367566
fold_3,validation,29180,21,2017,2020,1,logistic,0.4819011844640066
fold_3,validation,29180,22,2016,2019,0,logistic,0.010075017017959941
fold_3,validation,29180,22,2017,2020,0,logistic,0.009561597500615106
fold_3,validation,29180,23,2016,2019,0,logistic,0.13006242930561693
fold_3,validation,29180,23,2017,2020,0,logistic,0.1582771167246604
fold_3,validation,29180,31-33,2016,2019,0,logistic,0.2304681096681084
fold_3,validation,29180,31-33,2017,2020,1,logistic,0.19833296333850362
fold_3,validation,29180,42,2016,2019,0,logistic,0.17465918876917966
fold_3,validation,29180,42,2017,2020,1,logistic,0.1570277942716179
fold_3,validation,29180,44-45,2016,2019,0,logistic,0.16242759272292984
fold_3,validation,29180,44-45,2017,2020,0,logistic,0.14929695516903402
fold_3,validation,29180,48-49,2016,2019,0,logistic,0.3956421459757004
fold_3,validation,29180,48-49,2017,2020,1,logistic,0.507619000320526
fold_3,validation,29180,51,2016,2019,0,logistic,0.32867852436851897
fold_3,validation,29180,51,2017,2020,1,logistic,0.39861642097446714
fold_3,validation,29180,52,2016,2019,0,logistic,0.24568674936372584
fold_3,validation,29180,52,2017,2020,0,logistic,0.23104533218440643
fold_3,validation,29180,53,2016,2019,0,logistic,0.23864730185072713
fold_3,validation,29180,53,2017,2020,0,logistic,0.2659310390490123
fold_3,validation,29180,54,2016,2019,0,logistic,0.2787149896554598
fold_3,validation,29180,54,2017,2020,0,logistic,0.2553732415946749
fold_3,validation,29180,71,2016,2019,0,logistic,0.17886911179590298
fold_3,validation,29180,71,2017,2020,0,logistic,0.21989999658920514
fold_3,validation,29180,72,2016,2019,0,logistic,0.14353439453418146
fold_3,validation,29180,72,2017,2020,0,logistic,0.169239496552719
fold_3,validation,29180,81,2016,2019,0,logistic,0.09586749683254453
fold_3,validation,29180,81,2017,2020,0,logistic,0.09564505421867686
fold_3,validation,29540,21,2016,2019,1,logistic,0.7267608917338892
fold_3,validation,29540,21,2017,2020,1,logistic,0.7328246347014534
fold_3,validation,29540,23,2016,2019,0,logistic,0.1501026072668721
fold_3,validation,29540,23,2017,2020,1,logistic,0.13722958877612088
fold_3,validation,29540,31-33,2016,2019,0,logistic,0.12755405650916277
fold_3,validation,29540,31-33,2017,2020,0,logistic,0.155747442313246
fold_3,validation,29540,42,2016,2019,1,logistic,0.21368985038438087
fold_3,validation,29540,42,2017,2020,0,logistic,0.20987429960381312
fold_3,validation,29540,44-45,2016,2019,0,logistic,0.15754263008037223
fold_3,validation,29540,44-45,2017,2020,0,logistic,0.18616717138618302
fold_3,validation,29540,48-49,2016,2019,0,logistic,0.25560854277270334
fold_3,validation,29540,48-49,2017,2020,0,logistic,0.37770883623208085
fold_3,validation,29540,51,2016,2019,1,logistic,0.35331267338561434
fold_3,validation,29540,51,2017,2020,0,logistic,0.28093822741745944
fold_3,validation,29540,52,2016,2019,0,logistic,0.23789431997178026
fold_3,validation,29540,52,2017,2020,0,logistic,0.22843620201887915
fold_3,validation,29540,53,2016,2019,0,logistic,0.1956410666693922
fold_3,validation,29540,53,2017,2020,0,logistic,0.1718951048151145
fold_3,validation,29540,54,2016,2019,0,logistic,0.21788335786442845
fold_3,validation,29540,54,2017,2020,0,logistic,0.21917912468152692
fold_3,validation,29540,55,2016,2019,0,logistic,0.027900971565160936
fold_3,validation,29540,55,2017,2020,0,logistic,0.028479424946240398
fold_3,validation,29540,56,2016,2019,0,logistic,0.24669606622591467
fold_3,validation,29540,56,2017,2020,0,logistic,0.2850303042443615
fold_3,validation,29540,61,2016,2019,0,logistic,0.2754124796516395
fold_3,validation,29540,61,2017,2020,0,logistic,0.3275734171203175
fold_3,validation,29540,62,2016,2019,0,logistic,0.17434281174061292
fold_3,validation,29540,62,2017,2020,0,logistic,0.16020253366729437
fold_3,validation,29540,71,2016,2019,0,logistic,0.26183333677506665
fold_3,validation,29540,71,2017,2020,0,logistic,0.34710262315284385
fold_3,validation,29540,72,2016,2019,0,logistic,0.2584034653183701
fold_3,validation,29540,72,2017,2020,0,logistic,0.25061285376836334
fold_3,validation,29540,81,2016,2019,0,logistic,0.13439997981610435
fold_3,validation,29540,81,2017,2020,0,logistic,0.14295703570456042
fold_3,validation,30300,23,2016,2019,0,logistic,0.2407261273253345
fold_3,validation,30300,23,2017,2020,0,logistic,0.17062513019323924
fold_3,validation,30300,44-45,2017,2020,0,logistic,0.18379326485574415
fold_3,validation,30300,51,2017,2020,1,logistic,0.2564048288563819
fold_3,validation,30300,72,2016,2019,1,logistic,0.34603505117382616
fold_3,validation,30300,72,2017,2020,0,logistic,0.24920049688364462
fold_3,validation,30300,81,2016,2019,0,logistic,0.08693493992776181
fold_3,validation,30300,81,2017,2020,0,logistic,0.1168966961767973
fold_3,validation,30700,23,2016,2019,0,logistic,0.14265940587426773
fold_3,validation,30700,23,2017,2020,0,logistic,0.13639191359276492
fold_3,validation,30700,31-33,2016,2019,0,logistic,0.1677330487664503
fold_3,validation,30700,31-33,2017,2020,1,logistic,0.16884918425799783
fold_3,validation,30700,44-45,2016,2019,0,logistic,0.21149826059755725
fold_3,validation,30700,44-45,2017,2020,0,logistic,0.25392948009348265
fold_3,validation,30700,51,2016,2019,0,logistic,0.3635220903014552
fold_3,validation,30700,51,2017,2020,0,logistic,0.45358490281325015
fold_3,validation,30700,52,2016,2019,0,logistic,0.16041405756133467
fold_3,validation,30700,52,2017,2020,0,logistic,0.1722308717290988
fold_3,validation,30700,53,2016,2019,0,logistic,0.1626194539926719
fold_3,validation,30700,53,2017,2020,0,logistic,0.12581184938378023
fold_3,validation,30700,54,2016,2019,0,logistic,0.19664346602853128
fold_3,validation,30700,71,2016,2019,0,logistic,0.3280944666572635
fold_3,validation,30700,71,2017,2020,1,logistic,0.2967147586268692
fold_3,validation,30700,72,2016,2019,0,logistic,0.17748587010518582
fold_3,validation,30700,72,2017,2020,0,logistic,0.260931561382363
fold_3,validation,30700,81,2016,2019,1,logistic,0.12232843259313167
fold_3,validation,30700,81,2017,2020,0,logistic,0.1270215130578535
fold_3,validation,30780,23,2016,2019,0,logistic,0.1706611563010425
fold_3,validation,30780,23,2017,2020,0,logistic,0.15688483864098127
fold_3,validation,30780,31-33,2016,2019,1,logistic,0.15639287828992904
fold_3,validation,30780,31-33,2017,2020,0,logistic,0.15795445159709823
fold_3,validation,30780,42,2016,2019,0,logistic,0.20570228150726688
fold_3,validation,30780,42,2017,2020,0,logistic,0.1973673227723573
fold_3,validation,30780,44-45,2016,2019,0,logistic,0.08542291653079771
fold_3,validation,30780,44-45,2017,2020,0,logistic,0.10010951293138651
fold_3,validation,31080,11,2016,2019,0,logistic,0.14951428241052378
fold_3,validation,31080,11,2017,2020,0,logistic,0.15076069642575107
fold_3,validation,31080,22,2016,2019,0,logistic,0.0016435972167699227
fold_3,validation,31080,22,2017,2020,0,logistic,0.0014610109811942988
fold_3,validation,31080,23,2016,2019,0,logistic,0.07441759778756998
fold_3,validation,31080,23,2017,2020,0,logistic,0.07792826552697006
fold_3,validation,31080,31-33,2016,2019,0,logistic,0.09537616755100953
fold_3,validation,31080,31-33,2017,2020,0,logistic,0.11008379276085353
fold_3,validation,31080,42,2016,2019,0,logistic,0.0641112979629601
fold_3,validation,31080,42,2017,2020,0,logistic,0.07029298586581859
fold_3,validation,31080,44-45,2016,2019,0,logistic,0.053197084370319274
fold_3,validation,31080,44-45,2017,2020,0,logistic,0.05700892477339647
fold_3,validation,31080,48-49,2016,2019,0,logistic,0.12470422373334632
fold_3,validation,31080,48-49,2017,2020,0,logistic,0.12757987168238052
fold_3,validation,31080,51,2016,2019,0,logistic,0.058306809283113284
fold_3,validation,31080,51,2017,2020,0,logistic,0.08858038686017457
fold_3,validation,31080,52,2016,2019,0,logistic,0.07082270215486818
fold_3,validation,31080,52,2017,2020,0,logistic,0.07371945518176576
fold_3,validation,31080,53,2016,2019,0,logistic,0.11429979864443837
fold_3,validation,31080,53,2017,2020,0,logistic,0.12566011767279486
fold_3,validation,31080,54,2016,2019,0,logistic,0.10559239672364865
fold_3,validation,31080,54,2017,2020,0,logistic,0.10659351768062961
fold_3,validation,31080,55,2016,2019,0,logistic,0.01814381247014667
fold_3,validation,31080,55,2017,2020,0,logistic,0.01798269224324778
fold_3,validation,31080,56,2016,2019,0,logistic,0.15071109250438844
fold_3,validation,31080,56,2017,2020,0,logistic,0.1679109576645287
fold_3,validation,31080,61,2016,2019,0,logistic,0.2252673545894307
fold_3,validation,31080,61,2017,2020,0,logistic,0.2435023128957108
fold_3,validation,31080,62,2016,2019,0,logistic,0.08986579703613057
fold_3,validation,31080,62,2017,2020,0,logistic,0.09054018414535708
fold_3,validation,31080,71,2016,2019,0,logistic,0.12502060702964468
fold_3,validation,31080,71,2017,2020,0,logistic,0.1112930233165011
fold_3,validation,31080,72,2016,2019,0,logistic,0.10313909895781125
fold_3,validation,31080,72,2017,2020,0,logistic,0.11071301350903374
fold_3,validation,31080,81,2016,2019,0,logistic,0.05000974988988329
fold_3,validation,31080,81,2017,2020,0,logistic,0.05003929415958706
fold_3,validation,31140,23,2016,2019,0,logistic,0.16427794356891168
fold_3,validation,31140,23,2017,2020,0,logistic,0.1596308410329061
fold_3,validation,31140,44-45,2016,2019,0,logistic,0.1111037246069813
fold_3,validation,31140,44-45,2017,2020,0,logistic,0.12349226576855808
fold_3,validation,31340,31-33,2016,2019,0,logistic,0.2102936986407021
fold_3,validation,31340,42,2016,2019,0,logistic,0.18787568793584275
fold_3,validation,31340,42,2017,2020,0,logistic,0.19186565226099178
fold_3,validation,31340,44-45,2016,2019,0,logistic,0.1719197839826331
fold_3,validation,31340,44-45,2017,2020,0,logistic,0.17505668601904392
fold_3,validation,31340,52,2016,2019,0,logistic,0.23795375353222023
fold_3,validation,31340,52,2017,2020,0,logistic,0.17002053868798797
fold_3,validation,31340,53,2016,2019,1,logistic,0.17996130729245305
fold_3,validation,31340,53,2017,2020,0,logistic,0.11825109477315694
fold_3,validation,31340,54,2016,2019,0,logistic,0.24831320193183862
fold_3,validation,31340,71,2016,2019,0,logistic,0.43044421047436404
fold_3,validation,31340,71,2017,2020,0,logistic,0.5299682373452066
fold_3,validation,31340,72,2016,2019,1,logistic,0.25837705190943056
fold_3,validation,31340,72,2017,2020,0,logistic,0.1747403464964506
fold_3,validation,31340,81,2016,2019,0,logistic,0.12896014808930018
fold_3,validation,31340,81,2017,2020,0,logistic,0.1290509688157094
fold_3,validation,31900,23,2016,2019,0,logistic,0.20775776260285664
fold_3,validation,31900,23,2017,2020,0,logistic,0.22866774590581518
fold_3,validation,31900,31-33,2016,2019,0,logistic,0.21645888253870108
fold_3,validation,31900,31-33,2017,2020,1,logistic,0.25802167278712074
fold_3,validation,31900,44-45,2016,2019,0,logistic,0.2311683415998107
fold_3,validation,31900,44-45,2017,2020,1,logistic,0.23934050890919994
fold_3,validation,31900,53,2016,2019,0,logistic,0.1830920472591607
fold_3,validation,31900,53,2017,2020,0,logistic,0.2437690355720848
fold_3,validation,31900,54,2016,2019,1,logistic,0.2747766563377135
fold_3,validation,31900,54,2017,2020,0,logistic,0.30773106968607694
fold_3,validation,31900,55,2016,2019,0,logistic,0.027124173710344424
fold_3,validation,31900,55,2017,2020,0,logistic,0.02572285494438865
fold_3,validation,31900,56,2016,2019,0,logistic,0.35081507410625895
fold_3,validation,31900,56,2017,2020,0,logistic,0.3255462251028873
fold_3,validation,31900,62,2016,2019,1,logistic,0.15785305768631167
fold_3,validation,31900,62,2017,2020,1,logistic,0.22429911843172615
fold_3,validation,31900,72,2016,2019,0,logistic,0.4327089141192112
fold_3,validation,31900,72,2017,2020,1,logistic,0.4997059444935454
fold_3,validation,31900,81,2016,2019,0,logistic,0.1924448283809322
fold_3,validation,31900,81,2017,2020,0,logistic,0.19372809270357874
fold_3,validation,33100,11,2016,2019,0,logistic,0.13260629825259565
fold_3,validation,33100,11,2017,2020,0,logistic,0.12631451154413764
fold_3,validation,33100,21,2016,2019,0,logistic,0.28450646555707265
fold_3,validation,33100,22,2016,2019,0,logistic,0.00025772967476284775
fold_3,validation,33100,22,2017,2020,0,logistic,0.00012518545193699232
fold_3,validation,33100,23,2016,2019,0,logistic,0.04900011536069378
fold_3,validation,33100,23,2017,2020,0,logistic,0.04821622301393709
fold_3,validation,33100,31-33,2016,2019,0,logistic,0.0683833210814497
fold_3,validation,33100,31-33,2017,2020,0,logistic,0.061930933478692114
fold_3,validation,33100,42,2016,2019,0,logistic,0.059032866121559786
fold_3,validation,33100,42,2017,2020,0,logistic,0.0651839331919479
fold_3,validation,33100,44-45,2016,2019,0,logistic,0.03498974950133484
fold_3,validation,33100,44-45,2017,2020,0,logistic,0.04584132866986362
fold_3,validation,33100,48-49,2016,2019,0,logistic,0.1815048817200368
fold_3,validation,33100,48-49,2017,2020,0,logistic,0.17446017234246314
fold_3,validation,33100,51,2016,2019,0,logistic,0.10875126851657552
fold_3,validation,33100,51,2017,2020,0,logistic,0.103214083422874
fold_3,validation,33100,52,2016,2019,0,logistic,0.06182050456181082
fold_3,validation,33100,52,2017,2020,0,logistic,0.06444681565757518
fold_3,validation,33100,53,2016,2019,0,logistic,0.05306212239155732
fold_3,validation,33100,53,2017,2020,0,logistic,0.06532654434234393
fold_3,validation,33100,54,2016,2019,0,logistic,0.08698774829266637
fold_3,validation,33100,54,2017,2020,0,logistic,0.0996635354572609
fold_3,validation,33100,55,2016,2019,0,logistic,0.010624028934285396
fold_3,validation,33100,55,2017,2020,0,logistic,0.010637641896704278
fold_3,validation,33100,56,2016,2019,0,logistic,0.13568985997662836
fold_3,validation,33100,56,2017,2020,0,logistic,0.13593558896470967
fold_3,validation,33100,61,2016,2019,0,logistic,0.15651122681482746
fold_3,validation,33100,61,2017,2020,0,logistic,0.15413674253349577
fold_3,validation,33100,62,2016,2019,0,logistic,0.07413886931967326
fold_3,validation,33100,62,2017,2020,0,logistic,0.07593320166974801
fold_3,validation,33100,71,2016,2019,0,logistic,0.11962455078254092
fold_3,validation,33100,71,2017,2020,0,logistic,0.12244719743255522
fold_3,validation,33100,72,2016,2019,0,logistic,0.07103561583772715
fold_3,validation,33100,72,2017,2020,0,logistic,0.08468462441275909
fold_3,validation,33100,81,2016,2019,0,logistic,0.03899582137209241
fold_3,validation,33100,81,2017,2020,0,logistic,0.04399409354433564
fold_3,validation,33700,11,2016,2019,0,logistic,0.2272954687827079
fold_3,validation,33700,23,2016,2019,0,logistic,0.10166760574970524
fold_3,validation,33700,23,2017,2020,0,logistic,0.0847746414059839
fold_3,validation,33700,31-33,2016,2019,1,logistic,0.15697278624448616
fold_3,validation,33700,31-33,2017,2020,0,logistic,0.1623433570257062
fold_3,validation,33700,44-45,2016,2019,0,logistic,0.10508425369776998
fold_3,validation,33700,44-45,2017,2020,0,logistic,0.13036410199273554
fold_3,validation,33700,48-49,2016,2019,0,logistic,0.16284581160193698
fold_3,validation,33700,48-49,2017,2020,0,logistic,0.2571746650180624
fold_3,validation,33700,52,2016,2019,0,logistic,0.15454832093902152
fold_3,validation,33700,52,2017,2020,0,logistic,0.14047054957027197
fold_3,validation,33700,53,2016,2019,0,logistic,0.2019245284671721
fold_3,validation,33700,53,2017,2020,0,logistic,0.1452674484831428
fold_3,validation,33700,54,2016,2019,0,logistic,0.23626781435588726
fold_3,validation,33700,54,2017,2020,0,logistic,0.27617850741812755
fold_3,validation,33700,55,2017,2020,0,logistic,0.028016624553407584
fold_3,validation,33700,56,2016,2019,0,logistic,0.18303442292171998
fold_3,validation,33700,56,2017,2020,0,logistic,0.22671295509378997
fold_3,validation,33700,61,2016,2019,0,logistic,0.5382880458301433
fold_3,validation,33700,61,2017,2020,1,logistic,0.5162108339099095
fold_3,validation,33700,62,2016,2019,0,logistic,0.13127811306531717
fold_3,validation,33700,62,2017,2020,0,logistic,0.12223342377001332
fold_3,validation,33700,71,2016,2019,0,logistic,0.058392678931600266
fold_3,validation,33700,71,2017,2020,0,logistic,0.1872884509057639
fold_3,validation,33700,72,2016,2019,0,logistic,0.22231616922997907
fold_3,validation,33700,72,2017,2020,0,logistic,0.18085986249299224
fold_3,validation,33700,81,2016,2019,0,logistic,0.06627186678312673
fold_3,validation,33700,81,2017,2020,0,logistic,0.07548111268010267
fold_3,validation,34060,22,2016,2019,0,logistic,0.009773319072382016
fold_3,validation,34060,22,2017,2020,0,logistic,0.008365128609994204
fold_3,validation,34060,23,2016,2019,0,logistic,0.142368875769766
fold_3,validation,34060,23,2017,2020,0,logistic,0.15245569145684526
fold_3,validation,34060,44-45,2016,2019,0,logistic,0.20167427120954498
fold_3,validation,34060,44-45,2017,2020,0,logistic,0.20828465469134452
fold_3,validation,34060,48-49,2016,2019,0,logistic,0.38632516761152286
fold_3,validation,34060,48-49,2017,2020,0,logistic,0.399284346690195
fold_3,validation,34060,53,2016,2019,0,logistic,0.3651969215001284
fold_3,validation,34060,53,2017,2020,1,logistic,0.27512080672122186
fold_3,validation,34060,71,2016,2019,1,logistic,0.17642867618948216
fold_3,validation,34060,71,2017,2020,0,logistic,0.12812624426864327
fold_3,validation,34060,72,2016,2019,0,logistic,0.1163085155580978
fold_3,validation,34060,72,2017,2020,1,logistic,0.1765538913242054
fold_3,validation,34060,81,2016,2019,1,logistic,0.07856684366087725
fold_3,validation,34060,81,2017,2020,0,logistic,0.10378400745960988
fold_3,validation,35380,23,2016,2019,0,logistic,0.15293444920221685
fold_3,validation,35380,31-33,2016,2019,0,logistic,0.1790578010694324
fold_3,validation,35380,31-33,2017,2020,0,logistic,0.16913676125221971
fold_3,validation,35380,48-49,2016,2019,0,logistic,0.45860155757720356
fold_3,validation,35380,48-49,2017,2020,1,logistic,0.5374420784637655
fold_3,validation,35380,52,2016,2019,0,logistic,0.1841087951275553
fold_3,validation,35380,52,2017,2020,0,logistic,0.18772234132303292
fold_3,validation,35380,53,2016,2019,0,logistic,0.16479716557272348
fold_3,validation,35380,53,2017,2020,0,logistic,0.22631755748172208
fold_3,validation,35380,56,2016,2019,0,logistic,0.24007301017765206
fold_3,validation,35380,71,2016,2019,0,logistic,0.22580350307170272
fold_3,validation,35380,71,2017,2020,0,logistic,0.27365833706116743
fold_3,validation,35380,72,2016,2019,0,logistic,0.20509728374497085
fold_3,validation,35380,72,2017,2020,0,logistic,0.23210368217442692
fold_3,validation,36500,23,2016,2019,0,logistic,0.06918192036240033
fold_3,validation,36500,23,2017,2020,0,logistic,0.07479523491727891
fold_3,validation,36500,31-33,2016,2019,0,logistic,0.07435458319665253
fold_3,validation,36500,31-33,2017,2020,1,logistic,0.08657920864862337
fold_3,validation,36500,42,2016,2019,1,logistic,0.11423555658327439
fold_3,validation,36500,42,2017,2020,0,logistic,0.07533983136037241
fold_3,validation,36500,44-45,2016,2019,0,logistic,0.1127499196394377
fold_3,validation,36500,44-45,2017,2020,0,logistic,0.10263180610470081
fold_3,validation,36500,48-49,2016,2019,0,logistic,0.3919032402563595
fold_3,validation,36500,48-49,2017,2020,0,logistic,0.3951189553009172
fold_3,validation,36500,51,2016,2019,0,logistic,0.5380529620088691
fold_3,validation,36500,52,2016,2019,0,logistic,0.15694799243657614
fold_3,validation,36500,52,2017,2020,1,logistic,0.15753582704767288
fold_3,validation,36500,53,2016,2019,0,logistic,0.15225267871347556
fold_3,validation,36500,53,2017,2020,0,logistic,0.22692957057581895
fold_3,validation,36500,54,2016,2019,0,logistic,0.158989673352599
fold_3,validation,36500,54,2017,2020,0,logistic,0.12544941342497623
fold_3,validation,36500,56,2016,2019,0,logistic,0.14218442220816688
fold_3,validation,36500,56,2017,2020,0,logistic,0.15040388646061703
fold_3,validation,36500,62,2016,2019,1,logistic,0.1375295346789333
fold_3,validation,36500,62,2017,2020,0,logistic,0.11180183659125038
fold_3,validation,36500,71,2016,2019,1,logistic,0.1397426994488386
fold_3,validation,36500,72,2016,2019,0,logistic,0.33106580387837875
fold_3,validation,36500,72,2017,2020,1,logistic,0.28088808197936715
fold_3,validation,36500,81,2016,2019,0,logistic,0.07166924428490157
fold_3,validation,36500,81,2017,2020,0,logistic,0.104220051334726
fold_3,validation,37340,21,2017,2020,1,logistic,0.7617436319298301
fold_3,validation,37340,23,2016,2019,0,logistic,0.11589071247379983
fold_3,validation,37340,23,2017,2020,0,logistic,0.10409454293194177
fold_3,validation,37340,31-33,2016,2019,0,logistic,0.07107811587343607
fold_3,validation,37340,31-33,2017,2020,0,logistic,0.07967508551233089
fold_3,validation,37340,42,2016,2019,0,logistic,0.08670020378404271
fold_3,validation,37340,42,2017,2020,0,logistic,0.10718791680144239
fold_3,validation,37340,44-45,2016,2019,0,logistic,0.07677633822070169
fold_3,validation,37340,44-45,2017,2020,0,logistic,0.0910951581907156
fold_3,validation,37340,48-49,2016,2019,0,logistic,0.20020665306004543
fold_3,validation,37340,48-49,2017,2020,0,logistic,0.25261446884075245
fold_3,validation,37340,51,2016,2019,0,logistic,0.16374180141054895
fold_3,validation,37340,51,2017,2020,0,logistic,0.13617373769820162
fold_3,validation,37340,52,2016,2019,0,logistic,0.13000200544992543
fold_3,validation,37340,52,2017,2020,0,logistic,0.14210183662466824
fold_3,validation,37340,53,2016,2019,0,logistic,0.05913079115343339
fold_3,validation,37340,53,2017,2020,0,logistic,0.10697572464485453
fold_3,validation,37340,54,2016,2019,0,logistic,0.12140671573827455
fold_3,validation,37340,54,2017,2020,0,logistic,0.12569437055660057
fold_3,validation,37340,56,2016,2019,0,logistic,0.1241865318323303
fold_3,validation,37340,56,2017,2020,0,logistic,0.1553746000433386
fold_3,validation,37340,61,2016,2019,0,logistic,0.27374333054430755
fold_3,validation,37340,61,2017,2020,1,logistic,0.35829276673212057
fold_3,validation,37340,62,2016,2019,0,logistic,0.09538802028797398
fold_3,validation,37340,62,2017,2020,0,logistic,0.09873744971145691
fold_3,validation,37340,71,2016,2019,0,logistic,0.11484555073209561
fold_3,validation,37340,71,2017,2020,0,logistic,0.09630524498480567
fold_3,validation,37340,72,2016,2019,0,logistic,0.11956817766901184
fold_3,validation,37340,72,2017,2020,0,logistic,0.16510920698250325
fold_3,validation,37340,81,2016,2019,0,logistic,0.07169997443260988
fold_3,validation,37340,81,2017,2020,0,logistic,0.07846742189882212
fold_3,validation,38060,11,2016,2019,1,logistic,0.40134999448043385
fold_3,validation,38060,11,2017,2020,0,logistic,0.1913296852089705
fold_3,validation,38060,23,2016,2019,0,logistic,0.09271180156984166
fold_3,validation,38060,23,2017,2020,0,logistic,0.08338969844760881
fold_3,validation,38060,31-33,2016,2019,0,logistic,0.12950820825037457
fold_3,validation,38060,31-33,2017,2020,0,logistic,0.13228534556153745
fold_3,validation,38060,42,2016,2019,0,logistic,0.11682256939396655
fold_3,validation,38060,42,2017,2020,0,logistic,0.12045766418677199
fold_3,validation,38060,44-45,2016,2019,0,logistic,0.05533990178094057
fold_3,validation,38060,44-45,2017,2020,0,logistic,0.05760533969504634
fold_3,validation,38060,48-49,2016,2019,0,logistic,0.16812438851492287
fold_3,validation,38060,48-49,2017,2020,0,logistic,0.22987698125462022
fold_3,validation,38060,51,2016,2019,0,logistic,0.14120909008709587
fold_3,validation,38060,51,2017,2020,0,logistic,0.11627296983125618
fold_3,validation,38060,52,2016,2019,0,logistic,0.0867419841435506
fold_3,validation,38060,52,2017,2020,0,logistic,0.08158914195455051
fold_3,validation,38060,53,2016,2019,0,logistic,0.08339786754415567
fold_3,validation,38060,53,2017,2020,0,logistic,0.05948781488548578
fold_3,validation,38060,54,2016,2019,0,logistic,0.10633452165178287
fold_3,validation,38060,55,2016,2019,0,logistic,0.014019378771861352
fold_3,validation,38060,56,2016,2019,0,logistic,0.17044269480286275
fold_3,validation,38060,56,2017,2020,0,logistic,0.17592008626528607
fold_3,validation,38060,61,2016,2019,0,logistic,0.21932716373148223
fold_3,validation,38060,61,2017,2020,0,logistic,0.2376828561323426
fold_3,validation,38060,62,2016,2019,0,logistic,0.0639973631907198
fold_3,validation,38060,62,2017,2020,0,logistic,0.05680040196863313
fold_3,validation,38060,71,2016,2019,0,logistic,0.1788082157418034
fold_3,validation,38060,71,2017,2020,0,logistic,0.1153152291978598
fold_3,validation,38060,72,2016,2019,0,logistic,0.10043496093168373
fold_3,validation,38060,72,2017,2020,0,logistic,0.08674874093525846
fold_3,validation,38060,81,2016,2019,0,logistic,0.04257942631006941
fold_3,validation,38060,81,2017,2020,0,logistic,0.044786802484245554
fold_3,validation,38900,23,2016,2019,0,logistic,0.07950496184091799
fold_3,validation,38900,23,2017,2020,0,logistic,0.06548267419574352
fold_3,validation,38900,31-33,2016,2019,0,logistic,0.10687986857318381
fold_3,validation,38900,31-33,2017,2020,0,logistic,0.11529392015914755
fold_3,validation,38900,42,2017,2020,0,logistic,0.13957819841354369
fold_3,validation,38900,44-45,2016,2019,0,logistic,0.07355752633581752
fold_3,validation,38900,44-45,2017,2020,0,logistic,0.08316874769471744
fold_3,validation,38900,52,2016,2019,0,logistic,0.10944207933523965
fold_3,validation,38900,52,2017,2020,0,logistic,0.11368185997183221
fold_3,validation,38900,56,2016,2019,0,logistic,0.20376705678630908
fold_3,validation,38900,56,2017,2020,0,logistic,0.21061167697588357
fold_3,validation,38900,71,2016,2019,0,logistic,0.20225913702008622
fold_3,validation,38900,71,2017,2020,0,logistic,0.2528561848009402
fold_3,validation,38900,72,2016,2019,0,logistic,0.13949462037893867
fold_3,validation,38900,72,2017,2020,0,logistic,0.14079398371079663
fold_3,validation,39300,44-45,2016,2019,0,logistic,0.130795497901045
fold_3,validation,39300,44-45,2017,2020,0,logistic,0.15070677276368274
fold_3,validation,39300,51,2016,2019,1,logistic,0.27764411188539306
fold_3,validation,39300,51,2017,2020,0,logistic,0.19230340204276514
fold_3,validation,39300,52,2016,2019,0,logistic,0.1987730110333546
fold_3,validation,39300,52,2017,2020,1,logistic,0.20597110856755227
fold_3,validation,39300,53,2016,2019,0,logistic,0.24034979867959333
fold_3,validation,39300,53,2017,2020,0,logistic,0.19203433176833967
fold_3,validation,39300,54,2016,2019,0,logistic,0.24449298925516416
fold_3,validation,39300,54,2017,2020,0,logistic,0.2815688265287574
fold_3,validation,39300,56,2016,2019,0,logistic,0.14627923867002948
fold_3,validation,39300,56,2017,2020,0,logistic,0.2016531436573701
fold_3,validation,39300,61,2016,2019,0,logistic,0.3971881442195587
fold_3,validation,39300,61,2017,2020,0,logistic,0.4884663006797621
fold_3,validation,39300,62,2016,2019,0,logistic,0.16036622223846794
fold_3,validation,39300,62,2017,2020,0,logistic,0.18944908063522994
fold_3,validation,39300,71,2016,2019,1,logistic,0.4338472741951465
fold_3,validation,39300,71,2017,2020,0,logistic,0.40808186969005666
fold_3,validation,39300,72,2016,2019,0,logistic,0.27605092355325894
fold_3,validation,39300,72,2017,2020,0,logistic,0.27184326591459446
fold_3,validation,39300,81,2016,2019,0,logistic,0.1119358525145882
fold_3,validation,39300,81,2017,2020,0,logistic,0.10879964176995834
fold_3,validation,39340,21,2016,2019,1,logistic,0.7456870392722318
fold_3,validation,39340,23,2016,2019,0,logistic,0.06670182913453947
fold_3,validation,39340,23,2017,2020,0,logistic,0.06768696766950177
fold_3,validation,39340,31-33,2016,2019,0,logistic,0.0651690369163286
fold_3,validation,39340,31-33,2017,2020,0,logistic,0.07870754813754177
fold_3,validation,39340,42,2016,2019,0,logistic,0.048540366268715864
fold_3,validation,39340,42,2017,2020,0,logistic,0.04822339543310797
fold_3,validation,39340,44-45,2016,2019,0,logistic,0.04041660655848218
fold_3,validation,39340,44-45,2017,2020,0,logistic,0.03902728529162836
fold_3,validation,39340,54,2016,2019,0,logistic,0.04031478831814394
fold_3,validation,39340,56,2016,2019,0,logistic,0.0849786682494252
fold_3,validation,39340,56,2017,2020,0,logistic,0.06851031944483134
fold_3,validation,40220,44-45,2017,2020,0,logistic,0.1320503054771897
fold_3,validation,40220,54,2016,2019,0,logistic,0.3055417666698728
fold_3,validation,40220,54,2017,2020,1,logistic,0.3037617797467789
fold_3,validation,40380,23,2016,2019,0,logistic,0.12065985731619655
fold_3,validation,40380,23,2017,2020,0,logistic,0.10626900498183836
fold_3,validation,40380,31-33,2016,2019,0,logistic,0.2212082763854094
fold_3,validation,40380,31-33,2017,2020,0,logistic,0.22294552331788747
fold_3,validation,40380,42,2016,2019,1,logistic,0.17291749711080465
fold_3,validation,40380,42,2017,2020,0,logistic,0.2093553211089935
fold_3,validation,40380,44-45,2016,2019,0,logistic,0.11386287975365413
fold_3,validation,40380,44-45,2017,2020,0,logistic,0.14803127014568793
fold_3,validation,40380,51,2016,2019,1,logistic,0.3560522743786635
fold_3,validation,40380,51,2017,2020,0,logistic,0.3500049827667469
fold_3,validation,40380,52,2016,2019,0,logistic,0.15851979663097138
fold_3,validation,40380,52,2017,2020,0,logistic,0.1598869473953112
fold_3,validation,40380,53,2016,2019,0,logistic,0.18766009423733152
fold_3,validation,40380,53,2017,2020,0,logistic,0.15341213212242452
fold_3,validation,40380,56,2016,2019,0,logistic,0.2143774730180494
fold_3,validation,40380,56,2017,2020,0,logistic,0.19255076499861562
fold_3,validation,40380,71,2016,2019,0,logistic,0.33380078690996784
fold_3,validation,40380,71,2017,2020,0,logistic,0.2518769317175213
fold_3,validation,40380,72,2016,2019,0,logistic,0.17886408706114096
fold_3,validation,40380,72,2017,2020,0,logistic,0.2061091771011855
fold_3,validation,40380,81,2016,2019,0,logistic,0.0964094212466066
fold_3,validation,40380,81,2017,2020,0,logistic,0.096639221393051
fold_3,validation,41060,31-33,2016,2019,0,logistic,0.1672545809409985
fold_3,validation,41060,31-33,2017,2020,0,logistic,0.1871953308949332
fold_3,validation,41060,44-45,2016,2019,1,logistic,0.24199041510252803
fold_3,validation,41060,44-45,2017,2020,0,logistic,0.25780924776816333
fold_3,validation,41060,48-49,2016,2019,0,logistic,0.3163320522659584
fold_3,validation,41060,48-49,2017,2020,1,logistic,0.2794328643825999
fold_3,validation,41060,51,2016,2019,0,logistic,0.37696705241067685
fold_3,validation,41060,52,2016,2019,0,logistic,0.24003680120202484
fold_3,validation,41060,52,2017,2020,1,logistic,0.22466642538932355
fold_3,validation,41060,53,2016,2019,0,logistic,0.21777167960465946
fold_3,validation,41060,53,2017,2020,1,logistic,0.26392366046401466
fold_3,validation,41060,56,2016,2019,0,logistic,0.38667105605158614
fold_3,validation,41060,56,2017,2020,0,logistic,0.2777216042942497
fold_3,validation,41060,62,2017,2020,0,logistic,0.12683767362699327
fold_3,validation,41060,71,2017,2020,1,logistic,0.5686970086544381
fold_3,validation,41060,72,2016,2019,1,logistic,0.2592638783335691
fold_3,validation,41060,72,2017,2020,0,logistic,0.33112217476203065
fold_3,validation,41060,81,2016,2019,1,logistic,0.11503336058856975
fold_3,validation,41060,81,2017,2020,0,logistic,0.1482770553089656
fold_3,validation,41620,23,2016,2019,0,logistic,0.12539775739346432
fold_3,validation,41620,23,2017,2020,0,logistic,0.10470613713903548
fold_3,validation,41620,31-33,2016,2019,0,logistic,0.14179650728910412
fold_3,validation,41620,31-33,2017,2020,0,logistic,0.1263834559718878
fold_3,validation,41620,42,2016,2019,0,logistic,0.1599804443067558
fold_3,validation,41620,42,2017,2020,0,logistic,0.17915109983665287
fold_3,validation,41620,44-45,2016,2019,0,logistic,0.08099004516295087
fold_3,validation,41620,44-45,2017,2020,0,logistic,0.0948484089666424
fold_3,validation,41620,48-49,2016,2019,0,logistic,0.2829241528854413
fold_3,validation,41620,48-49,2017,2020,0,logistic,0.2785309327674775
fold_3,validation,41620,52,2016,2019,0,logistic,0.10100139121378669
fold_3,validation,41620,52,2017,2020,0,logistic,0.1285036656119754
fold_3,validation,41620,56,2016,2019,0,logistic,0.17583823562710946
fold_3,validation,41620,56,2017,2020,0,logistic,0.16777581647683598
fold_3,validation,41620,61,2016,2019,0,logistic,0.2603876851791095
fold_3,validation,41620,61,2017,2020,0,logistic,0.18358463915560724
fold_3,validation,41620,62,2016,2019,0,logistic,0.09568859988005007
fold_3,validation,41620,62,2017,2020,0,logistic,0.09606017009063714
fold_3,validation,41620,71,2016,2019,0,logistic,0.10299208254849952
fold_3,validation,41620,71,2017,2020,0,logistic,0.08940212760338287
fold_3,validation,41620,72,2016,2019,0,logistic,0.15449669433009178
fold_3,validation,41620,72,2017,2020,0,logistic,0.15371053703429022
fold_3,validation,41660,21,2016,2019,1,logistic,0.44347881004128015
fold_3,validation,41660,21,2017,2020,0,logistic,0.6767002898261307
fold_3,validation,41660,48-49,2016,2019,0,logistic,0.14326343544756467
fold_3,validation,41660,48-49,2017,2020,0,logistic,0.3619313468013207
fold_3,validation,42100,23,2016,2019,0,logistic,0.11888194406624089
fold_3,validation,42100,23,2017,2020,0,logistic,0.09736209139247955
fold_3,validation,42100,31-33,2016,2019,0,logistic,0.09248555143662053
fold_3,validation,42100,31-33,2017,2020,1,logistic,0.09818687479842848
fold_3,validation,42100,42,2016,2019,1,logistic,0.18930376269712956
fold_3,validation,42100,42,2017,2020,1,logistic,0.14505195526336404
fold_3,validation,42100,44-45,2016,2019,0,logistic,0.17175457080316578
fold_3,validation,42100,44-45,2017,2020,0,logistic,0.14093027582857964
fold_3,validation,42100,51,2016,2019,1,logistic,0.2972078349134103
fold_3,validation,42100,51,2017,2020,0,logistic,0.3093862959607017
fold_3,validation,42100,52,2016,2019,0,logistic,0.2058274888366182
fold_3,validation,42100,52,2017,2020,0,logistic,0.1744434113559646
fold_3,validation,42100,53,2016,2019,0,logistic,0.3369298459359996
fold_3,validation,42100,53,2017,2020,0,logistic,0.3619214004852974
fold_3,validation,42100,54,2016,2019,0,logistic,0.14535919488326304
fold_3,validation,42100,54,2017,2020,0,logistic,0.15907144873219628
fold_3,validation,42100,56,2016,2019,0,logistic,0.36713312431916356
fold_3,validation,42100,56,2017,2020,0,logistic,0.1846188867418075
fold_3,validation,42100,61,2016,2019,1,logistic,0.30823648661968694
fold_3,validation,42100,61,2017,2020,0,logistic,0.4066882595461675
fold_3,validation,42100,62,2016,2019,0,logistic,0.13189628263796374
fold_3,validation,42100,62,2017,2020,0,logistic,0.15615795510009214
fold_3,validation,42100,71,2016,2019,0,logistic,0.29756814896084777
fold_3,validation,42100,71,2017,2020,0,logistic,0.38213123374920327
fold_3,validation,42100,72,2016,2019,1,logistic,0.3036844065366046
fold_3,validation,42100,72,2017,2020,0,logistic,0.3235132805091767
fold_3,validation,42100,81,2016,2019,1,logistic,0.07293308158955608
fold_3,validation,42100,81,2017,2020,0,logistic,0.07496671414537262
fold_3,validation,42140,21,2016,2019,1,logistic,0.7318365017884105
fold_3,validation,42140,21,2017,2020,1,logistic,0.7615896539167224
fold_3,validation,42140,22,2017,2020,0,logistic,0.011209448620934178
fold_3,validation,42140,23,2016,2019,0,logistic,0.13550596525910089
fold_3,validation,42140,23,2017,2020,0,logistic,0.18866127840770724
fold_3,validation,42140,31-33,2016,2019,0,logistic,0.1558806070437399
fold_3,validation,42140,31-33,2017,2020,0,logistic,0.09505856108475848
fold_3,validation,42140,42,2017,2020,1,logistic,0.15199194020129486
fold_3,validation,42140,44-45,2016,2019,0,logistic,0.13792981050234734
fold_3,validation,42140,44-45,2017,2020,0,logistic,0.1546079218135016
fold_3,validation,42140,48-49,2016,2019,0,logistic,0.2870827536339421
fold_3,validation,42140,51,2016,2019,0,logistic,0.22769547963557368
fold_3,validation,42140,51,2017,2020,0,logistic,0.375815326546336
fold_3,validation,42140,52,2016,2019,0,logistic,0.14232767230101384
fold_3,validation,42140,52,2017,2020,0,logistic,0.1827860540953847
fold_3,validation,42140,53,2016,2019,1,logistic,0.3270006650459746
fold_3,validation,42140,53,2017,2020,0,logistic,0.2700189045938924
fold_3,validation,42140,54,2016,2019,0,logistic,0.14803082573308107
fold_3,validation,42140,54,2017,2020,0,logistic,0.1620820906004846
fold_3,validation,42140,55,2017,2020,0,logistic,0.029210662483289098
fold_3,validation,42140,56,2016,2019,1,logistic,0.28743569556571125
fold_3,validation,42140,56,2017,2020,0,logistic,0.2176733622550861
fold_3,validation,42140,61,2016,2019,0,logistic,0.22260674472217318
fold_3,validation,42140,61,2017,2020,1,logistic,0.21864813507179948
fold_3,validation,42140,62,2016,2019,0,logistic,0.14896229212976217
fold_3,validation,42140,62,2017,2020,0,logistic,0.13076590305202268
fold_3,validation,42140,71,2016,2019,1,logistic,0.3857336799578034
fold_3,validation,42140,71,2017,2020,0,logistic,0.194624558347094
fold_3,validation,42140,72,2016,2019,0,logistic,0.3219464234596955
fold_3,validation,42140,72,2017,2020,0,logistic,0.3895753332591067
fold_3,validation,42140,81,2016,2019,0,logistic,0.1147893323127197
fold_3,validation,42140,81,2017,2020,0,logistic,0.1656660505978807
fold_3,validation,42540,23,2016,2019,0,logistic,0.1804869978351651
fold_3,validation,42540,23,2017,2020,0,logistic,0.2070736505040776
fold_3,validation,42540,31-33,2016,2019,0,logistic,0.2165044606103821
fold_3,validation,42540,31-33,2017,2020,1,logistic,0.2390436884144834
fold_3,validation,42540,42,2016,2019,0,logistic,0.20924134178800166
fold_3,validation,42540,42,2017,2020,0,logistic,0.2286905554888592
fold_3,validation,42540,44-45,2016,2019,0,logistic,0.1583752364198102
fold_3,validation,42540,44-45,2017,2020,0,logistic,0.18179296510339263
fold_3,validation,42540,48-49,2016,2019,0,logistic,0.48610133863530064
fold_3,validation,42540,48-49,2017,2020,0,logistic,0.5484192992108747
fold_3,validation,42540,52,2016,2019,0,logistic,0.24361305427243005
fold_3,validation,42540,52,2017,2020,0,logistic,0.25796551117894573
fold_3,validation,42540,53,2016,2019,1,logistic,0.3207930659406866
fold_3,validation,42540,53,2017,2020,0,logistic,0.2624616904625418
fold_3,validation,42540,56,2016,2019,1,logistic,0.30816368545469564
fold_3,validation,42540,56,2017,2020,0,logistic,0.379971983887372
fold_3,validation,42540,71,2016,2019,1,logistic,0.5853791823771068
fold_3,validation,42540,71,2017,2020,0,logistic,0.43560735495673236
fold_3,validation,42540,72,2016,2019,0,logistic,0.24208746738446502
fold_3,validation,42540,72,2017,2020,0,logistic,0.2485774427187566
fold_3,validation,42540,81,2016,2019,0,logistic,0.1343229639661559
fold_3,validation,42540,81,2017,2020,0,logistic,0.14202840424815866
fold_3,validation,43340,21,2016,2019,0,logistic,0.3931227571341341
fold_3,validation,43340,21,2017,2020,0,logistic,0.5159711427211451
fold_3,validation,43340,22,2017,2020,0,logistic,0.010523126200828204
fold_3,validation,43340,42,2016,2019,0,logistic,0.20330930567981723
fold_3,validation,43340,42,2017,2020,0,logistic,0.2106111263629974
fold_3,validation,43340,44-45,2016,2019,0,logistic,0.14353597107211238
fold_3,validation,43340,44-45,2017,2020,0,logistic,0.1543742566825703
fold_3,validation,43340,48-49,2016,2019,0,logistic,0.2658637267306152
fold_3,validation,43340,48-49,2017,2020,1,logistic,0.29346366964387793
fold_3,validation,43340,51,2016,2019,0,logistic,0.18480611800724936
fold_3,validation,43340,51,2017,2020,0,logistic,0.18115323013199514
fold_3,validation,43340,52,2016,2019,0,logistic,0.2578712688369133
fold_3,validation,43340,52,2017,2020,0,logistic,0.24098458337771994
fold_3,validation,43340,53,2016,2019,0,logistic,0.26640132830632046
fold_3,validation,43340,53,2017,2020,0,logistic,0.21470353557919372
fold_3,validation,43340,54,2016,2019,0,logistic,0.22939515613817366
fold_3,validation,43340,54,2017,2020,0,logistic,0.22715893471809773
fold_3,validation,43340,55,2016,2019,0,logistic,0.028915380412560605
fold_3,validation,43340,55,2017,2020,0,logistic,0.032945662514101505
fold_3,validation,43340,56,2016,2019,0,logistic,0.25842780306274227
fold_3,validation,43340,56,2017,2020,0,logistic,0.2630472772398326
fold_3,validation,43340,71,2016,2019,0,logistic,0.3393403294723249
fold_3,validation,43340,71,2017,2020,1,logistic,0.12512868749851228
fold_3,validation,43340,72,2016,2019,0,logistic,0.21956974843425967
fold_3,validation,43340,72,2017,2020,0,logistic,0.25641510380798577
fold_3,validation,43340,81,2016,2019,0,logistic,0.13780461514654727
fold_3,validation,43340,81,2017,2020,0,logistic,0.14606444745223818
fold_3,validation,44060,11,2016,2019,0,logistic,0.0903048219995386
fold_3,validation,44060,23,2016,2019,0,logistic,0.061317619992692265
fold_3,validation,44060,23,2017,2020,0,logistic,0.07007901369363072
fold_3,validation,44060,31-33,2016,2019,0,logistic,0.12824833340787245
fold_3,validation,44060,31-33,2017,2020,0,logistic,0.1454019088824325
fold_3,validation,44060,44-45,2016,2019,1,logistic,0.1354015786866933
fold_3,validation,44060,44-45,2017,2020,0,logistic,0.12857509745987394
fold_3,validation,44060,48-49,2017,2020,1,logistic,0.25016011304492264
fold_3,validation,44060,51,2016,2019,0,logistic,0.28789596569070375
fold_3,validation,44060,51,2017,2020,0,logistic,0.3036334576887164
fold_3,validation,44060,52,2016,2019,0,logistic,0.1342953146127845
fold_3,validation,44060,52,2017,2020,0,logistic,0.17996002397851815
fold_3,validation,44060,53,2016,2019,0,logistic,0.18555663884538784
fold_3,validation,44060,53,2017,2020,0,logistic,0.15538851525834022
fold_3,validation,44060,61,2016,2019,1,logistic,0.13585612530717858
fold_3,validation,44060,61,2017,2020,0,logistic,0.27309090084224014
fold_3,validation,44060,62,2016,2019,0,logistic,0.10798389072307947
fold_3,validation,44060,62,2017,2020,0,logistic,0.11566090386198628
fold_3,validation,44060,71,2016,2019,0,logistic,0.12042790471706258
fold_3,validation,44060,71,2017,2020,0,logistic,0.21721668362218216
fold_3,validation,44060,72,2016,2019,0,logistic,0.18513855373517074
fold_3,validation,44060,72,2017,2020,0,logistic,0.20611056329730107
fold_3,validation,44060,81,2016,2019,0,logistic,0.08388728019551797
fold_3,validation,44060,81,2017,2020,0,logistic,0.08781126470610463
fold_3,validation,44100,23,2016,2019,1,logistic,0.16773904212646987
fold_3,validation,44100,23,2017,2020,1,logistic,0.21358706234787664
fold_3,validation,44100,31-33,2016,2019,0,logistic,0.1935893342005088
fold_3,validation,44100,42,2016,2019,0,logistic,0.21827137136465002
fold_3,validation,44100,42,2017,2020,1,logistic,0.23025438702313814
fold_3,validation,44100,44-45,2016,2019,1,logistic,0.16143227886854247
fold_3,validation,44100,44-45,2017,2020,0,logistic,0.16161757557028897
fold_3,validation,44100,54,2016,2019,1,logistic,0.30297012543885754
fold_3,validation,44100,54,2017,2020,0,logistic,0.34545159056996544
fold_3,validation,44100,56,2016,2019,1,logistic,0.3178264232081138
fold_3,validation,44100,56,2017,2020,0,logistic,0.2470531648169046
fold_3,validation,44100,72,2016,2019,0,logistic,0.26112262386242163
fold_3,validation,44100,72,2017,2020,1,logistic,0.24801599312527225
fold_3,validation,44100,81,2016,2019,0,logistic,0.18133553945470118
fold_3,validation,44100,81,2017,2020,0,logistic,0.21222826712886603
fold_3,validation,44220,21,2016,2019,0,logistic,0.6822202184222573
fold_3,validation,44220,21,2017,2020,0,logistic,0.7141697897648952
fold_3,validation,44220,23,2016,2019,0,logistic,0.2790997989470087
fold_3,validation,44220,23,2017,2020,1,logistic,0.2396572429132546
fold_3,validation,44220,44-45,2016,2019,0,logistic,0.2192598759894902
fold_3,validation,44220,44-45,2017,2020,0,logistic,0.1522282774607142
fold_3,validation,44220,48-49,2016,2019,1,logistic,0.5004385041574706
fold_3,validation,44220,48-49,2017,2020,0,logistic,0.38394800629026826
fold_3,validation,44220,54,2016,2019,0,logistic,0.3290177415229039
fold_3,validation,44220,54,2017,2020,0,logistic,0.3474420324391692
fold_3,validation,44220,55,2016,2019,0,logistic,0.02801060802206432
fold_3,validation,44220,55,2017,2020,0,logistic,0.03058003555843062
fold_3,validation,44220,56,2016,2019,1,logistic,0.19408697638732936
fold_3,validation,44220,56,2017,2020,0,logistic,0.1611264796118381
fold_3,validation,44220,62,2016,2019,1,logistic,0.1776101870593128
fold_3,validation,44220,62,2017,2020,1,logistic,0.22538544909834382
fold_3,validation,44220,72,2016,2019,0,logistic,0.4016831908043143
fold_3,validation,44220,72,2017,2020,1,logistic,0.37529904011021986
fold_3,validation,44220,81,2016,2019,0,logistic,0.15157781741373716
fold_3,validation,44220,81,2017,2020,0,logistic,0.1698786117404917
fold_3,validation,44300,22,2016,2019,0,logistic,0.009568557811348867
fold_3,validation,44300,22,2017,2020,0,logistic,0.010154341140081277
fold_3,validation,44300,23,2016,2019,0,logistic,0.1767800610024349
fold_3,validation,44300,23,2017,2020,0,logistic,0.19793282217395397
fold_3,validation,44300,31-33,2016,2019,1,logistic,0.11858186313222732
fold_3,validation,44300,31-33,2017,2020,1,logistic,0.13282750781138086
fold_3,validation,44300,44-45,2016,2019,0,logistic,0.23653104567713942
fold_3,validation,44300,44-45,2017,2020,0,logistic,0.21347730011978452
fold_3,validation,44300,48-49,2016,2019,1,logistic,0.47191210550710694
fold_3,validation,44300,48-49,2017,2020,1,logistic,0.7094513847319509
fold_3,validation,44300,53,2016,2019,0,logistic,0.46721181389109084
fold_3,validation,44300,53,2017,2020,1,logistic,0.28056265016126286
fold_3,validation,44300,54,2016,2019,0,logistic,0.2498852562763299
fold_3,validation,44300,54,2017,2020,1,logistic,0.23835635897548962
fold_3,validation,44300,55,2016,2019,0,logistic,0.02755345146582154
fold_3,validation,44300,56,2016,2019,1,logistic,0.25377336843822546
fold_3,validation,44300,62,2016,2019,0,logistic,0.10229898265915856
fold_3,validation,44300,62,2017,2020,0,logistic,0.14165026325158597
fold_3,validation,44300,71,2016,2019,1,logistic,0.1291018496565051
fold_3,validation,44300,71,2017,2020,1,logistic,0.2914247254902268
fold_3,validation,44300,72,2016,2019,0,logistic,0.1835893891833516
fold_3,validation,44300,72,2017,2020,1,logistic,0.23793113444748096
fold_3,validation,44300,81,2016,2019,0,logistic,0.12567572697656634
fold_3,validation,44300,81,2017,2020,0,logistic,0.1372345160333867
fold_3,validation,45460,23,2016,2019,0,logistic,0.2651535280423022
fold_3,validation,45460,23,2017,2020,1,logistic,0.20610799783679903
fold_3,validation,45460,31-33,2016,2019,1,logistic,0.2066572203490203
fold_3,validation,45460,31-33,2017,2020,0,logistic,0.22350421351761512
fold_3,validation,45460,44-45,2016,2019,0,logistic,0.20499984891126438
fold_3,validation,45460,44-45,2017,2020,0,logistic,0.18162472568112087
fold_3,validation,45460,48-49,2016,2019,1,logistic,0.3461241162632629
fold_3,validation,45460,48-49,2017,2020,0,logistic,0.3539471369193678
fold_3,validation,45460,81,2016,2019,0,logistic,0.18264014458007394
fold_3,validation,45460,81,2017,2020,0,logistic,0.20031715113165724
fold_3,validation,47260,44-45,2016,2019,0,logistic,0.11013124482301734
fold_3,validation,47260,44-45,2017,2020,0,logistic,0.10992852200107202
fold_3,validation,47260,81,2016,2019,0,logistic,0.0898821526343563
fold_3,validation,47260,81,2017,2020,0,logistic,0.08837276606774225
fold_3,validation,47940,23,2016,2019,0,logistic,0.25154230686336654
fold_3,validation,47940,23,2017,2020,0,logistic,0.2034373170819677
fold_3,validation,47940,44-45,2016,2019,0,logistic,0.18540885242548644
fold_3,validation,47940,44-45,2017,2020,0,logistic,0.21735072983659864
fold_3,validation,47940,51,2017,2020,1,logistic,0.5483915663260521
fold_3,validation,47940,71,2016,2019,0,logistic,0.49237109828827375
fold_3,validation,47940,71,2017,2020,0,logistic,0.4429469625102598
fold_3,validation,47940,72,2016,2019,1,logistic,0.3396539810978033
fold_3,validation,47940,72,2017,2020,0,logistic,0.39044508955225654
fold_3,validation,47940,81,2016,2019,1,logistic,0.1662592882403862
fold_3,validation,47940,81,2017,2020,0,logistic,0.1891887505576455
fold_3,validation,48260,44-45,2016,2019,1,logistic,0.21731688917405592
fold_3,validation,48260,44-45,2017,2020,0,logistic,0.2218178759632054
fold_3,validation,48260,48-49,2016,2019,0,logistic,0.4080353809387711
fold_3,validation,48260,72,2016,2019,1,logistic,0.376292818701828
fold_3,validation,48260,72,2017,2020,1,logistic,0.3403706002965821
fold_3,validation,48260,81,2016,2019,1,logistic,0.16587764568727273
fold_3,validation,48260,81,2017,2020,0,logistic,0.15975195567333914
fold_3,validation,48300,23,2016,2019,0,logistic,0.030294228069536976
fold_3,validation,48300,23,2017,2020,0,logistic,0.04416917641385757
fold_3,validation,48300,31-33,2016,2019,0,logistic,0.11340814388763584
fold_3,validation,48300,31-33,2017,2020,0,logistic,0.15193561642212444
fold_3,validation,48300,42,2016,2019,1,logistic,0.10902434290339622
fold_3,validation,48300,42,2017,2020,0,logistic,0.14732189474144275
fold_3,validation,48300,44-45,2016,2019,0,logistic,0.1460336881156716
fold_3,validation,48300,44-45,2017,2020,0,logistic,0.2124896817394224
fold_3,validation,48300,52,2016,2019,0,logistic,0.16859284757354343
fold_3,validation,48300,52,2017,2020,1,logistic,0.20744786906806373
fold_3,validation,48300,53,2016,2019,0,logistic,0.2344450025917409
fold_3,validation,48300,53,2017,2020,0,logistic,0.13907226611470652
fold_3,validation,48300,56,2016,2019,0,logistic,0.1661902440362541
fold_3,validation,48300,56,2017,2020,0,logistic,0.18517264883899387
fold_3,validation,48300,62,2016,2019,0,logistic,0.1346552156695777
fold_3,validation,48300,62,2017,2020,0,logistic,0.15595785467158044
fold_3,validation,48300,71,2016,2019,0,logistic,0.4472242112121722
fold_3,validation,48300,71,2017,2020,1,logistic,0.46240232849587803
fold_3,validation,48300,72,2016,2019,0,logistic,0.17579862230401494
fold_3,validation,48300,72,2017,2020,0,logistic,0.22986199197286913
fold_3,validation,48300,81,2016,2019,0,logistic,0.10958019631576985
fold_3,validation,48300,81,2017,2020,1,logistic,0.13408874367017407
fold_3,validation,49180,23,2016,2019,0,logistic,0.11541273724233259
fold_3,validation,49180,23,2017,2020,0,logistic,0.11515642291673081
fold_3,validation,49180,31-33,2016,2019,0,logistic,0.2070266939566142
fold_3,validation,49180,31-33,2017,2020,0,logistic,0.22327839240600475
fold_3,validation,49180,44-45,2016,2019,0,logistic,0.13645031344608602
fold_3,validation,49180,44-45,2017,2020,0,logistic,0.14034803665736006
fold_3,validation,49180,52,2016,2019,0,logistic,0.14280415101143615
fold_3,validation,49180,52,2017,2020,0,logistic,0.21329797327071437
fold_3,validation,49180,56,2016,2019,0,logistic,0.20036357981025205
fold_3,validation,49180,56,2017,2020,0,logistic,0.20593358313649016
fold_3,validation,49180,71,2016,2019,1,logistic,0.2679011673232308
fold_3,validation,49180,71,2017,2020,0,logistic,0.23244142339535204
fold_3,validation,49180,72,2016,2019,0,logistic,0.1799038189574479
fold_3,validation,49180,72,2017,2020,0,logistic,0.2184691940455405
